count,event_id,op_name,op_schema
8,input1_layer0,add.Tensor,"aten::add.Tensor(Tensor self, Tensor other, *, Scalar alpha=1) -> Tensor"
2,input1_layer0,cat.default,"aten::cat(Tensor[] tensors, int dim=0) -> Tensor"
1,input1_layer0,contiguous.default,"aten::contiguous(Tensor(a) self, *, MemoryFormat memory_format=0) -> Tensor(a)"
1,input1_layer0,copy_.default,"aten::copy_(Tensor(a!) self, Tensor src, bool non_blocking=False) -> Tensor(a!)"
1,input1_layer0,div.Tensor,"aten::div.Tensor(Tensor self, Tensor other) -> Tensor"
1,input1_layer0,dropout.default,"aten::dropout(Tensor input, float p, bool train) -> Tensor"
1,input1_layer0,fill_.Tensor,"aten::fill_.Tensor(Tensor(a!) self, Tensor value) -> Tensor(a!)"
3,input1_layer0,gt.Scalar,"aten::gt.Scalar(Tensor self, Scalar other) -> Tensor"
2,input1_layer0,index.Tensor,"aten::index.Tensor(Tensor self, Tensor?[] indices) -> Tensor"
3,input1_layer0,is_nonzero.default,aten::is_nonzero(Tensor self) -> bool
6,input1_layer0,item.default,aten::item(Tensor self) -> Scalar
1,input1_layer0,lift_fresh.default,aten::lift_fresh(Tensor(a) self) -> Tensor(a)
7,input1_layer0,linear.default,"aten::linear(Tensor input, Tensor weight, Tensor? bias=None) -> Tensor"
2,input1_layer0,matmul.default,"aten::matmul(Tensor self, Tensor other) -> Tensor"
2,input1_layer0,mean.dim,"aten::mean.dim(Tensor self, int[1]? dim, bool keepdim=False, *, ScalarType? dtype=None) -> Tensor"
9,input1_layer0,mul.Tensor,"aten::mul.Tensor(Tensor self, Tensor other) -> Tensor"
2,input1_layer0,neg.default,aten::neg(Tensor self) -> Tensor
2,input1_layer0,pow.Tensor_Scalar,"aten::pow.Tensor_Scalar(Tensor self, Scalar exponent) -> Tensor"
1,input1_layer0,reshape.default,"aten::reshape(Tensor(a) self, SymInt[] shape) -> Tensor(a)"
2,input1_layer0,rsqrt.default,aten::rsqrt(Tensor self) -> Tensor
3,input1_layer0,select.int,"aten::select.int(Tensor(a) self, int dim, SymInt index) -> Tensor(a)"
1,input1_layer0,silu.default,aten::silu(Tensor self) -> Tensor
11,input1_layer0,slice.Tensor,"aten::slice.Tensor(Tensor(a) self, int dim=0, SymInt? start=None, SymInt? end=None, SymInt step=1) -> Tensor(a)"
1,input1_layer0,softmax.int,"aten::softmax.int(Tensor self, int dim, ScalarType? dtype=None) -> Tensor"
1,input1_layer0,sum.dim_IntList,"aten::sum.dim_IntList(Tensor self, int[1]? dim, bool keepdim=False, *, ScalarType? dtype=None) -> Tensor"
7,input1_layer0,to.dtype,"aten::to.dtype(Tensor(a) self, ScalarType dtype, bool non_blocking=False, bool copy=False, MemoryFormat? memory_format=None) -> Tensor(a)"
5,input1_layer0,transpose.int,"aten::transpose.int(Tensor(a) self, int dim0, int dim1) -> Tensor(a)"
2,input1_layer0,unsqueeze.default,"aten::unsqueeze(Tensor(a) self, int dim) -> Tensor(a)"
3,input1_layer0,view.default,"aten::view(Tensor(a) self, SymInt[] size) -> Tensor(a)"
9,input1_layer10,add.Tensor,"aten::add.Tensor(Tensor self, Tensor other, *, Scalar alpha=1) -> Tensor"
1,input1_layer10,any.default,aten::any(Tensor self) -> Tensor
2,input1_layer10,cat.default,"aten::cat(Tensor[] tensors, int dim=0) -> Tensor"
2,input1_layer10,contiguous.default,"aten::contiguous(Tensor(a) self, *, MemoryFormat memory_format=0) -> Tensor(a)"
1,input1_layer10,cosine_similarity.default,"aten::cosine_similarity(Tensor x1, Tensor x2, int dim=1, float eps=1e-08) -> Tensor"
1,input1_layer10,div.Tensor,"aten::div.Tensor(Tensor self, Tensor other) -> Tensor"
1,input1_layer10,dropout.default,"aten::dropout(Tensor input, float p, bool train) -> Tensor"
1,input1_layer10,eq.Scalar,"aten::eq.Scalar(Tensor self, Scalar other) -> Tensor"
2,input1_layer10,gt.Scalar,"aten::gt.Scalar(Tensor self, Scalar other) -> Tensor"
2,input1_layer10,index.Tensor,"aten::index.Tensor(Tensor self, Tensor?[] indices) -> Tensor"
3,input1_layer10,is_nonzero.default,aten::is_nonzero(Tensor self) -> bool
4,input1_layer10,item.default,aten::item(Tensor self) -> Scalar
7,input1_layer10,linear.default,"aten::linear(Tensor input, Tensor weight, Tensor? bias=None) -> Tensor"
1,input1_layer10,lt.Scalar,"aten::lt.Scalar(Tensor self, Scalar other) -> Tensor"
2,input1_layer10,matmul.default,"aten::matmul(Tensor self, Tensor other) -> Tensor"
2,input1_layer10,mean.dim,"aten::mean.dim(Tensor self, int[1]? dim, bool keepdim=False, *, ScalarType? dtype=None) -> Tensor"
10,input1_layer10,mul.Tensor,"aten::mul.Tensor(Tensor self, Tensor other) -> Tensor"
2,input1_layer10,neg.default,aten::neg(Tensor self) -> Tensor
1,input1_layer10,permute.default,"aten::permute(Tensor(a) self, int[] dims) -> Tensor(a)"
2,input1_layer10,pow.Tensor_Scalar,"aten::pow.Tensor_Scalar(Tensor self, Scalar exponent) -> Tensor"
1,input1_layer10,reshape.default,"aten::reshape(Tensor(a) self, SymInt[] shape) -> Tensor(a)"
2,input1_layer10,rsqrt.default,aten::rsqrt(Tensor self) -> Tensor
6,input1_layer10,select.int,"aten::select.int(Tensor(a) self, int dim, SymInt index) -> Tensor(a)"
1,input1_layer10,silu.default,aten::silu(Tensor self) -> Tensor
7,input1_layer10,slice.Tensor,"aten::slice.Tensor(Tensor(a) self, int dim=0, SymInt? start=None, SymInt? end=None, SymInt step=1) -> Tensor(a)"
1,input1_layer10,softmax.int,"aten::softmax.int(Tensor self, int dim, ScalarType? dtype=None) -> Tensor"
1,input1_layer10,squeeze.dim,"aten::squeeze.dim(Tensor(a) self, int dim) -> Tensor(a)"
1,input1_layer10,sub.Tensor,"aten::sub.Tensor(Tensor self, Tensor other, *, Scalar alpha=1) -> Tensor"
7,input1_layer10,to.dtype,"aten::to.dtype(Tensor(a) self, ScalarType dtype, bool non_blocking=False, bool copy=False, MemoryFormat? memory_format=None) -> Tensor(a)"
5,input1_layer10,transpose.int,"aten::transpose.int(Tensor(a) self, int dim0, int dim1) -> Tensor(a)"
5,input1_layer10,unsqueeze.default,"aten::unsqueeze(Tensor(a) self, int dim) -> Tensor(a)"
4,input1_layer10,view.default,"aten::view(Tensor(a) self, SymInt[] size) -> Tensor(a)"
9,input1_layer11,add.Tensor,"aten::add.Tensor(Tensor self, Tensor other, *, Scalar alpha=1) -> Tensor"
1,input1_layer11,any.default,aten::any(Tensor self) -> Tensor
2,input1_layer11,cat.default,"aten::cat(Tensor[] tensors, int dim=0) -> Tensor"
2,input1_layer11,contiguous.default,"aten::contiguous(Tensor(a) self, *, MemoryFormat memory_format=0) -> Tensor(a)"
1,input1_layer11,cosine_similarity.default,"aten::cosine_similarity(Tensor x1, Tensor x2, int dim=1, float eps=1e-08) -> Tensor"
1,input1_layer11,div.Tensor,"aten::div.Tensor(Tensor self, Tensor other) -> Tensor"
1,input1_layer11,dropout.default,"aten::dropout(Tensor input, float p, bool train) -> Tensor"
1,input1_layer11,eq.Scalar,"aten::eq.Scalar(Tensor self, Scalar other) -> Tensor"
2,input1_layer11,gt.Scalar,"aten::gt.Scalar(Tensor self, Scalar other) -> Tensor"
2,input1_layer11,index.Tensor,"aten::index.Tensor(Tensor self, Tensor?[] indices) -> Tensor"
3,input1_layer11,is_nonzero.default,aten::is_nonzero(Tensor self) -> bool
4,input1_layer11,item.default,aten::item(Tensor self) -> Scalar
7,input1_layer11,linear.default,"aten::linear(Tensor input, Tensor weight, Tensor? bias=None) -> Tensor"
1,input1_layer11,lt.Scalar,"aten::lt.Scalar(Tensor self, Scalar other) -> Tensor"
2,input1_layer11,matmul.default,"aten::matmul(Tensor self, Tensor other) -> Tensor"
2,input1_layer11,mean.dim,"aten::mean.dim(Tensor self, int[1]? dim, bool keepdim=False, *, ScalarType? dtype=None) -> Tensor"
10,input1_layer11,mul.Tensor,"aten::mul.Tensor(Tensor self, Tensor other) -> Tensor"
2,input1_layer11,neg.default,aten::neg(Tensor self) -> Tensor
1,input1_layer11,permute.default,"aten::permute(Tensor(a) self, int[] dims) -> Tensor(a)"
2,input1_layer11,pow.Tensor_Scalar,"aten::pow.Tensor_Scalar(Tensor self, Scalar exponent) -> Tensor"
1,input1_layer11,reshape.default,"aten::reshape(Tensor(a) self, SymInt[] shape) -> Tensor(a)"
2,input1_layer11,rsqrt.default,aten::rsqrt(Tensor self) -> Tensor
6,input1_layer11,select.int,"aten::select.int(Tensor(a) self, int dim, SymInt index) -> Tensor(a)"
1,input1_layer11,silu.default,aten::silu(Tensor self) -> Tensor
7,input1_layer11,slice.Tensor,"aten::slice.Tensor(Tensor(a) self, int dim=0, SymInt? start=None, SymInt? end=None, SymInt step=1) -> Tensor(a)"
1,input1_layer11,softmax.int,"aten::softmax.int(Tensor self, int dim, ScalarType? dtype=None) -> Tensor"
1,input1_layer11,squeeze.dim,"aten::squeeze.dim(Tensor(a) self, int dim) -> Tensor(a)"
1,input1_layer11,sub.Tensor,"aten::sub.Tensor(Tensor self, Tensor other, *, Scalar alpha=1) -> Tensor"
7,input1_layer11,to.dtype,"aten::to.dtype(Tensor(a) self, ScalarType dtype, bool non_blocking=False, bool copy=False, MemoryFormat? memory_format=None) -> Tensor(a)"
5,input1_layer11,transpose.int,"aten::transpose.int(Tensor(a) self, int dim0, int dim1) -> Tensor(a)"
5,input1_layer11,unsqueeze.default,"aten::unsqueeze(Tensor(a) self, int dim) -> Tensor(a)"
4,input1_layer11,view.default,"aten::view(Tensor(a) self, SymInt[] size) -> Tensor(a)"
9,input1_layer12,add.Tensor,"aten::add.Tensor(Tensor self, Tensor other, *, Scalar alpha=1) -> Tensor"
1,input1_layer12,any.default,aten::any(Tensor self) -> Tensor
2,input1_layer12,cat.default,"aten::cat(Tensor[] tensors, int dim=0) -> Tensor"
2,input1_layer12,contiguous.default,"aten::contiguous(Tensor(a) self, *, MemoryFormat memory_format=0) -> Tensor(a)"
1,input1_layer12,cosine_similarity.default,"aten::cosine_similarity(Tensor x1, Tensor x2, int dim=1, float eps=1e-08) -> Tensor"
1,input1_layer12,div.Tensor,"aten::div.Tensor(Tensor self, Tensor other) -> Tensor"
1,input1_layer12,dropout.default,"aten::dropout(Tensor input, float p, bool train) -> Tensor"
1,input1_layer12,eq.Scalar,"aten::eq.Scalar(Tensor self, Scalar other) -> Tensor"
2,input1_layer12,gt.Scalar,"aten::gt.Scalar(Tensor self, Scalar other) -> Tensor"
2,input1_layer12,index.Tensor,"aten::index.Tensor(Tensor self, Tensor?[] indices) -> Tensor"
3,input1_layer12,is_nonzero.default,aten::is_nonzero(Tensor self) -> bool
4,input1_layer12,item.default,aten::item(Tensor self) -> Scalar
7,input1_layer12,linear.default,"aten::linear(Tensor input, Tensor weight, Tensor? bias=None) -> Tensor"
1,input1_layer12,lt.Scalar,"aten::lt.Scalar(Tensor self, Scalar other) -> Tensor"
2,input1_layer12,matmul.default,"aten::matmul(Tensor self, Tensor other) -> Tensor"
2,input1_layer12,mean.dim,"aten::mean.dim(Tensor self, int[1]? dim, bool keepdim=False, *, ScalarType? dtype=None) -> Tensor"
10,input1_layer12,mul.Tensor,"aten::mul.Tensor(Tensor self, Tensor other) -> Tensor"
2,input1_layer12,neg.default,aten::neg(Tensor self) -> Tensor
1,input1_layer12,permute.default,"aten::permute(Tensor(a) self, int[] dims) -> Tensor(a)"
2,input1_layer12,pow.Tensor_Scalar,"aten::pow.Tensor_Scalar(Tensor self, Scalar exponent) -> Tensor"
1,input1_layer12,reshape.default,"aten::reshape(Tensor(a) self, SymInt[] shape) -> Tensor(a)"
2,input1_layer12,rsqrt.default,aten::rsqrt(Tensor self) -> Tensor
6,input1_layer12,select.int,"aten::select.int(Tensor(a) self, int dim, SymInt index) -> Tensor(a)"
1,input1_layer12,silu.default,aten::silu(Tensor self) -> Tensor
7,input1_layer12,slice.Tensor,"aten::slice.Tensor(Tensor(a) self, int dim=0, SymInt? start=None, SymInt? end=None, SymInt step=1) -> Tensor(a)"
1,input1_layer12,softmax.int,"aten::softmax.int(Tensor self, int dim, ScalarType? dtype=None) -> Tensor"
1,input1_layer12,squeeze.dim,"aten::squeeze.dim(Tensor(a) self, int dim) -> Tensor(a)"
1,input1_layer12,sub.Tensor,"aten::sub.Tensor(Tensor self, Tensor other, *, Scalar alpha=1) -> Tensor"
7,input1_layer12,to.dtype,"aten::to.dtype(Tensor(a) self, ScalarType dtype, bool non_blocking=False, bool copy=False, MemoryFormat? memory_format=None) -> Tensor(a)"
5,input1_layer12,transpose.int,"aten::transpose.int(Tensor(a) self, int dim0, int dim1) -> Tensor(a)"
5,input1_layer12,unsqueeze.default,"aten::unsqueeze(Tensor(a) self, int dim) -> Tensor(a)"
4,input1_layer12,view.default,"aten::view(Tensor(a) self, SymInt[] size) -> Tensor(a)"
9,input1_layer13,add.Tensor,"aten::add.Tensor(Tensor self, Tensor other, *, Scalar alpha=1) -> Tensor"
1,input1_layer13,any.default,aten::any(Tensor self) -> Tensor
2,input1_layer13,cat.default,"aten::cat(Tensor[] tensors, int dim=0) -> Tensor"
2,input1_layer13,contiguous.default,"aten::contiguous(Tensor(a) self, *, MemoryFormat memory_format=0) -> Tensor(a)"
1,input1_layer13,cosine_similarity.default,"aten::cosine_similarity(Tensor x1, Tensor x2, int dim=1, float eps=1e-08) -> Tensor"
1,input1_layer13,div.Tensor,"aten::div.Tensor(Tensor self, Tensor other) -> Tensor"
1,input1_layer13,dropout.default,"aten::dropout(Tensor input, float p, bool train) -> Tensor"
1,input1_layer13,eq.Scalar,"aten::eq.Scalar(Tensor self, Scalar other) -> Tensor"
2,input1_layer13,gt.Scalar,"aten::gt.Scalar(Tensor self, Scalar other) -> Tensor"
2,input1_layer13,index.Tensor,"aten::index.Tensor(Tensor self, Tensor?[] indices) -> Tensor"
3,input1_layer13,is_nonzero.default,aten::is_nonzero(Tensor self) -> bool
4,input1_layer13,item.default,aten::item(Tensor self) -> Scalar
7,input1_layer13,linear.default,"aten::linear(Tensor input, Tensor weight, Tensor? bias=None) -> Tensor"
1,input1_layer13,lt.Scalar,"aten::lt.Scalar(Tensor self, Scalar other) -> Tensor"
2,input1_layer13,matmul.default,"aten::matmul(Tensor self, Tensor other) -> Tensor"
2,input1_layer13,mean.dim,"aten::mean.dim(Tensor self, int[1]? dim, bool keepdim=False, *, ScalarType? dtype=None) -> Tensor"
10,input1_layer13,mul.Tensor,"aten::mul.Tensor(Tensor self, Tensor other) -> Tensor"
2,input1_layer13,neg.default,aten::neg(Tensor self) -> Tensor
1,input1_layer13,permute.default,"aten::permute(Tensor(a) self, int[] dims) -> Tensor(a)"
2,input1_layer13,pow.Tensor_Scalar,"aten::pow.Tensor_Scalar(Tensor self, Scalar exponent) -> Tensor"
1,input1_layer13,reshape.default,"aten::reshape(Tensor(a) self, SymInt[] shape) -> Tensor(a)"
2,input1_layer13,rsqrt.default,aten::rsqrt(Tensor self) -> Tensor
6,input1_layer13,select.int,"aten::select.int(Tensor(a) self, int dim, SymInt index) -> Tensor(a)"
1,input1_layer13,silu.default,aten::silu(Tensor self) -> Tensor
7,input1_layer13,slice.Tensor,"aten::slice.Tensor(Tensor(a) self, int dim=0, SymInt? start=None, SymInt? end=None, SymInt step=1) -> Tensor(a)"
1,input1_layer13,softmax.int,"aten::softmax.int(Tensor self, int dim, ScalarType? dtype=None) -> Tensor"
1,input1_layer13,squeeze.dim,"aten::squeeze.dim(Tensor(a) self, int dim) -> Tensor(a)"
1,input1_layer13,sub.Tensor,"aten::sub.Tensor(Tensor self, Tensor other, *, Scalar alpha=1) -> Tensor"
7,input1_layer13,to.dtype,"aten::to.dtype(Tensor(a) self, ScalarType dtype, bool non_blocking=False, bool copy=False, MemoryFormat? memory_format=None) -> Tensor(a)"
5,input1_layer13,transpose.int,"aten::transpose.int(Tensor(a) self, int dim0, int dim1) -> Tensor(a)"
5,input1_layer13,unsqueeze.default,"aten::unsqueeze(Tensor(a) self, int dim) -> Tensor(a)"
4,input1_layer13,view.default,"aten::view(Tensor(a) self, SymInt[] size) -> Tensor(a)"
9,input1_layer14,add.Tensor,"aten::add.Tensor(Tensor self, Tensor other, *, Scalar alpha=1) -> Tensor"
1,input1_layer14,any.default,aten::any(Tensor self) -> Tensor
2,input1_layer14,cat.default,"aten::cat(Tensor[] tensors, int dim=0) -> Tensor"
2,input1_layer14,contiguous.default,"aten::contiguous(Tensor(a) self, *, MemoryFormat memory_format=0) -> Tensor(a)"
1,input1_layer14,cosine_similarity.default,"aten::cosine_similarity(Tensor x1, Tensor x2, int dim=1, float eps=1e-08) -> Tensor"
1,input1_layer14,div.Tensor,"aten::div.Tensor(Tensor self, Tensor other) -> Tensor"
1,input1_layer14,dropout.default,"aten::dropout(Tensor input, float p, bool train) -> Tensor"
1,input1_layer14,eq.Scalar,"aten::eq.Scalar(Tensor self, Scalar other) -> Tensor"
2,input1_layer14,gt.Scalar,"aten::gt.Scalar(Tensor self, Scalar other) -> Tensor"
2,input1_layer14,index.Tensor,"aten::index.Tensor(Tensor self, Tensor?[] indices) -> Tensor"
3,input1_layer14,is_nonzero.default,aten::is_nonzero(Tensor self) -> bool
4,input1_layer14,item.default,aten::item(Tensor self) -> Scalar
7,input1_layer14,linear.default,"aten::linear(Tensor input, Tensor weight, Tensor? bias=None) -> Tensor"
1,input1_layer14,lt.Scalar,"aten::lt.Scalar(Tensor self, Scalar other) -> Tensor"
2,input1_layer14,matmul.default,"aten::matmul(Tensor self, Tensor other) -> Tensor"
2,input1_layer14,mean.dim,"aten::mean.dim(Tensor self, int[1]? dim, bool keepdim=False, *, ScalarType? dtype=None) -> Tensor"
10,input1_layer14,mul.Tensor,"aten::mul.Tensor(Tensor self, Tensor other) -> Tensor"
2,input1_layer14,neg.default,aten::neg(Tensor self) -> Tensor
1,input1_layer14,permute.default,"aten::permute(Tensor(a) self, int[] dims) -> Tensor(a)"
2,input1_layer14,pow.Tensor_Scalar,"aten::pow.Tensor_Scalar(Tensor self, Scalar exponent) -> Tensor"
1,input1_layer14,reshape.default,"aten::reshape(Tensor(a) self, SymInt[] shape) -> Tensor(a)"
2,input1_layer14,rsqrt.default,aten::rsqrt(Tensor self) -> Tensor
6,input1_layer14,select.int,"aten::select.int(Tensor(a) self, int dim, SymInt index) -> Tensor(a)"
1,input1_layer14,silu.default,aten::silu(Tensor self) -> Tensor
7,input1_layer14,slice.Tensor,"aten::slice.Tensor(Tensor(a) self, int dim=0, SymInt? start=None, SymInt? end=None, SymInt step=1) -> Tensor(a)"
1,input1_layer14,softmax.int,"aten::softmax.int(Tensor self, int dim, ScalarType? dtype=None) -> Tensor"
1,input1_layer14,squeeze.dim,"aten::squeeze.dim(Tensor(a) self, int dim) -> Tensor(a)"
1,input1_layer14,sub.Tensor,"aten::sub.Tensor(Tensor self, Tensor other, *, Scalar alpha=1) -> Tensor"
7,input1_layer14,to.dtype,"aten::to.dtype(Tensor(a) self, ScalarType dtype, bool non_blocking=False, bool copy=False, MemoryFormat? memory_format=None) -> Tensor(a)"
5,input1_layer14,transpose.int,"aten::transpose.int(Tensor(a) self, int dim0, int dim1) -> Tensor(a)"
5,input1_layer14,unsqueeze.default,"aten::unsqueeze(Tensor(a) self, int dim) -> Tensor(a)"
4,input1_layer14,view.default,"aten::view(Tensor(a) self, SymInt[] size) -> Tensor(a)"
9,input1_layer15,add.Tensor,"aten::add.Tensor(Tensor self, Tensor other, *, Scalar alpha=1) -> Tensor"
1,input1_layer15,any.default,aten::any(Tensor self) -> Tensor
2,input1_layer15,cat.default,"aten::cat(Tensor[] tensors, int dim=0) -> Tensor"
2,input1_layer15,contiguous.default,"aten::contiguous(Tensor(a) self, *, MemoryFormat memory_format=0) -> Tensor(a)"
1,input1_layer15,cosine_similarity.default,"aten::cosine_similarity(Tensor x1, Tensor x2, int dim=1, float eps=1e-08) -> Tensor"
1,input1_layer15,div.Tensor,"aten::div.Tensor(Tensor self, Tensor other) -> Tensor"
1,input1_layer15,dropout.default,"aten::dropout(Tensor input, float p, bool train) -> Tensor"
1,input1_layer15,eq.Scalar,"aten::eq.Scalar(Tensor self, Scalar other) -> Tensor"
2,input1_layer15,gt.Scalar,"aten::gt.Scalar(Tensor self, Scalar other) -> Tensor"
2,input1_layer15,index.Tensor,"aten::index.Tensor(Tensor self, Tensor?[] indices) -> Tensor"
3,input1_layer15,is_nonzero.default,aten::is_nonzero(Tensor self) -> bool
4,input1_layer15,item.default,aten::item(Tensor self) -> Scalar
7,input1_layer15,linear.default,"aten::linear(Tensor input, Tensor weight, Tensor? bias=None) -> Tensor"
1,input1_layer15,lt.Scalar,"aten::lt.Scalar(Tensor self, Scalar other) -> Tensor"
2,input1_layer15,matmul.default,"aten::matmul(Tensor self, Tensor other) -> Tensor"
2,input1_layer15,mean.dim,"aten::mean.dim(Tensor self, int[1]? dim, bool keepdim=False, *, ScalarType? dtype=None) -> Tensor"
10,input1_layer15,mul.Tensor,"aten::mul.Tensor(Tensor self, Tensor other) -> Tensor"
2,input1_layer15,neg.default,aten::neg(Tensor self) -> Tensor
1,input1_layer15,permute.default,"aten::permute(Tensor(a) self, int[] dims) -> Tensor(a)"
2,input1_layer15,pow.Tensor_Scalar,"aten::pow.Tensor_Scalar(Tensor self, Scalar exponent) -> Tensor"
1,input1_layer15,reshape.default,"aten::reshape(Tensor(a) self, SymInt[] shape) -> Tensor(a)"
2,input1_layer15,rsqrt.default,aten::rsqrt(Tensor self) -> Tensor
6,input1_layer15,select.int,"aten::select.int(Tensor(a) self, int dim, SymInt index) -> Tensor(a)"
1,input1_layer15,silu.default,aten::silu(Tensor self) -> Tensor
7,input1_layer15,slice.Tensor,"aten::slice.Tensor(Tensor(a) self, int dim=0, SymInt? start=None, SymInt? end=None, SymInt step=1) -> Tensor(a)"
1,input1_layer15,softmax.int,"aten::softmax.int(Tensor self, int dim, ScalarType? dtype=None) -> Tensor"
1,input1_layer15,squeeze.dim,"aten::squeeze.dim(Tensor(a) self, int dim) -> Tensor(a)"
1,input1_layer15,sub.Tensor,"aten::sub.Tensor(Tensor self, Tensor other, *, Scalar alpha=1) -> Tensor"
7,input1_layer15,to.dtype,"aten::to.dtype(Tensor(a) self, ScalarType dtype, bool non_blocking=False, bool copy=False, MemoryFormat? memory_format=None) -> Tensor(a)"
5,input1_layer15,transpose.int,"aten::transpose.int(Tensor(a) self, int dim0, int dim1) -> Tensor(a)"
5,input1_layer15,unsqueeze.default,"aten::unsqueeze(Tensor(a) self, int dim) -> Tensor(a)"
4,input1_layer15,view.default,"aten::view(Tensor(a) self, SymInt[] size) -> Tensor(a)"
9,input1_layer16,add.Tensor,"aten::add.Tensor(Tensor self, Tensor other, *, Scalar alpha=1) -> Tensor"
1,input1_layer16,any.default,aten::any(Tensor self) -> Tensor
2,input1_layer16,cat.default,"aten::cat(Tensor[] tensors, int dim=0) -> Tensor"
2,input1_layer16,contiguous.default,"aten::contiguous(Tensor(a) self, *, MemoryFormat memory_format=0) -> Tensor(a)"
1,input1_layer16,cosine_similarity.default,"aten::cosine_similarity(Tensor x1, Tensor x2, int dim=1, float eps=1e-08) -> Tensor"
1,input1_layer16,div.Tensor,"aten::div.Tensor(Tensor self, Tensor other) -> Tensor"
1,input1_layer16,dropout.default,"aten::dropout(Tensor input, float p, bool train) -> Tensor"
1,input1_layer16,eq.Scalar,"aten::eq.Scalar(Tensor self, Scalar other) -> Tensor"
2,input1_layer16,gt.Scalar,"aten::gt.Scalar(Tensor self, Scalar other) -> Tensor"
2,input1_layer16,index.Tensor,"aten::index.Tensor(Tensor self, Tensor?[] indices) -> Tensor"
3,input1_layer16,is_nonzero.default,aten::is_nonzero(Tensor self) -> bool
4,input1_layer16,item.default,aten::item(Tensor self) -> Scalar
7,input1_layer16,linear.default,"aten::linear(Tensor input, Tensor weight, Tensor? bias=None) -> Tensor"
1,input1_layer16,lt.Scalar,"aten::lt.Scalar(Tensor self, Scalar other) -> Tensor"
2,input1_layer16,matmul.default,"aten::matmul(Tensor self, Tensor other) -> Tensor"
2,input1_layer16,mean.dim,"aten::mean.dim(Tensor self, int[1]? dim, bool keepdim=False, *, ScalarType? dtype=None) -> Tensor"
10,input1_layer16,mul.Tensor,"aten::mul.Tensor(Tensor self, Tensor other) -> Tensor"
2,input1_layer16,neg.default,aten::neg(Tensor self) -> Tensor
1,input1_layer16,permute.default,"aten::permute(Tensor(a) self, int[] dims) -> Tensor(a)"
2,input1_layer16,pow.Tensor_Scalar,"aten::pow.Tensor_Scalar(Tensor self, Scalar exponent) -> Tensor"
1,input1_layer16,reshape.default,"aten::reshape(Tensor(a) self, SymInt[] shape) -> Tensor(a)"
2,input1_layer16,rsqrt.default,aten::rsqrt(Tensor self) -> Tensor
6,input1_layer16,select.int,"aten::select.int(Tensor(a) self, int dim, SymInt index) -> Tensor(a)"
1,input1_layer16,silu.default,aten::silu(Tensor self) -> Tensor
7,input1_layer16,slice.Tensor,"aten::slice.Tensor(Tensor(a) self, int dim=0, SymInt? start=None, SymInt? end=None, SymInt step=1) -> Tensor(a)"
1,input1_layer16,softmax.int,"aten::softmax.int(Tensor self, int dim, ScalarType? dtype=None) -> Tensor"
1,input1_layer16,squeeze.dim,"aten::squeeze.dim(Tensor(a) self, int dim) -> Tensor(a)"
1,input1_layer16,sub.Tensor,"aten::sub.Tensor(Tensor self, Tensor other, *, Scalar alpha=1) -> Tensor"
7,input1_layer16,to.dtype,"aten::to.dtype(Tensor(a) self, ScalarType dtype, bool non_blocking=False, bool copy=False, MemoryFormat? memory_format=None) -> Tensor(a)"
5,input1_layer16,transpose.int,"aten::transpose.int(Tensor(a) self, int dim0, int dim1) -> Tensor(a)"
5,input1_layer16,unsqueeze.default,"aten::unsqueeze(Tensor(a) self, int dim) -> Tensor(a)"
4,input1_layer16,view.default,"aten::view(Tensor(a) self, SymInt[] size) -> Tensor(a)"
9,input1_layer17,add.Tensor,"aten::add.Tensor(Tensor self, Tensor other, *, Scalar alpha=1) -> Tensor"
1,input1_layer17,any.default,aten::any(Tensor self) -> Tensor
2,input1_layer17,cat.default,"aten::cat(Tensor[] tensors, int dim=0) -> Tensor"
2,input1_layer17,contiguous.default,"aten::contiguous(Tensor(a) self, *, MemoryFormat memory_format=0) -> Tensor(a)"
1,input1_layer17,cosine_similarity.default,"aten::cosine_similarity(Tensor x1, Tensor x2, int dim=1, float eps=1e-08) -> Tensor"
1,input1_layer17,div.Tensor,"aten::div.Tensor(Tensor self, Tensor other) -> Tensor"
1,input1_layer17,dropout.default,"aten::dropout(Tensor input, float p, bool train) -> Tensor"
1,input1_layer17,eq.Scalar,"aten::eq.Scalar(Tensor self, Scalar other) -> Tensor"
2,input1_layer17,gt.Scalar,"aten::gt.Scalar(Tensor self, Scalar other) -> Tensor"
2,input1_layer17,index.Tensor,"aten::index.Tensor(Tensor self, Tensor?[] indices) -> Tensor"
3,input1_layer17,is_nonzero.default,aten::is_nonzero(Tensor self) -> bool
4,input1_layer17,item.default,aten::item(Tensor self) -> Scalar
7,input1_layer17,linear.default,"aten::linear(Tensor input, Tensor weight, Tensor? bias=None) -> Tensor"
1,input1_layer17,lt.Scalar,"aten::lt.Scalar(Tensor self, Scalar other) -> Tensor"
2,input1_layer17,matmul.default,"aten::matmul(Tensor self, Tensor other) -> Tensor"
2,input1_layer17,mean.dim,"aten::mean.dim(Tensor self, int[1]? dim, bool keepdim=False, *, ScalarType? dtype=None) -> Tensor"
10,input1_layer17,mul.Tensor,"aten::mul.Tensor(Tensor self, Tensor other) -> Tensor"
2,input1_layer17,neg.default,aten::neg(Tensor self) -> Tensor
1,input1_layer17,permute.default,"aten::permute(Tensor(a) self, int[] dims) -> Tensor(a)"
2,input1_layer17,pow.Tensor_Scalar,"aten::pow.Tensor_Scalar(Tensor self, Scalar exponent) -> Tensor"
1,input1_layer17,reshape.default,"aten::reshape(Tensor(a) self, SymInt[] shape) -> Tensor(a)"
2,input1_layer17,rsqrt.default,aten::rsqrt(Tensor self) -> Tensor
6,input1_layer17,select.int,"aten::select.int(Tensor(a) self, int dim, SymInt index) -> Tensor(a)"
1,input1_layer17,silu.default,aten::silu(Tensor self) -> Tensor
7,input1_layer17,slice.Tensor,"aten::slice.Tensor(Tensor(a) self, int dim=0, SymInt? start=None, SymInt? end=None, SymInt step=1) -> Tensor(a)"
1,input1_layer17,softmax.int,"aten::softmax.int(Tensor self, int dim, ScalarType? dtype=None) -> Tensor"
1,input1_layer17,squeeze.dim,"aten::squeeze.dim(Tensor(a) self, int dim) -> Tensor(a)"
1,input1_layer17,sub.Tensor,"aten::sub.Tensor(Tensor self, Tensor other, *, Scalar alpha=1) -> Tensor"
7,input1_layer17,to.dtype,"aten::to.dtype(Tensor(a) self, ScalarType dtype, bool non_blocking=False, bool copy=False, MemoryFormat? memory_format=None) -> Tensor(a)"
5,input1_layer17,transpose.int,"aten::transpose.int(Tensor(a) self, int dim0, int dim1) -> Tensor(a)"
5,input1_layer17,unsqueeze.default,"aten::unsqueeze(Tensor(a) self, int dim) -> Tensor(a)"
4,input1_layer17,view.default,"aten::view(Tensor(a) self, SymInt[] size) -> Tensor(a)"
10,input1_layer18,add.Tensor,"aten::add.Tensor(Tensor self, Tensor other, *, Scalar alpha=1) -> Tensor"
1,input1_layer18,any.default,aten::any(Tensor self) -> Tensor
2,input1_layer18,cat.default,"aten::cat(Tensor[] tensors, int dim=0) -> Tensor"
2,input1_layer18,contiguous.default,"aten::contiguous(Tensor(a) self, *, MemoryFormat memory_format=0) -> Tensor(a)"
1,input1_layer18,cosine_similarity.default,"aten::cosine_similarity(Tensor x1, Tensor x2, int dim=1, float eps=1e-08) -> Tensor"
1,input1_layer18,div.Tensor,"aten::div.Tensor(Tensor self, Tensor other) -> Tensor"
1,input1_layer18,dropout.default,"aten::dropout(Tensor input, float p, bool train) -> Tensor"
1,input1_layer18,eq.Scalar,"aten::eq.Scalar(Tensor self, Scalar other) -> Tensor"
3,input1_layer18,gt.Scalar,"aten::gt.Scalar(Tensor self, Scalar other) -> Tensor"
2,input1_layer18,index.Tensor,"aten::index.Tensor(Tensor self, Tensor?[] indices) -> Tensor"
3,input1_layer18,is_nonzero.default,aten::is_nonzero(Tensor self) -> bool
4,input1_layer18,item.default,aten::item(Tensor self) -> Scalar
1,input1_layer18,linalg_vector_norm.default,"aten::linalg_vector_norm(Tensor self, Scalar ord=2, int[1]? dim=None, bool keepdim=False, *, ScalarType? dtype=None) -> Tensor"
7,input1_layer18,linear.default,"aten::linear(Tensor input, Tensor weight, Tensor? bias=None) -> Tensor"
1,input1_layer18,lt.Scalar,"aten::lt.Scalar(Tensor self, Scalar other) -> Tensor"
2,input1_layer18,matmul.default,"aten::matmul(Tensor self, Tensor other) -> Tensor"
2,input1_layer18,mean.dim,"aten::mean.dim(Tensor self, int[1]? dim, bool keepdim=False, *, ScalarType? dtype=None) -> Tensor"
10,input1_layer18,mul.Tensor,"aten::mul.Tensor(Tensor self, Tensor other) -> Tensor"
2,input1_layer18,neg.default,aten::neg(Tensor self) -> Tensor
1,input1_layer18,permute.default,"aten::permute(Tensor(a) self, int[] dims) -> Tensor(a)"
2,input1_layer18,pow.Tensor_Scalar,"aten::pow.Tensor_Scalar(Tensor self, Scalar exponent) -> Tensor"
1,input1_layer18,reshape.default,"aten::reshape(Tensor(a) self, SymInt[] shape) -> Tensor(a)"
2,input1_layer18,rsqrt.default,aten::rsqrt(Tensor self) -> Tensor
6,input1_layer18,select.int,"aten::select.int(Tensor(a) self, int dim, SymInt index) -> Tensor(a)"
1,input1_layer18,silu.default,aten::silu(Tensor self) -> Tensor
7,input1_layer18,slice.Tensor,"aten::slice.Tensor(Tensor(a) self, int dim=0, SymInt? start=None, SymInt? end=None, SymInt step=1) -> Tensor(a)"
1,input1_layer18,softmax.int,"aten::softmax.int(Tensor self, int dim, ScalarType? dtype=None) -> Tensor"
2,input1_layer18,squeeze.dim,"aten::squeeze.dim(Tensor(a) self, int dim) -> Tensor(a)"
2,input1_layer18,sub.Tensor,"aten::sub.Tensor(Tensor self, Tensor other, *, Scalar alpha=1) -> Tensor"
7,input1_layer18,to.dtype,"aten::to.dtype(Tensor(a) self, ScalarType dtype, bool non_blocking=False, bool copy=False, MemoryFormat? memory_format=None) -> Tensor(a)"
5,input1_layer18,transpose.int,"aten::transpose.int(Tensor(a) self, int dim0, int dim1) -> Tensor(a)"
6,input1_layer18,unsqueeze.default,"aten::unsqueeze(Tensor(a) self, int dim) -> Tensor(a)"
4,input1_layer18,view.default,"aten::view(Tensor(a) self, SymInt[] size) -> Tensor(a)"
1,input1_layer18,where.default,aten::where(Tensor condition) -> Tensor[]
10,input1_layer19,add.Tensor,"aten::add.Tensor(Tensor self, Tensor other, *, Scalar alpha=1) -> Tensor"
1,input1_layer19,any.default,aten::any(Tensor self) -> Tensor
1,input1_layer19,arange.start,"aten::arange.start(Scalar start, Scalar end, *, ScalarType? dtype=None, Layout? layout=None, Device? device=None, bool? pin_memory=None) -> Tensor"
2,input1_layer19,cat.default,"aten::cat(Tensor[] tensors, int dim=0) -> Tensor"
2,input1_layer19,contiguous.default,"aten::contiguous(Tensor(a) self, *, MemoryFormat memory_format=0) -> Tensor(a)"
1,input1_layer19,cosine_similarity.default,"aten::cosine_similarity(Tensor x1, Tensor x2, int dim=1, float eps=1e-08) -> Tensor"
1,input1_layer19,div.Tensor,"aten::div.Tensor(Tensor self, Tensor other) -> Tensor"
1,input1_layer19,dropout.default,"aten::dropout(Tensor input, float p, bool train) -> Tensor"
1,input1_layer19,eq.Scalar,"aten::eq.Scalar(Tensor self, Scalar other) -> Tensor"
2,input1_layer19,gt.Scalar,"aten::gt.Scalar(Tensor self, Scalar other) -> Tensor"
3,input1_layer19,index.Tensor,"aten::index.Tensor(Tensor self, Tensor?[] indices) -> Tensor"
3,input1_layer19,is_nonzero.default,aten::is_nonzero(Tensor self) -> bool
3,input1_layer19,item.default,aten::item(Tensor self) -> Scalar
7,input1_layer19,linear.default,"aten::linear(Tensor input, Tensor weight, Tensor? bias=None) -> Tensor"
1,input1_layer19,lt.Scalar,"aten::lt.Scalar(Tensor self, Scalar other) -> Tensor"
2,input1_layer19,matmul.default,"aten::matmul(Tensor self, Tensor other) -> Tensor"
2,input1_layer19,mean.dim,"aten::mean.dim(Tensor self, int[1]? dim, bool keepdim=False, *, ScalarType? dtype=None) -> Tensor"
11,input1_layer19,mul.Tensor,"aten::mul.Tensor(Tensor self, Tensor other) -> Tensor"
2,input1_layer19,neg.default,aten::neg(Tensor self) -> Tensor
1,input1_layer19,permute.default,"aten::permute(Tensor(a) self, int[] dims) -> Tensor(a)"
2,input1_layer19,pow.Tensor_Scalar,"aten::pow.Tensor_Scalar(Tensor self, Scalar exponent) -> Tensor"
1,input1_layer19,reshape.default,"aten::reshape(Tensor(a) self, SymInt[] shape) -> Tensor(a)"
2,input1_layer19,rsqrt.default,aten::rsqrt(Tensor self) -> Tensor
6,input1_layer19,select.int,"aten::select.int(Tensor(a) self, int dim, SymInt index) -> Tensor(a)"
1,input1_layer19,silu.default,aten::silu(Tensor self) -> Tensor
6,input1_layer19,slice.Tensor,"aten::slice.Tensor(Tensor(a) self, int dim=0, SymInt? start=None, SymInt? end=None, SymInt step=1) -> Tensor(a)"
1,input1_layer19,softmax.int,"aten::softmax.int(Tensor self, int dim, ScalarType? dtype=None) -> Tensor"
1,input1_layer19,squeeze.dim,"aten::squeeze.dim(Tensor(a) self, int dim) -> Tensor(a)"
2,input1_layer19,sub.Tensor,"aten::sub.Tensor(Tensor self, Tensor other, *, Scalar alpha=1) -> Tensor"
7,input1_layer19,to.dtype,"aten::to.dtype(Tensor(a) self, ScalarType dtype, bool non_blocking=False, bool copy=False, MemoryFormat? memory_format=None) -> Tensor(a)"
5,input1_layer19,transpose.int,"aten::transpose.int(Tensor(a) self, int dim0, int dim1) -> Tensor(a)"
5,input1_layer19,unsqueeze.default,"aten::unsqueeze(Tensor(a) self, int dim) -> Tensor(a)"
4,input1_layer19,view.default,"aten::view(Tensor(a) self, SymInt[] size) -> Tensor(a)"
10,input1_layer20,add.Tensor,"aten::add.Tensor(Tensor self, Tensor other, *, Scalar alpha=1) -> Tensor"
1,input1_layer20,any.default,aten::any(Tensor self) -> Tensor
1,input1_layer20,arange.start,"aten::arange.start(Scalar start, Scalar end, *, ScalarType? dtype=None, Layout? layout=None, Device? device=None, bool? pin_memory=None) -> Tensor"
2,input1_layer20,cat.default,"aten::cat(Tensor[] tensors, int dim=0) -> Tensor"
2,input1_layer20,contiguous.default,"aten::contiguous(Tensor(a) self, *, MemoryFormat memory_format=0) -> Tensor(a)"
1,input1_layer20,cosine_similarity.default,"aten::cosine_similarity(Tensor x1, Tensor x2, int dim=1, float eps=1e-08) -> Tensor"
1,input1_layer20,div.Tensor,"aten::div.Tensor(Tensor self, Tensor other) -> Tensor"
1,input1_layer20,dropout.default,"aten::dropout(Tensor input, float p, bool train) -> Tensor"
1,input1_layer20,eq.Scalar,"aten::eq.Scalar(Tensor self, Scalar other) -> Tensor"
2,input1_layer20,gt.Scalar,"aten::gt.Scalar(Tensor self, Scalar other) -> Tensor"
3,input1_layer20,index.Tensor,"aten::index.Tensor(Tensor self, Tensor?[] indices) -> Tensor"
3,input1_layer20,is_nonzero.default,aten::is_nonzero(Tensor self) -> bool
3,input1_layer20,item.default,aten::item(Tensor self) -> Scalar
7,input1_layer20,linear.default,"aten::linear(Tensor input, Tensor weight, Tensor? bias=None) -> Tensor"
1,input1_layer20,lt.Scalar,"aten::lt.Scalar(Tensor self, Scalar other) -> Tensor"
2,input1_layer20,matmul.default,"aten::matmul(Tensor self, Tensor other) -> Tensor"
2,input1_layer20,mean.dim,"aten::mean.dim(Tensor self, int[1]? dim, bool keepdim=False, *, ScalarType? dtype=None) -> Tensor"
11,input1_layer20,mul.Tensor,"aten::mul.Tensor(Tensor self, Tensor other) -> Tensor"
2,input1_layer20,neg.default,aten::neg(Tensor self) -> Tensor
1,input1_layer20,permute.default,"aten::permute(Tensor(a) self, int[] dims) -> Tensor(a)"
2,input1_layer20,pow.Tensor_Scalar,"aten::pow.Tensor_Scalar(Tensor self, Scalar exponent) -> Tensor"
1,input1_layer20,reshape.default,"aten::reshape(Tensor(a) self, SymInt[] shape) -> Tensor(a)"
2,input1_layer20,rsqrt.default,aten::rsqrt(Tensor self) -> Tensor
6,input1_layer20,select.int,"aten::select.int(Tensor(a) self, int dim, SymInt index) -> Tensor(a)"
1,input1_layer20,silu.default,aten::silu(Tensor self) -> Tensor
6,input1_layer20,slice.Tensor,"aten::slice.Tensor(Tensor(a) self, int dim=0, SymInt? start=None, SymInt? end=None, SymInt step=1) -> Tensor(a)"
1,input1_layer20,softmax.int,"aten::softmax.int(Tensor self, int dim, ScalarType? dtype=None) -> Tensor"
1,input1_layer20,squeeze.dim,"aten::squeeze.dim(Tensor(a) self, int dim) -> Tensor(a)"
2,input1_layer20,sub.Tensor,"aten::sub.Tensor(Tensor self, Tensor other, *, Scalar alpha=1) -> Tensor"
7,input1_layer20,to.dtype,"aten::to.dtype(Tensor(a) self, ScalarType dtype, bool non_blocking=False, bool copy=False, MemoryFormat? memory_format=None) -> Tensor(a)"
5,input1_layer20,transpose.int,"aten::transpose.int(Tensor(a) self, int dim0, int dim1) -> Tensor(a)"
5,input1_layer20,unsqueeze.default,"aten::unsqueeze(Tensor(a) self, int dim) -> Tensor(a)"
4,input1_layer20,view.default,"aten::view(Tensor(a) self, SymInt[] size) -> Tensor(a)"
10,input1_layer21,add.Tensor,"aten::add.Tensor(Tensor self, Tensor other, *, Scalar alpha=1) -> Tensor"
1,input1_layer21,any.default,aten::any(Tensor self) -> Tensor
1,input1_layer21,arange.start,"aten::arange.start(Scalar start, Scalar end, *, ScalarType? dtype=None, Layout? layout=None, Device? device=None, bool? pin_memory=None) -> Tensor"
2,input1_layer21,cat.default,"aten::cat(Tensor[] tensors, int dim=0) -> Tensor"
2,input1_layer21,contiguous.default,"aten::contiguous(Tensor(a) self, *, MemoryFormat memory_format=0) -> Tensor(a)"
1,input1_layer21,cosine_similarity.default,"aten::cosine_similarity(Tensor x1, Tensor x2, int dim=1, float eps=1e-08) -> Tensor"
1,input1_layer21,div.Tensor,"aten::div.Tensor(Tensor self, Tensor other) -> Tensor"
1,input1_layer21,dropout.default,"aten::dropout(Tensor input, float p, bool train) -> Tensor"
1,input1_layer21,eq.Scalar,"aten::eq.Scalar(Tensor self, Scalar other) -> Tensor"
2,input1_layer21,gt.Scalar,"aten::gt.Scalar(Tensor self, Scalar other) -> Tensor"
3,input1_layer21,index.Tensor,"aten::index.Tensor(Tensor self, Tensor?[] indices) -> Tensor"
3,input1_layer21,is_nonzero.default,aten::is_nonzero(Tensor self) -> bool
3,input1_layer21,item.default,aten::item(Tensor self) -> Scalar
7,input1_layer21,linear.default,"aten::linear(Tensor input, Tensor weight, Tensor? bias=None) -> Tensor"
1,input1_layer21,lt.Scalar,"aten::lt.Scalar(Tensor self, Scalar other) -> Tensor"
2,input1_layer21,matmul.default,"aten::matmul(Tensor self, Tensor other) -> Tensor"
2,input1_layer21,mean.dim,"aten::mean.dim(Tensor self, int[1]? dim, bool keepdim=False, *, ScalarType? dtype=None) -> Tensor"
11,input1_layer21,mul.Tensor,"aten::mul.Tensor(Tensor self, Tensor other) -> Tensor"
2,input1_layer21,neg.default,aten::neg(Tensor self) -> Tensor
1,input1_layer21,permute.default,"aten::permute(Tensor(a) self, int[] dims) -> Tensor(a)"
2,input1_layer21,pow.Tensor_Scalar,"aten::pow.Tensor_Scalar(Tensor self, Scalar exponent) -> Tensor"
1,input1_layer21,reshape.default,"aten::reshape(Tensor(a) self, SymInt[] shape) -> Tensor(a)"
2,input1_layer21,rsqrt.default,aten::rsqrt(Tensor self) -> Tensor
6,input1_layer21,select.int,"aten::select.int(Tensor(a) self, int dim, SymInt index) -> Tensor(a)"
1,input1_layer21,silu.default,aten::silu(Tensor self) -> Tensor
6,input1_layer21,slice.Tensor,"aten::slice.Tensor(Tensor(a) self, int dim=0, SymInt? start=None, SymInt? end=None, SymInt step=1) -> Tensor(a)"
1,input1_layer21,softmax.int,"aten::softmax.int(Tensor self, int dim, ScalarType? dtype=None) -> Tensor"
1,input1_layer21,squeeze.dim,"aten::squeeze.dim(Tensor(a) self, int dim) -> Tensor(a)"
2,input1_layer21,sub.Tensor,"aten::sub.Tensor(Tensor self, Tensor other, *, Scalar alpha=1) -> Tensor"
7,input1_layer21,to.dtype,"aten::to.dtype(Tensor(a) self, ScalarType dtype, bool non_blocking=False, bool copy=False, MemoryFormat? memory_format=None) -> Tensor(a)"
5,input1_layer21,transpose.int,"aten::transpose.int(Tensor(a) self, int dim0, int dim1) -> Tensor(a)"
5,input1_layer21,unsqueeze.default,"aten::unsqueeze(Tensor(a) self, int dim) -> Tensor(a)"
4,input1_layer21,view.default,"aten::view(Tensor(a) self, SymInt[] size) -> Tensor(a)"
10,input1_layer22,add.Tensor,"aten::add.Tensor(Tensor self, Tensor other, *, Scalar alpha=1) -> Tensor"
1,input1_layer22,any.default,aten::any(Tensor self) -> Tensor
1,input1_layer22,arange.start,"aten::arange.start(Scalar start, Scalar end, *, ScalarType? dtype=None, Layout? layout=None, Device? device=None, bool? pin_memory=None) -> Tensor"
2,input1_layer22,cat.default,"aten::cat(Tensor[] tensors, int dim=0) -> Tensor"
2,input1_layer22,contiguous.default,"aten::contiguous(Tensor(a) self, *, MemoryFormat memory_format=0) -> Tensor(a)"
1,input1_layer22,cosine_similarity.default,"aten::cosine_similarity(Tensor x1, Tensor x2, int dim=1, float eps=1e-08) -> Tensor"
1,input1_layer22,div.Tensor,"aten::div.Tensor(Tensor self, Tensor other) -> Tensor"
1,input1_layer22,dropout.default,"aten::dropout(Tensor input, float p, bool train) -> Tensor"
1,input1_layer22,eq.Scalar,"aten::eq.Scalar(Tensor self, Scalar other) -> Tensor"
2,input1_layer22,gt.Scalar,"aten::gt.Scalar(Tensor self, Scalar other) -> Tensor"
3,input1_layer22,index.Tensor,"aten::index.Tensor(Tensor self, Tensor?[] indices) -> Tensor"
3,input1_layer22,is_nonzero.default,aten::is_nonzero(Tensor self) -> bool
3,input1_layer22,item.default,aten::item(Tensor self) -> Scalar
7,input1_layer22,linear.default,"aten::linear(Tensor input, Tensor weight, Tensor? bias=None) -> Tensor"
1,input1_layer22,lt.Scalar,"aten::lt.Scalar(Tensor self, Scalar other) -> Tensor"
2,input1_layer22,matmul.default,"aten::matmul(Tensor self, Tensor other) -> Tensor"
2,input1_layer22,mean.dim,"aten::mean.dim(Tensor self, int[1]? dim, bool keepdim=False, *, ScalarType? dtype=None) -> Tensor"
11,input1_layer22,mul.Tensor,"aten::mul.Tensor(Tensor self, Tensor other) -> Tensor"
2,input1_layer22,neg.default,aten::neg(Tensor self) -> Tensor
1,input1_layer22,permute.default,"aten::permute(Tensor(a) self, int[] dims) -> Tensor(a)"
2,input1_layer22,pow.Tensor_Scalar,"aten::pow.Tensor_Scalar(Tensor self, Scalar exponent) -> Tensor"
1,input1_layer22,reshape.default,"aten::reshape(Tensor(a) self, SymInt[] shape) -> Tensor(a)"
2,input1_layer22,rsqrt.default,aten::rsqrt(Tensor self) -> Tensor
6,input1_layer22,select.int,"aten::select.int(Tensor(a) self, int dim, SymInt index) -> Tensor(a)"
1,input1_layer22,silu.default,aten::silu(Tensor self) -> Tensor
6,input1_layer22,slice.Tensor,"aten::slice.Tensor(Tensor(a) self, int dim=0, SymInt? start=None, SymInt? end=None, SymInt step=1) -> Tensor(a)"
1,input1_layer22,softmax.int,"aten::softmax.int(Tensor self, int dim, ScalarType? dtype=None) -> Tensor"
1,input1_layer22,squeeze.dim,"aten::squeeze.dim(Tensor(a) self, int dim) -> Tensor(a)"
2,input1_layer22,sub.Tensor,"aten::sub.Tensor(Tensor self, Tensor other, *, Scalar alpha=1) -> Tensor"
7,input1_layer22,to.dtype,"aten::to.dtype(Tensor(a) self, ScalarType dtype, bool non_blocking=False, bool copy=False, MemoryFormat? memory_format=None) -> Tensor(a)"
5,input1_layer22,transpose.int,"aten::transpose.int(Tensor(a) self, int dim0, int dim1) -> Tensor(a)"
5,input1_layer22,unsqueeze.default,"aten::unsqueeze(Tensor(a) self, int dim) -> Tensor(a)"
4,input1_layer22,view.default,"aten::view(Tensor(a) self, SymInt[] size) -> Tensor(a)"
10,input1_layer23,add.Tensor,"aten::add.Tensor(Tensor self, Tensor other, *, Scalar alpha=1) -> Tensor"
1,input1_layer23,any.default,aten::any(Tensor self) -> Tensor
1,input1_layer23,arange.start,"aten::arange.start(Scalar start, Scalar end, *, ScalarType? dtype=None, Layout? layout=None, Device? device=None, bool? pin_memory=None) -> Tensor"
2,input1_layer23,cat.default,"aten::cat(Tensor[] tensors, int dim=0) -> Tensor"
2,input1_layer23,contiguous.default,"aten::contiguous(Tensor(a) self, *, MemoryFormat memory_format=0) -> Tensor(a)"
1,input1_layer23,cosine_similarity.default,"aten::cosine_similarity(Tensor x1, Tensor x2, int dim=1, float eps=1e-08) -> Tensor"
1,input1_layer23,div.Tensor,"aten::div.Tensor(Tensor self, Tensor other) -> Tensor"
1,input1_layer23,dropout.default,"aten::dropout(Tensor input, float p, bool train) -> Tensor"
1,input1_layer23,eq.Scalar,"aten::eq.Scalar(Tensor self, Scalar other) -> Tensor"
2,input1_layer23,gt.Scalar,"aten::gt.Scalar(Tensor self, Scalar other) -> Tensor"
3,input1_layer23,index.Tensor,"aten::index.Tensor(Tensor self, Tensor?[] indices) -> Tensor"
3,input1_layer23,is_nonzero.default,aten::is_nonzero(Tensor self) -> bool
3,input1_layer23,item.default,aten::item(Tensor self) -> Scalar
7,input1_layer23,linear.default,"aten::linear(Tensor input, Tensor weight, Tensor? bias=None) -> Tensor"
1,input1_layer23,lt.Scalar,"aten::lt.Scalar(Tensor self, Scalar other) -> Tensor"
2,input1_layer23,matmul.default,"aten::matmul(Tensor self, Tensor other) -> Tensor"
2,input1_layer23,mean.dim,"aten::mean.dim(Tensor self, int[1]? dim, bool keepdim=False, *, ScalarType? dtype=None) -> Tensor"
11,input1_layer23,mul.Tensor,"aten::mul.Tensor(Tensor self, Tensor other) -> Tensor"
2,input1_layer23,neg.default,aten::neg(Tensor self) -> Tensor
1,input1_layer23,permute.default,"aten::permute(Tensor(a) self, int[] dims) -> Tensor(a)"
2,input1_layer23,pow.Tensor_Scalar,"aten::pow.Tensor_Scalar(Tensor self, Scalar exponent) -> Tensor"
1,input1_layer23,reshape.default,"aten::reshape(Tensor(a) self, SymInt[] shape) -> Tensor(a)"
2,input1_layer23,rsqrt.default,aten::rsqrt(Tensor self) -> Tensor
6,input1_layer23,select.int,"aten::select.int(Tensor(a) self, int dim, SymInt index) -> Tensor(a)"
1,input1_layer23,silu.default,aten::silu(Tensor self) -> Tensor
6,input1_layer23,slice.Tensor,"aten::slice.Tensor(Tensor(a) self, int dim=0, SymInt? start=None, SymInt? end=None, SymInt step=1) -> Tensor(a)"
1,input1_layer23,softmax.int,"aten::softmax.int(Tensor self, int dim, ScalarType? dtype=None) -> Tensor"
1,input1_layer23,squeeze.dim,"aten::squeeze.dim(Tensor(a) self, int dim) -> Tensor(a)"
2,input1_layer23,sub.Tensor,"aten::sub.Tensor(Tensor self, Tensor other, *, Scalar alpha=1) -> Tensor"
7,input1_layer23,to.dtype,"aten::to.dtype(Tensor(a) self, ScalarType dtype, bool non_blocking=False, bool copy=False, MemoryFormat? memory_format=None) -> Tensor(a)"
5,input1_layer23,transpose.int,"aten::transpose.int(Tensor(a) self, int dim0, int dim1) -> Tensor(a)"
5,input1_layer23,unsqueeze.default,"aten::unsqueeze(Tensor(a) self, int dim) -> Tensor(a)"
4,input1_layer23,view.default,"aten::view(Tensor(a) self, SymInt[] size) -> Tensor(a)"
10,input1_layer24,add.Tensor,"aten::add.Tensor(Tensor self, Tensor other, *, Scalar alpha=1) -> Tensor"
1,input1_layer24,any.default,aten::any(Tensor self) -> Tensor
1,input1_layer24,arange.start,"aten::arange.start(Scalar start, Scalar end, *, ScalarType? dtype=None, Layout? layout=None, Device? device=None, bool? pin_memory=None) -> Tensor"
2,input1_layer24,cat.default,"aten::cat(Tensor[] tensors, int dim=0) -> Tensor"
2,input1_layer24,contiguous.default,"aten::contiguous(Tensor(a) self, *, MemoryFormat memory_format=0) -> Tensor(a)"
1,input1_layer24,cosine_similarity.default,"aten::cosine_similarity(Tensor x1, Tensor x2, int dim=1, float eps=1e-08) -> Tensor"
1,input1_layer24,div.Tensor,"aten::div.Tensor(Tensor self, Tensor other) -> Tensor"
1,input1_layer24,dropout.default,"aten::dropout(Tensor input, float p, bool train) -> Tensor"
1,input1_layer24,eq.Scalar,"aten::eq.Scalar(Tensor self, Scalar other) -> Tensor"
2,input1_layer24,gt.Scalar,"aten::gt.Scalar(Tensor self, Scalar other) -> Tensor"
3,input1_layer24,index.Tensor,"aten::index.Tensor(Tensor self, Tensor?[] indices) -> Tensor"
3,input1_layer24,is_nonzero.default,aten::is_nonzero(Tensor self) -> bool
3,input1_layer24,item.default,aten::item(Tensor self) -> Scalar
7,input1_layer24,linear.default,"aten::linear(Tensor input, Tensor weight, Tensor? bias=None) -> Tensor"
1,input1_layer24,lt.Scalar,"aten::lt.Scalar(Tensor self, Scalar other) -> Tensor"
2,input1_layer24,matmul.default,"aten::matmul(Tensor self, Tensor other) -> Tensor"
2,input1_layer24,mean.dim,"aten::mean.dim(Tensor self, int[1]? dim, bool keepdim=False, *, ScalarType? dtype=None) -> Tensor"
11,input1_layer24,mul.Tensor,"aten::mul.Tensor(Tensor self, Tensor other) -> Tensor"
2,input1_layer24,neg.default,aten::neg(Tensor self) -> Tensor
1,input1_layer24,permute.default,"aten::permute(Tensor(a) self, int[] dims) -> Tensor(a)"
2,input1_layer24,pow.Tensor_Scalar,"aten::pow.Tensor_Scalar(Tensor self, Scalar exponent) -> Tensor"
1,input1_layer24,reshape.default,"aten::reshape(Tensor(a) self, SymInt[] shape) -> Tensor(a)"
2,input1_layer24,rsqrt.default,aten::rsqrt(Tensor self) -> Tensor
6,input1_layer24,select.int,"aten::select.int(Tensor(a) self, int dim, SymInt index) -> Tensor(a)"
1,input1_layer24,silu.default,aten::silu(Tensor self) -> Tensor
6,input1_layer24,slice.Tensor,"aten::slice.Tensor(Tensor(a) self, int dim=0, SymInt? start=None, SymInt? end=None, SymInt step=1) -> Tensor(a)"
1,input1_layer24,softmax.int,"aten::softmax.int(Tensor self, int dim, ScalarType? dtype=None) -> Tensor"
1,input1_layer24,squeeze.dim,"aten::squeeze.dim(Tensor(a) self, int dim) -> Tensor(a)"
2,input1_layer24,sub.Tensor,"aten::sub.Tensor(Tensor self, Tensor other, *, Scalar alpha=1) -> Tensor"
7,input1_layer24,to.dtype,"aten::to.dtype(Tensor(a) self, ScalarType dtype, bool non_blocking=False, bool copy=False, MemoryFormat? memory_format=None) -> Tensor(a)"
5,input1_layer24,transpose.int,"aten::transpose.int(Tensor(a) self, int dim0, int dim1) -> Tensor(a)"
5,input1_layer24,unsqueeze.default,"aten::unsqueeze(Tensor(a) self, int dim) -> Tensor(a)"
4,input1_layer24,view.default,"aten::view(Tensor(a) self, SymInt[] size) -> Tensor(a)"
10,input1_layer25,add.Tensor,"aten::add.Tensor(Tensor self, Tensor other, *, Scalar alpha=1) -> Tensor"
1,input1_layer25,any.default,aten::any(Tensor self) -> Tensor
1,input1_layer25,arange.start,"aten::arange.start(Scalar start, Scalar end, *, ScalarType? dtype=None, Layout? layout=None, Device? device=None, bool? pin_memory=None) -> Tensor"
2,input1_layer25,cat.default,"aten::cat(Tensor[] tensors, int dim=0) -> Tensor"
2,input1_layer25,contiguous.default,"aten::contiguous(Tensor(a) self, *, MemoryFormat memory_format=0) -> Tensor(a)"
1,input1_layer25,cosine_similarity.default,"aten::cosine_similarity(Tensor x1, Tensor x2, int dim=1, float eps=1e-08) -> Tensor"
1,input1_layer25,div.Tensor,"aten::div.Tensor(Tensor self, Tensor other) -> Tensor"
1,input1_layer25,dropout.default,"aten::dropout(Tensor input, float p, bool train) -> Tensor"
1,input1_layer25,eq.Scalar,"aten::eq.Scalar(Tensor self, Scalar other) -> Tensor"
2,input1_layer25,gt.Scalar,"aten::gt.Scalar(Tensor self, Scalar other) -> Tensor"
3,input1_layer25,index.Tensor,"aten::index.Tensor(Tensor self, Tensor?[] indices) -> Tensor"
3,input1_layer25,is_nonzero.default,aten::is_nonzero(Tensor self) -> bool
3,input1_layer25,item.default,aten::item(Tensor self) -> Scalar
7,input1_layer25,linear.default,"aten::linear(Tensor input, Tensor weight, Tensor? bias=None) -> Tensor"
1,input1_layer25,lt.Scalar,"aten::lt.Scalar(Tensor self, Scalar other) -> Tensor"
2,input1_layer25,matmul.default,"aten::matmul(Tensor self, Tensor other) -> Tensor"
2,input1_layer25,mean.dim,"aten::mean.dim(Tensor self, int[1]? dim, bool keepdim=False, *, ScalarType? dtype=None) -> Tensor"
11,input1_layer25,mul.Tensor,"aten::mul.Tensor(Tensor self, Tensor other) -> Tensor"
2,input1_layer25,neg.default,aten::neg(Tensor self) -> Tensor
1,input1_layer25,permute.default,"aten::permute(Tensor(a) self, int[] dims) -> Tensor(a)"
2,input1_layer25,pow.Tensor_Scalar,"aten::pow.Tensor_Scalar(Tensor self, Scalar exponent) -> Tensor"
1,input1_layer25,reshape.default,"aten::reshape(Tensor(a) self, SymInt[] shape) -> Tensor(a)"
2,input1_layer25,rsqrt.default,aten::rsqrt(Tensor self) -> Tensor
6,input1_layer25,select.int,"aten::select.int(Tensor(a) self, int dim, SymInt index) -> Tensor(a)"
1,input1_layer25,silu.default,aten::silu(Tensor self) -> Tensor
6,input1_layer25,slice.Tensor,"aten::slice.Tensor(Tensor(a) self, int dim=0, SymInt? start=None, SymInt? end=None, SymInt step=1) -> Tensor(a)"
1,input1_layer25,softmax.int,"aten::softmax.int(Tensor self, int dim, ScalarType? dtype=None) -> Tensor"
1,input1_layer25,squeeze.dim,"aten::squeeze.dim(Tensor(a) self, int dim) -> Tensor(a)"
2,input1_layer25,sub.Tensor,"aten::sub.Tensor(Tensor self, Tensor other, *, Scalar alpha=1) -> Tensor"
7,input1_layer25,to.dtype,"aten::to.dtype(Tensor(a) self, ScalarType dtype, bool non_blocking=False, bool copy=False, MemoryFormat? memory_format=None) -> Tensor(a)"
5,input1_layer25,transpose.int,"aten::transpose.int(Tensor(a) self, int dim0, int dim1) -> Tensor(a)"
5,input1_layer25,unsqueeze.default,"aten::unsqueeze(Tensor(a) self, int dim) -> Tensor(a)"
4,input1_layer25,view.default,"aten::view(Tensor(a) self, SymInt[] size) -> Tensor(a)"
10,input1_layer26,add.Tensor,"aten::add.Tensor(Tensor self, Tensor other, *, Scalar alpha=1) -> Tensor"
1,input1_layer26,any.default,aten::any(Tensor self) -> Tensor
1,input1_layer26,arange.start,"aten::arange.start(Scalar start, Scalar end, *, ScalarType? dtype=None, Layout? layout=None, Device? device=None, bool? pin_memory=None) -> Tensor"
2,input1_layer26,cat.default,"aten::cat(Tensor[] tensors, int dim=0) -> Tensor"
2,input1_layer26,contiguous.default,"aten::contiguous(Tensor(a) self, *, MemoryFormat memory_format=0) -> Tensor(a)"
1,input1_layer26,cosine_similarity.default,"aten::cosine_similarity(Tensor x1, Tensor x2, int dim=1, float eps=1e-08) -> Tensor"
1,input1_layer26,div.Tensor,"aten::div.Tensor(Tensor self, Tensor other) -> Tensor"
1,input1_layer26,dropout.default,"aten::dropout(Tensor input, float p, bool train) -> Tensor"
1,input1_layer26,eq.Scalar,"aten::eq.Scalar(Tensor self, Scalar other) -> Tensor"
2,input1_layer26,gt.Scalar,"aten::gt.Scalar(Tensor self, Scalar other) -> Tensor"
3,input1_layer26,index.Tensor,"aten::index.Tensor(Tensor self, Tensor?[] indices) -> Tensor"
3,input1_layer26,is_nonzero.default,aten::is_nonzero(Tensor self) -> bool
3,input1_layer26,item.default,aten::item(Tensor self) -> Scalar
7,input1_layer26,linear.default,"aten::linear(Tensor input, Tensor weight, Tensor? bias=None) -> Tensor"
1,input1_layer26,lt.Scalar,"aten::lt.Scalar(Tensor self, Scalar other) -> Tensor"
2,input1_layer26,matmul.default,"aten::matmul(Tensor self, Tensor other) -> Tensor"
2,input1_layer26,mean.dim,"aten::mean.dim(Tensor self, int[1]? dim, bool keepdim=False, *, ScalarType? dtype=None) -> Tensor"
11,input1_layer26,mul.Tensor,"aten::mul.Tensor(Tensor self, Tensor other) -> Tensor"
2,input1_layer26,neg.default,aten::neg(Tensor self) -> Tensor
1,input1_layer26,permute.default,"aten::permute(Tensor(a) self, int[] dims) -> Tensor(a)"
2,input1_layer26,pow.Tensor_Scalar,"aten::pow.Tensor_Scalar(Tensor self, Scalar exponent) -> Tensor"
1,input1_layer26,reshape.default,"aten::reshape(Tensor(a) self, SymInt[] shape) -> Tensor(a)"
2,input1_layer26,rsqrt.default,aten::rsqrt(Tensor self) -> Tensor
6,input1_layer26,select.int,"aten::select.int(Tensor(a) self, int dim, SymInt index) -> Tensor(a)"
1,input1_layer26,silu.default,aten::silu(Tensor self) -> Tensor
6,input1_layer26,slice.Tensor,"aten::slice.Tensor(Tensor(a) self, int dim=0, SymInt? start=None, SymInt? end=None, SymInt step=1) -> Tensor(a)"
1,input1_layer26,softmax.int,"aten::softmax.int(Tensor self, int dim, ScalarType? dtype=None) -> Tensor"
1,input1_layer26,squeeze.dim,"aten::squeeze.dim(Tensor(a) self, int dim) -> Tensor(a)"
2,input1_layer26,sub.Tensor,"aten::sub.Tensor(Tensor self, Tensor other, *, Scalar alpha=1) -> Tensor"
7,input1_layer26,to.dtype,"aten::to.dtype(Tensor(a) self, ScalarType dtype, bool non_blocking=False, bool copy=False, MemoryFormat? memory_format=None) -> Tensor(a)"
5,input1_layer26,transpose.int,"aten::transpose.int(Tensor(a) self, int dim0, int dim1) -> Tensor(a)"
5,input1_layer26,unsqueeze.default,"aten::unsqueeze(Tensor(a) self, int dim) -> Tensor(a)"
4,input1_layer26,view.default,"aten::view(Tensor(a) self, SymInt[] size) -> Tensor(a)"
10,input1_layer27,add.Tensor,"aten::add.Tensor(Tensor self, Tensor other, *, Scalar alpha=1) -> Tensor"
1,input1_layer27,any.default,aten::any(Tensor self) -> Tensor
1,input1_layer27,arange.start,"aten::arange.start(Scalar start, Scalar end, *, ScalarType? dtype=None, Layout? layout=None, Device? device=None, bool? pin_memory=None) -> Tensor"
2,input1_layer27,cat.default,"aten::cat(Tensor[] tensors, int dim=0) -> Tensor"
2,input1_layer27,contiguous.default,"aten::contiguous(Tensor(a) self, *, MemoryFormat memory_format=0) -> Tensor(a)"
1,input1_layer27,cosine_similarity.default,"aten::cosine_similarity(Tensor x1, Tensor x2, int dim=1, float eps=1e-08) -> Tensor"
1,input1_layer27,div.Tensor,"aten::div.Tensor(Tensor self, Tensor other) -> Tensor"
1,input1_layer27,dropout.default,"aten::dropout(Tensor input, float p, bool train) -> Tensor"
1,input1_layer27,eq.Scalar,"aten::eq.Scalar(Tensor self, Scalar other) -> Tensor"
2,input1_layer27,gt.Scalar,"aten::gt.Scalar(Tensor self, Scalar other) -> Tensor"
3,input1_layer27,index.Tensor,"aten::index.Tensor(Tensor self, Tensor?[] indices) -> Tensor"
3,input1_layer27,is_nonzero.default,aten::is_nonzero(Tensor self) -> bool
3,input1_layer27,item.default,aten::item(Tensor self) -> Scalar
7,input1_layer27,linear.default,"aten::linear(Tensor input, Tensor weight, Tensor? bias=None) -> Tensor"
1,input1_layer27,lt.Scalar,"aten::lt.Scalar(Tensor self, Scalar other) -> Tensor"
2,input1_layer27,matmul.default,"aten::matmul(Tensor self, Tensor other) -> Tensor"
2,input1_layer27,mean.dim,"aten::mean.dim(Tensor self, int[1]? dim, bool keepdim=False, *, ScalarType? dtype=None) -> Tensor"
11,input1_layer27,mul.Tensor,"aten::mul.Tensor(Tensor self, Tensor other) -> Tensor"
2,input1_layer27,neg.default,aten::neg(Tensor self) -> Tensor
1,input1_layer27,permute.default,"aten::permute(Tensor(a) self, int[] dims) -> Tensor(a)"
2,input1_layer27,pow.Tensor_Scalar,"aten::pow.Tensor_Scalar(Tensor self, Scalar exponent) -> Tensor"
1,input1_layer27,reshape.default,"aten::reshape(Tensor(a) self, SymInt[] shape) -> Tensor(a)"
2,input1_layer27,rsqrt.default,aten::rsqrt(Tensor self) -> Tensor
6,input1_layer27,select.int,"aten::select.int(Tensor(a) self, int dim, SymInt index) -> Tensor(a)"
1,input1_layer27,silu.default,aten::silu(Tensor self) -> Tensor
6,input1_layer27,slice.Tensor,"aten::slice.Tensor(Tensor(a) self, int dim=0, SymInt? start=None, SymInt? end=None, SymInt step=1) -> Tensor(a)"
1,input1_layer27,softmax.int,"aten::softmax.int(Tensor self, int dim, ScalarType? dtype=None) -> Tensor"
1,input1_layer27,squeeze.dim,"aten::squeeze.dim(Tensor(a) self, int dim) -> Tensor(a)"
2,input1_layer27,sub.Tensor,"aten::sub.Tensor(Tensor self, Tensor other, *, Scalar alpha=1) -> Tensor"
7,input1_layer27,to.dtype,"aten::to.dtype(Tensor(a) self, ScalarType dtype, bool non_blocking=False, bool copy=False, MemoryFormat? memory_format=None) -> Tensor(a)"
5,input1_layer27,transpose.int,"aten::transpose.int(Tensor(a) self, int dim0, int dim1) -> Tensor(a)"
5,input1_layer27,unsqueeze.default,"aten::unsqueeze(Tensor(a) self, int dim) -> Tensor(a)"
4,input1_layer27,view.default,"aten::view(Tensor(a) self, SymInt[] size) -> Tensor(a)"
10,input1_layer28,add.Tensor,"aten::add.Tensor(Tensor self, Tensor other, *, Scalar alpha=1) -> Tensor"
2,input1_layer28,cat.default,"aten::cat(Tensor[] tensors, int dim=0) -> Tensor"
1,input1_layer28,contiguous.default,"aten::contiguous(Tensor(a) self, *, MemoryFormat memory_format=0) -> Tensor(a)"
1,input1_layer28,div.Tensor,"aten::div.Tensor(Tensor self, Tensor other) -> Tensor"
1,input1_layer28,dropout.default,"aten::dropout(Tensor input, float p, bool train) -> Tensor"
1,input1_layer28,eq.Scalar,"aten::eq.Scalar(Tensor self, Scalar other) -> Tensor"
2,input1_layer28,gt.Scalar,"aten::gt.Scalar(Tensor self, Scalar other) -> Tensor"
2,input1_layer28,index.Tensor,"aten::index.Tensor(Tensor self, Tensor?[] indices) -> Tensor"
3,input1_layer28,is_nonzero.default,aten::is_nonzero(Tensor self) -> bool
2,input1_layer28,item.default,aten::item(Tensor self) -> Scalar
7,input1_layer28,linear.default,"aten::linear(Tensor input, Tensor weight, Tensor? bias=None) -> Tensor"
2,input1_layer28,matmul.default,"aten::matmul(Tensor self, Tensor other) -> Tensor"
2,input1_layer28,mean.dim,"aten::mean.dim(Tensor self, int[1]? dim, bool keepdim=False, *, ScalarType? dtype=None) -> Tensor"
10,input1_layer28,mul.Tensor,"aten::mul.Tensor(Tensor self, Tensor other) -> Tensor"
2,input1_layer28,neg.default,aten::neg(Tensor self) -> Tensor
2,input1_layer28,pow.Tensor_Scalar,"aten::pow.Tensor_Scalar(Tensor self, Scalar exponent) -> Tensor"
1,input1_layer28,reshape.default,"aten::reshape(Tensor(a) self, SymInt[] shape) -> Tensor(a)"
2,input1_layer28,rsqrt.default,aten::rsqrt(Tensor self) -> Tensor
4,input1_layer28,select.int,"aten::select.int(Tensor(a) self, int dim, SymInt index) -> Tensor(a)"
1,input1_layer28,silu.default,aten::silu(Tensor self) -> Tensor
6,input1_layer28,slice.Tensor,"aten::slice.Tensor(Tensor(a) self, int dim=0, SymInt? start=None, SymInt? end=None, SymInt step=1) -> Tensor(a)"
1,input1_layer28,softmax.int,"aten::softmax.int(Tensor self, int dim, ScalarType? dtype=None) -> Tensor"
1,input1_layer28,sub.Tensor,"aten::sub.Tensor(Tensor self, Tensor other, *, Scalar alpha=1) -> Tensor"
7,input1_layer28,to.dtype,"aten::to.dtype(Tensor(a) self, ScalarType dtype, bool non_blocking=False, bool copy=False, MemoryFormat? memory_format=None) -> Tensor(a)"
5,input1_layer28,transpose.int,"aten::transpose.int(Tensor(a) self, int dim0, int dim1) -> Tensor(a)"
2,input1_layer28,unsqueeze.default,"aten::unsqueeze(Tensor(a) self, int dim) -> Tensor(a)"
3,input1_layer28,view.default,"aten::view(Tensor(a) self, SymInt[] size) -> Tensor(a)"
8,input1_layer5,add.Tensor,"aten::add.Tensor(Tensor self, Tensor other, *, Scalar alpha=1) -> Tensor"
2,input1_layer5,cat.default,"aten::cat(Tensor[] tensors, int dim=0) -> Tensor"
1,input1_layer5,contiguous.default,"aten::contiguous(Tensor(a) self, *, MemoryFormat memory_format=0) -> Tensor(a)"
1,input1_layer5,div.Tensor,"aten::div.Tensor(Tensor self, Tensor other) -> Tensor"
1,input1_layer5,dropout.default,"aten::dropout(Tensor input, float p, bool train) -> Tensor"
1,input1_layer5,fill_.Tensor,"aten::fill_.Tensor(Tensor(a!) self, Tensor value) -> Tensor(a!)"
3,input1_layer5,gt.Scalar,"aten::gt.Scalar(Tensor self, Scalar other) -> Tensor"
2,input1_layer5,index.Tensor,"aten::index.Tensor(Tensor self, Tensor?[] indices) -> Tensor"
3,input1_layer5,is_nonzero.default,aten::is_nonzero(Tensor self) -> bool
4,input1_layer5,item.default,aten::item(Tensor self) -> Scalar
1,input1_layer5,lift_fresh.default,aten::lift_fresh(Tensor(a) self) -> Tensor(a)
7,input1_layer5,linear.default,"aten::linear(Tensor input, Tensor weight, Tensor? bias=None) -> Tensor"
2,input1_layer5,matmul.default,"aten::matmul(Tensor self, Tensor other) -> Tensor"
2,input1_layer5,mean.dim,"aten::mean.dim(Tensor self, int[1]? dim, bool keepdim=False, *, ScalarType? dtype=None) -> Tensor"
9,input1_layer5,mul.Tensor,"aten::mul.Tensor(Tensor self, Tensor other) -> Tensor"
2,input1_layer5,neg.default,aten::neg(Tensor self) -> Tensor
2,input1_layer5,pow.Tensor_Scalar,"aten::pow.Tensor_Scalar(Tensor self, Scalar exponent) -> Tensor"
1,input1_layer5,reshape.default,"aten::reshape(Tensor(a) self, SymInt[] shape) -> Tensor(a)"
2,input1_layer5,rsqrt.default,aten::rsqrt(Tensor self) -> Tensor
2,input1_layer5,select.int,"aten::select.int(Tensor(a) self, int dim, SymInt index) -> Tensor(a)"
1,input1_layer5,silu.default,aten::silu(Tensor self) -> Tensor
8,input1_layer5,slice.Tensor,"aten::slice.Tensor(Tensor(a) self, int dim=0, SymInt? start=None, SymInt? end=None, SymInt step=1) -> Tensor(a)"
1,input1_layer5,softmax.int,"aten::softmax.int(Tensor self, int dim, ScalarType? dtype=None) -> Tensor"
7,input1_layer5,to.dtype,"aten::to.dtype(Tensor(a) self, ScalarType dtype, bool non_blocking=False, bool copy=False, MemoryFormat? memory_format=None) -> Tensor(a)"
5,input1_layer5,transpose.int,"aten::transpose.int(Tensor(a) self, int dim0, int dim1) -> Tensor(a)"
2,input1_layer5,unsqueeze.default,"aten::unsqueeze(Tensor(a) self, int dim) -> Tensor(a)"
3,input1_layer5,view.default,"aten::view(Tensor(a) self, SymInt[] size) -> Tensor(a)"
8,input1_layer6,add.Tensor,"aten::add.Tensor(Tensor self, Tensor other, *, Scalar alpha=1) -> Tensor"
2,input1_layer6,cat.default,"aten::cat(Tensor[] tensors, int dim=0) -> Tensor"
1,input1_layer6,contiguous.default,"aten::contiguous(Tensor(a) self, *, MemoryFormat memory_format=0) -> Tensor(a)"
1,input1_layer6,div.Tensor,"aten::div.Tensor(Tensor self, Tensor other) -> Tensor"
1,input1_layer6,dropout.default,"aten::dropout(Tensor input, float p, bool train) -> Tensor"
2,input1_layer6,gt.Scalar,"aten::gt.Scalar(Tensor self, Scalar other) -> Tensor"
2,input1_layer6,index.Tensor,"aten::index.Tensor(Tensor self, Tensor?[] indices) -> Tensor"
2,input1_layer6,is_nonzero.default,aten::is_nonzero(Tensor self) -> bool
2,input1_layer6,item.default,aten::item(Tensor self) -> Scalar
7,input1_layer6,linear.default,"aten::linear(Tensor input, Tensor weight, Tensor? bias=None) -> Tensor"
2,input1_layer6,matmul.default,"aten::matmul(Tensor self, Tensor other) -> Tensor"
2,input1_layer6,mean.dim,"aten::mean.dim(Tensor self, int[1]? dim, bool keepdim=False, *, ScalarType? dtype=None) -> Tensor"
9,input1_layer6,mul.Tensor,"aten::mul.Tensor(Tensor self, Tensor other) -> Tensor"
2,input1_layer6,neg.default,aten::neg(Tensor self) -> Tensor
2,input1_layer6,pow.Tensor_Scalar,"aten::pow.Tensor_Scalar(Tensor self, Scalar exponent) -> Tensor"
1,input1_layer6,reshape.default,"aten::reshape(Tensor(a) self, SymInt[] shape) -> Tensor(a)"
2,input1_layer6,rsqrt.default,aten::rsqrt(Tensor self) -> Tensor
2,input1_layer6,select.int,"aten::select.int(Tensor(a) self, int dim, SymInt index) -> Tensor(a)"
1,input1_layer6,silu.default,aten::silu(Tensor self) -> Tensor
6,input1_layer6,slice.Tensor,"aten::slice.Tensor(Tensor(a) self, int dim=0, SymInt? start=None, SymInt? end=None, SymInt step=1) -> Tensor(a)"
1,input1_layer6,softmax.int,"aten::softmax.int(Tensor self, int dim, ScalarType? dtype=None) -> Tensor"
7,input1_layer6,to.dtype,"aten::to.dtype(Tensor(a) self, ScalarType dtype, bool non_blocking=False, bool copy=False, MemoryFormat? memory_format=None) -> Tensor(a)"
5,input1_layer6,transpose.int,"aten::transpose.int(Tensor(a) self, int dim0, int dim1) -> Tensor(a)"
2,input1_layer6,unsqueeze.default,"aten::unsqueeze(Tensor(a) self, int dim) -> Tensor(a)"
3,input1_layer6,view.default,"aten::view(Tensor(a) self, SymInt[] size) -> Tensor(a)"
9,input1_layer7,add.Tensor,"aten::add.Tensor(Tensor self, Tensor other, *, Scalar alpha=1) -> Tensor"
1,input1_layer7,any.default,aten::any(Tensor self) -> Tensor
2,input1_layer7,cat.default,"aten::cat(Tensor[] tensors, int dim=0) -> Tensor"
2,input1_layer7,contiguous.default,"aten::contiguous(Tensor(a) self, *, MemoryFormat memory_format=0) -> Tensor(a)"
1,input1_layer7,cosine_similarity.default,"aten::cosine_similarity(Tensor x1, Tensor x2, int dim=1, float eps=1e-08) -> Tensor"
1,input1_layer7,div.Tensor,"aten::div.Tensor(Tensor self, Tensor other) -> Tensor"
1,input1_layer7,dropout.default,"aten::dropout(Tensor input, float p, bool train) -> Tensor"
1,input1_layer7,eq.Scalar,"aten::eq.Scalar(Tensor self, Scalar other) -> Tensor"
2,input1_layer7,gt.Scalar,"aten::gt.Scalar(Tensor self, Scalar other) -> Tensor"
2,input1_layer7,index.Tensor,"aten::index.Tensor(Tensor self, Tensor?[] indices) -> Tensor"
3,input1_layer7,is_nonzero.default,aten::is_nonzero(Tensor self) -> bool
4,input1_layer7,item.default,aten::item(Tensor self) -> Scalar
7,input1_layer7,linear.default,"aten::linear(Tensor input, Tensor weight, Tensor? bias=None) -> Tensor"
1,input1_layer7,lt.Scalar,"aten::lt.Scalar(Tensor self, Scalar other) -> Tensor"
2,input1_layer7,matmul.default,"aten::matmul(Tensor self, Tensor other) -> Tensor"
2,input1_layer7,mean.dim,"aten::mean.dim(Tensor self, int[1]? dim, bool keepdim=False, *, ScalarType? dtype=None) -> Tensor"
10,input1_layer7,mul.Tensor,"aten::mul.Tensor(Tensor self, Tensor other) -> Tensor"
2,input1_layer7,neg.default,aten::neg(Tensor self) -> Tensor
1,input1_layer7,permute.default,"aten::permute(Tensor(a) self, int[] dims) -> Tensor(a)"
2,input1_layer7,pow.Tensor_Scalar,"aten::pow.Tensor_Scalar(Tensor self, Scalar exponent) -> Tensor"
1,input1_layer7,reshape.default,"aten::reshape(Tensor(a) self, SymInt[] shape) -> Tensor(a)"
2,input1_layer7,rsqrt.default,aten::rsqrt(Tensor self) -> Tensor
6,input1_layer7,select.int,"aten::select.int(Tensor(a) self, int dim, SymInt index) -> Tensor(a)"
1,input1_layer7,silu.default,aten::silu(Tensor self) -> Tensor
7,input1_layer7,slice.Tensor,"aten::slice.Tensor(Tensor(a) self, int dim=0, SymInt? start=None, SymInt? end=None, SymInt step=1) -> Tensor(a)"
1,input1_layer7,softmax.int,"aten::softmax.int(Tensor self, int dim, ScalarType? dtype=None) -> Tensor"
1,input1_layer7,squeeze.dim,"aten::squeeze.dim(Tensor(a) self, int dim) -> Tensor(a)"
1,input1_layer7,sub.Tensor,"aten::sub.Tensor(Tensor self, Tensor other, *, Scalar alpha=1) -> Tensor"
7,input1_layer7,to.dtype,"aten::to.dtype(Tensor(a) self, ScalarType dtype, bool non_blocking=False, bool copy=False, MemoryFormat? memory_format=None) -> Tensor(a)"
5,input1_layer7,transpose.int,"aten::transpose.int(Tensor(a) self, int dim0, int dim1) -> Tensor(a)"
5,input1_layer7,unsqueeze.default,"aten::unsqueeze(Tensor(a) self, int dim) -> Tensor(a)"
4,input1_layer7,view.default,"aten::view(Tensor(a) self, SymInt[] size) -> Tensor(a)"
9,input1_layer8,add.Tensor,"aten::add.Tensor(Tensor self, Tensor other, *, Scalar alpha=1) -> Tensor"
1,input1_layer8,any.default,aten::any(Tensor self) -> Tensor
2,input1_layer8,cat.default,"aten::cat(Tensor[] tensors, int dim=0) -> Tensor"
2,input1_layer8,contiguous.default,"aten::contiguous(Tensor(a) self, *, MemoryFormat memory_format=0) -> Tensor(a)"
1,input1_layer8,cosine_similarity.default,"aten::cosine_similarity(Tensor x1, Tensor x2, int dim=1, float eps=1e-08) -> Tensor"
1,input1_layer8,div.Tensor,"aten::div.Tensor(Tensor self, Tensor other) -> Tensor"
1,input1_layer8,dropout.default,"aten::dropout(Tensor input, float p, bool train) -> Tensor"
1,input1_layer8,eq.Scalar,"aten::eq.Scalar(Tensor self, Scalar other) -> Tensor"
2,input1_layer8,gt.Scalar,"aten::gt.Scalar(Tensor self, Scalar other) -> Tensor"
2,input1_layer8,index.Tensor,"aten::index.Tensor(Tensor self, Tensor?[] indices) -> Tensor"
3,input1_layer8,is_nonzero.default,aten::is_nonzero(Tensor self) -> bool
4,input1_layer8,item.default,aten::item(Tensor self) -> Scalar
7,input1_layer8,linear.default,"aten::linear(Tensor input, Tensor weight, Tensor? bias=None) -> Tensor"
1,input1_layer8,lt.Scalar,"aten::lt.Scalar(Tensor self, Scalar other) -> Tensor"
2,input1_layer8,matmul.default,"aten::matmul(Tensor self, Tensor other) -> Tensor"
2,input1_layer8,mean.dim,"aten::mean.dim(Tensor self, int[1]? dim, bool keepdim=False, *, ScalarType? dtype=None) -> Tensor"
10,input1_layer8,mul.Tensor,"aten::mul.Tensor(Tensor self, Tensor other) -> Tensor"
2,input1_layer8,neg.default,aten::neg(Tensor self) -> Tensor
1,input1_layer8,permute.default,"aten::permute(Tensor(a) self, int[] dims) -> Tensor(a)"
2,input1_layer8,pow.Tensor_Scalar,"aten::pow.Tensor_Scalar(Tensor self, Scalar exponent) -> Tensor"
1,input1_layer8,reshape.default,"aten::reshape(Tensor(a) self, SymInt[] shape) -> Tensor(a)"
2,input1_layer8,rsqrt.default,aten::rsqrt(Tensor self) -> Tensor
6,input1_layer8,select.int,"aten::select.int(Tensor(a) self, int dim, SymInt index) -> Tensor(a)"
1,input1_layer8,silu.default,aten::silu(Tensor self) -> Tensor
7,input1_layer8,slice.Tensor,"aten::slice.Tensor(Tensor(a) self, int dim=0, SymInt? start=None, SymInt? end=None, SymInt step=1) -> Tensor(a)"
1,input1_layer8,softmax.int,"aten::softmax.int(Tensor self, int dim, ScalarType? dtype=None) -> Tensor"
1,input1_layer8,squeeze.dim,"aten::squeeze.dim(Tensor(a) self, int dim) -> Tensor(a)"
1,input1_layer8,sub.Tensor,"aten::sub.Tensor(Tensor self, Tensor other, *, Scalar alpha=1) -> Tensor"
7,input1_layer8,to.dtype,"aten::to.dtype(Tensor(a) self, ScalarType dtype, bool non_blocking=False, bool copy=False, MemoryFormat? memory_format=None) -> Tensor(a)"
5,input1_layer8,transpose.int,"aten::transpose.int(Tensor(a) self, int dim0, int dim1) -> Tensor(a)"
5,input1_layer8,unsqueeze.default,"aten::unsqueeze(Tensor(a) self, int dim) -> Tensor(a)"
4,input1_layer8,view.default,"aten::view(Tensor(a) self, SymInt[] size) -> Tensor(a)"
9,input1_layer9,add.Tensor,"aten::add.Tensor(Tensor self, Tensor other, *, Scalar alpha=1) -> Tensor"
1,input1_layer9,any.default,aten::any(Tensor self) -> Tensor
2,input1_layer9,cat.default,"aten::cat(Tensor[] tensors, int dim=0) -> Tensor"
2,input1_layer9,contiguous.default,"aten::contiguous(Tensor(a) self, *, MemoryFormat memory_format=0) -> Tensor(a)"
1,input1_layer9,cosine_similarity.default,"aten::cosine_similarity(Tensor x1, Tensor x2, int dim=1, float eps=1e-08) -> Tensor"
1,input1_layer9,div.Tensor,"aten::div.Tensor(Tensor self, Tensor other) -> Tensor"
1,input1_layer9,dropout.default,"aten::dropout(Tensor input, float p, bool train) -> Tensor"
1,input1_layer9,eq.Scalar,"aten::eq.Scalar(Tensor self, Scalar other) -> Tensor"
2,input1_layer9,gt.Scalar,"aten::gt.Scalar(Tensor self, Scalar other) -> Tensor"
2,input1_layer9,index.Tensor,"aten::index.Tensor(Tensor self, Tensor?[] indices) -> Tensor"
3,input1_layer9,is_nonzero.default,aten::is_nonzero(Tensor self) -> bool
4,input1_layer9,item.default,aten::item(Tensor self) -> Scalar
7,input1_layer9,linear.default,"aten::linear(Tensor input, Tensor weight, Tensor? bias=None) -> Tensor"
1,input1_layer9,lt.Scalar,"aten::lt.Scalar(Tensor self, Scalar other) -> Tensor"
2,input1_layer9,matmul.default,"aten::matmul(Tensor self, Tensor other) -> Tensor"
2,input1_layer9,mean.dim,"aten::mean.dim(Tensor self, int[1]? dim, bool keepdim=False, *, ScalarType? dtype=None) -> Tensor"
10,input1_layer9,mul.Tensor,"aten::mul.Tensor(Tensor self, Tensor other) -> Tensor"
2,input1_layer9,neg.default,aten::neg(Tensor self) -> Tensor
1,input1_layer9,permute.default,"aten::permute(Tensor(a) self, int[] dims) -> Tensor(a)"
2,input1_layer9,pow.Tensor_Scalar,"aten::pow.Tensor_Scalar(Tensor self, Scalar exponent) -> Tensor"
1,input1_layer9,reshape.default,"aten::reshape(Tensor(a) self, SymInt[] shape) -> Tensor(a)"
2,input1_layer9,rsqrt.default,aten::rsqrt(Tensor self) -> Tensor
6,input1_layer9,select.int,"aten::select.int(Tensor(a) self, int dim, SymInt index) -> Tensor(a)"
1,input1_layer9,silu.default,aten::silu(Tensor self) -> Tensor
7,input1_layer9,slice.Tensor,"aten::slice.Tensor(Tensor(a) self, int dim=0, SymInt? start=None, SymInt? end=None, SymInt step=1) -> Tensor(a)"
1,input1_layer9,softmax.int,"aten::softmax.int(Tensor self, int dim, ScalarType? dtype=None) -> Tensor"
1,input1_layer9,squeeze.dim,"aten::squeeze.dim(Tensor(a) self, int dim) -> Tensor(a)"
1,input1_layer9,sub.Tensor,"aten::sub.Tensor(Tensor self, Tensor other, *, Scalar alpha=1) -> Tensor"
7,input1_layer9,to.dtype,"aten::to.dtype(Tensor(a) self, ScalarType dtype, bool non_blocking=False, bool copy=False, MemoryFormat? memory_format=None) -> Tensor(a)"
5,input1_layer9,transpose.int,"aten::transpose.int(Tensor(a) self, int dim0, int dim1) -> Tensor(a)"
5,input1_layer9,unsqueeze.default,"aten::unsqueeze(Tensor(a) self, int dim) -> Tensor(a)"
4,input1_layer9,view.default,"aten::view(Tensor(a) self, SymInt[] size) -> Tensor(a)"
8,input2_layer18,add.Tensor,"aten::add.Tensor(Tensor self, Tensor other, *, Scalar alpha=1) -> Tensor"
4,input2_layer18,cat.default,"aten::cat(Tensor[] tensors, int dim=0) -> Tensor"
1,input2_layer18,div.Tensor,"aten::div.Tensor(Tensor self, Tensor other) -> Tensor"
1,input2_layer18,dropout.default,"aten::dropout(Tensor input, float p, bool train) -> Tensor"
2,input2_layer18,gt.Scalar,"aten::gt.Scalar(Tensor self, Scalar other) -> Tensor"
2,input2_layer18,index.Tensor,"aten::index.Tensor(Tensor self, Tensor?[] indices) -> Tensor"
2,input2_layer18,is_nonzero.default,aten::is_nonzero(Tensor self) -> bool
2,input2_layer18,item.default,aten::item(Tensor self) -> Scalar
7,input2_layer18,linear.default,"aten::linear(Tensor input, Tensor weight, Tensor? bias=None) -> Tensor"
2,input2_layer18,matmul.default,"aten::matmul(Tensor self, Tensor other) -> Tensor"
2,input2_layer18,mean.dim,"aten::mean.dim(Tensor self, int[1]? dim, bool keepdim=False, *, ScalarType? dtype=None) -> Tensor"
9,input2_layer18,mul.Tensor,"aten::mul.Tensor(Tensor self, Tensor other) -> Tensor"
2,input2_layer18,neg.default,aten::neg(Tensor self) -> Tensor
2,input2_layer18,pow.Tensor_Scalar,"aten::pow.Tensor_Scalar(Tensor self, Scalar exponent) -> Tensor"
1,input2_layer18,reshape.default,"aten::reshape(Tensor(a) self, SymInt[] shape) -> Tensor(a)"
2,input2_layer18,rsqrt.default,aten::rsqrt(Tensor self) -> Tensor
2,input2_layer18,select.int,"aten::select.int(Tensor(a) self, int dim, SymInt index) -> Tensor(a)"
1,input2_layer18,silu.default,aten::silu(Tensor self) -> Tensor
6,input2_layer18,slice.Tensor,"aten::slice.Tensor(Tensor(a) self, int dim=0, SymInt? start=None, SymInt? end=None, SymInt step=1) -> Tensor(a)"
1,input2_layer18,softmax.int,"aten::softmax.int(Tensor self, int dim, ScalarType? dtype=None) -> Tensor"
7,input2_layer18,to.dtype,"aten::to.dtype(Tensor(a) self, ScalarType dtype, bool non_blocking=False, bool copy=False, MemoryFormat? memory_format=None) -> Tensor(a)"
5,input2_layer18,transpose.int,"aten::transpose.int(Tensor(a) self, int dim0, int dim1) -> Tensor(a)"
2,input2_layer18,unsqueeze.default,"aten::unsqueeze(Tensor(a) self, int dim) -> Tensor(a)"
3,input2_layer18,view.default,"aten::view(Tensor(a) self, SymInt[] size) -> Tensor(a)"
8,input2_layer19,add.Tensor,"aten::add.Tensor(Tensor self, Tensor other, *, Scalar alpha=1) -> Tensor"
4,input2_layer19,cat.default,"aten::cat(Tensor[] tensors, int dim=0) -> Tensor"
1,input2_layer19,div.Tensor,"aten::div.Tensor(Tensor self, Tensor other) -> Tensor"
1,input2_layer19,dropout.default,"aten::dropout(Tensor input, float p, bool train) -> Tensor"
2,input2_layer19,gt.Scalar,"aten::gt.Scalar(Tensor self, Scalar other) -> Tensor"
2,input2_layer19,index.Tensor,"aten::index.Tensor(Tensor self, Tensor?[] indices) -> Tensor"
2,input2_layer19,is_nonzero.default,aten::is_nonzero(Tensor self) -> bool
2,input2_layer19,item.default,aten::item(Tensor self) -> Scalar
7,input2_layer19,linear.default,"aten::linear(Tensor input, Tensor weight, Tensor? bias=None) -> Tensor"
2,input2_layer19,matmul.default,"aten::matmul(Tensor self, Tensor other) -> Tensor"
2,input2_layer19,mean.dim,"aten::mean.dim(Tensor self, int[1]? dim, bool keepdim=False, *, ScalarType? dtype=None) -> Tensor"
9,input2_layer19,mul.Tensor,"aten::mul.Tensor(Tensor self, Tensor other) -> Tensor"
2,input2_layer19,neg.default,aten::neg(Tensor self) -> Tensor
2,input2_layer19,pow.Tensor_Scalar,"aten::pow.Tensor_Scalar(Tensor self, Scalar exponent) -> Tensor"
1,input2_layer19,reshape.default,"aten::reshape(Tensor(a) self, SymInt[] shape) -> Tensor(a)"
2,input2_layer19,rsqrt.default,aten::rsqrt(Tensor self) -> Tensor
2,input2_layer19,select.int,"aten::select.int(Tensor(a) self, int dim, SymInt index) -> Tensor(a)"
1,input2_layer19,silu.default,aten::silu(Tensor self) -> Tensor
6,input2_layer19,slice.Tensor,"aten::slice.Tensor(Tensor(a) self, int dim=0, SymInt? start=None, SymInt? end=None, SymInt step=1) -> Tensor(a)"
1,input2_layer19,softmax.int,"aten::softmax.int(Tensor self, int dim, ScalarType? dtype=None) -> Tensor"
7,input2_layer19,to.dtype,"aten::to.dtype(Tensor(a) self, ScalarType dtype, bool non_blocking=False, bool copy=False, MemoryFormat? memory_format=None) -> Tensor(a)"
5,input2_layer19,transpose.int,"aten::transpose.int(Tensor(a) self, int dim0, int dim1) -> Tensor(a)"
2,input2_layer19,unsqueeze.default,"aten::unsqueeze(Tensor(a) self, int dim) -> Tensor(a)"
3,input2_layer19,view.default,"aten::view(Tensor(a) self, SymInt[] size) -> Tensor(a)"
8,input2_layer27,add.Tensor,"aten::add.Tensor(Tensor self, Tensor other, *, Scalar alpha=1) -> Tensor"
4,input2_layer27,cat.default,"aten::cat(Tensor[] tensors, int dim=0) -> Tensor"
1,input2_layer27,div.Tensor,"aten::div.Tensor(Tensor self, Tensor other) -> Tensor"
1,input2_layer27,dropout.default,"aten::dropout(Tensor input, float p, bool train) -> Tensor"
2,input2_layer27,gt.Scalar,"aten::gt.Scalar(Tensor self, Scalar other) -> Tensor"
2,input2_layer27,index.Tensor,"aten::index.Tensor(Tensor self, Tensor?[] indices) -> Tensor"
2,input2_layer27,is_nonzero.default,aten::is_nonzero(Tensor self) -> bool
2,input2_layer27,item.default,aten::item(Tensor self) -> Scalar
7,input2_layer27,linear.default,"aten::linear(Tensor input, Tensor weight, Tensor? bias=None) -> Tensor"
2,input2_layer27,matmul.default,"aten::matmul(Tensor self, Tensor other) -> Tensor"
2,input2_layer27,mean.dim,"aten::mean.dim(Tensor self, int[1]? dim, bool keepdim=False, *, ScalarType? dtype=None) -> Tensor"
9,input2_layer27,mul.Tensor,"aten::mul.Tensor(Tensor self, Tensor other) -> Tensor"
2,input2_layer27,neg.default,aten::neg(Tensor self) -> Tensor
2,input2_layer27,pow.Tensor_Scalar,"aten::pow.Tensor_Scalar(Tensor self, Scalar exponent) -> Tensor"
1,input2_layer27,reshape.default,"aten::reshape(Tensor(a) self, SymInt[] shape) -> Tensor(a)"
2,input2_layer27,rsqrt.default,aten::rsqrt(Tensor self) -> Tensor
2,input2_layer27,select.int,"aten::select.int(Tensor(a) self, int dim, SymInt index) -> Tensor(a)"
1,input2_layer27,silu.default,aten::silu(Tensor self) -> Tensor
6,input2_layer27,slice.Tensor,"aten::slice.Tensor(Tensor(a) self, int dim=0, SymInt? start=None, SymInt? end=None, SymInt step=1) -> Tensor(a)"
1,input2_layer27,softmax.int,"aten::softmax.int(Tensor self, int dim, ScalarType? dtype=None) -> Tensor"
7,input2_layer27,to.dtype,"aten::to.dtype(Tensor(a) self, ScalarType dtype, bool non_blocking=False, bool copy=False, MemoryFormat? memory_format=None) -> Tensor(a)"
5,input2_layer27,transpose.int,"aten::transpose.int(Tensor(a) self, int dim0, int dim1) -> Tensor(a)"
2,input2_layer27,unsqueeze.default,"aten::unsqueeze(Tensor(a) self, int dim) -> Tensor(a)"
3,input2_layer27,view.default,"aten::view(Tensor(a) self, SymInt[] size) -> Tensor(a)"
8,input2_layer28,add.Tensor,"aten::add.Tensor(Tensor self, Tensor other, *, Scalar alpha=1) -> Tensor"
4,input2_layer28,cat.default,"aten::cat(Tensor[] tensors, int dim=0) -> Tensor"
1,input2_layer28,div.Tensor,"aten::div.Tensor(Tensor self, Tensor other) -> Tensor"
1,input2_layer28,dropout.default,"aten::dropout(Tensor input, float p, bool train) -> Tensor"
2,input2_layer28,gt.Scalar,"aten::gt.Scalar(Tensor self, Scalar other) -> Tensor"
2,input2_layer28,index.Tensor,"aten::index.Tensor(Tensor self, Tensor?[] indices) -> Tensor"
2,input2_layer28,is_nonzero.default,aten::is_nonzero(Tensor self) -> bool
2,input2_layer28,item.default,aten::item(Tensor self) -> Scalar
7,input2_layer28,linear.default,"aten::linear(Tensor input, Tensor weight, Tensor? bias=None) -> Tensor"
2,input2_layer28,matmul.default,"aten::matmul(Tensor self, Tensor other) -> Tensor"
2,input2_layer28,mean.dim,"aten::mean.dim(Tensor self, int[1]? dim, bool keepdim=False, *, ScalarType? dtype=None) -> Tensor"
9,input2_layer28,mul.Tensor,"aten::mul.Tensor(Tensor self, Tensor other) -> Tensor"
2,input2_layer28,neg.default,aten::neg(Tensor self) -> Tensor
2,input2_layer28,pow.Tensor_Scalar,"aten::pow.Tensor_Scalar(Tensor self, Scalar exponent) -> Tensor"
1,input2_layer28,reshape.default,"aten::reshape(Tensor(a) self, SymInt[] shape) -> Tensor(a)"
2,input2_layer28,rsqrt.default,aten::rsqrt(Tensor self) -> Tensor
2,input2_layer28,select.int,"aten::select.int(Tensor(a) self, int dim, SymInt index) -> Tensor(a)"
1,input2_layer28,silu.default,aten::silu(Tensor self) -> Tensor
6,input2_layer28,slice.Tensor,"aten::slice.Tensor(Tensor(a) self, int dim=0, SymInt? start=None, SymInt? end=None, SymInt step=1) -> Tensor(a)"
1,input2_layer28,softmax.int,"aten::softmax.int(Tensor self, int dim, ScalarType? dtype=None) -> Tensor"
7,input2_layer28,to.dtype,"aten::to.dtype(Tensor(a) self, ScalarType dtype, bool non_blocking=False, bool copy=False, MemoryFormat? memory_format=None) -> Tensor(a)"
5,input2_layer28,transpose.int,"aten::transpose.int(Tensor(a) self, int dim0, int dim1) -> Tensor(a)"
2,input2_layer28,unsqueeze.default,"aten::unsqueeze(Tensor(a) self, int dim) -> Tensor(a)"
3,input2_layer28,view.default,"aten::view(Tensor(a) self, SymInt[] size) -> Tensor(a)"
8,input2_layer31,add.Tensor,"aten::add.Tensor(Tensor self, Tensor other, *, Scalar alpha=1) -> Tensor"
4,input2_layer31,cat.default,"aten::cat(Tensor[] tensors, int dim=0) -> Tensor"
1,input2_layer31,div.Tensor,"aten::div.Tensor(Tensor self, Tensor other) -> Tensor"
1,input2_layer31,dropout.default,"aten::dropout(Tensor input, float p, bool train) -> Tensor"
2,input2_layer31,gt.Scalar,"aten::gt.Scalar(Tensor self, Scalar other) -> Tensor"
2,input2_layer31,index.Tensor,"aten::index.Tensor(Tensor self, Tensor?[] indices) -> Tensor"
2,input2_layer31,is_nonzero.default,aten::is_nonzero(Tensor self) -> bool
2,input2_layer31,item.default,aten::item(Tensor self) -> Scalar
7,input2_layer31,linear.default,"aten::linear(Tensor input, Tensor weight, Tensor? bias=None) -> Tensor"
2,input2_layer31,matmul.default,"aten::matmul(Tensor self, Tensor other) -> Tensor"
2,input2_layer31,mean.dim,"aten::mean.dim(Tensor self, int[1]? dim, bool keepdim=False, *, ScalarType? dtype=None) -> Tensor"
9,input2_layer31,mul.Tensor,"aten::mul.Tensor(Tensor self, Tensor other) -> Tensor"
2,input2_layer31,neg.default,aten::neg(Tensor self) -> Tensor
2,input2_layer31,pow.Tensor_Scalar,"aten::pow.Tensor_Scalar(Tensor self, Scalar exponent) -> Tensor"
1,input2_layer31,reshape.default,"aten::reshape(Tensor(a) self, SymInt[] shape) -> Tensor(a)"
2,input2_layer31,rsqrt.default,aten::rsqrt(Tensor self) -> Tensor
2,input2_layer31,select.int,"aten::select.int(Tensor(a) self, int dim, SymInt index) -> Tensor(a)"
1,input2_layer31,silu.default,aten::silu(Tensor self) -> Tensor
6,input2_layer31,slice.Tensor,"aten::slice.Tensor(Tensor(a) self, int dim=0, SymInt? start=None, SymInt? end=None, SymInt step=1) -> Tensor(a)"
1,input2_layer31,softmax.int,"aten::softmax.int(Tensor self, int dim, ScalarType? dtype=None) -> Tensor"
7,input2_layer31,to.dtype,"aten::to.dtype(Tensor(a) self, ScalarType dtype, bool non_blocking=False, bool copy=False, MemoryFormat? memory_format=None) -> Tensor(a)"
5,input2_layer31,transpose.int,"aten::transpose.int(Tensor(a) self, int dim0, int dim1) -> Tensor(a)"
2,input2_layer31,unsqueeze.default,"aten::unsqueeze(Tensor(a) self, int dim) -> Tensor(a)"
3,input2_layer31,view.default,"aten::view(Tensor(a) self, SymInt[] size) -> Tensor(a)"
8,input32_layer18,add.Tensor,"aten::add.Tensor(Tensor self, Tensor other, *, Scalar alpha=1) -> Tensor"
4,input32_layer18,cat.default,"aten::cat(Tensor[] tensors, int dim=0) -> Tensor"
1,input32_layer18,div.Tensor,"aten::div.Tensor(Tensor self, Tensor other) -> Tensor"
1,input32_layer18,dropout.default,"aten::dropout(Tensor input, float p, bool train) -> Tensor"
2,input32_layer18,gt.Scalar,"aten::gt.Scalar(Tensor self, Scalar other) -> Tensor"
2,input32_layer18,index.Tensor,"aten::index.Tensor(Tensor self, Tensor?[] indices) -> Tensor"
2,input32_layer18,is_nonzero.default,aten::is_nonzero(Tensor self) -> bool
2,input32_layer18,item.default,aten::item(Tensor self) -> Scalar
7,input32_layer18,linear.default,"aten::linear(Tensor input, Tensor weight, Tensor? bias=None) -> Tensor"
2,input32_layer18,matmul.default,"aten::matmul(Tensor self, Tensor other) -> Tensor"
2,input32_layer18,mean.dim,"aten::mean.dim(Tensor self, int[1]? dim, bool keepdim=False, *, ScalarType? dtype=None) -> Tensor"
9,input32_layer18,mul.Tensor,"aten::mul.Tensor(Tensor self, Tensor other) -> Tensor"
2,input32_layer18,neg.default,aten::neg(Tensor self) -> Tensor
2,input32_layer18,pow.Tensor_Scalar,"aten::pow.Tensor_Scalar(Tensor self, Scalar exponent) -> Tensor"
1,input32_layer18,reshape.default,"aten::reshape(Tensor(a) self, SymInt[] shape) -> Tensor(a)"
2,input32_layer18,rsqrt.default,aten::rsqrt(Tensor self) -> Tensor
2,input32_layer18,select.int,"aten::select.int(Tensor(a) self, int dim, SymInt index) -> Tensor(a)"
1,input32_layer18,silu.default,aten::silu(Tensor self) -> Tensor
6,input32_layer18,slice.Tensor,"aten::slice.Tensor(Tensor(a) self, int dim=0, SymInt? start=None, SymInt? end=None, SymInt step=1) -> Tensor(a)"
1,input32_layer18,softmax.int,"aten::softmax.int(Tensor self, int dim, ScalarType? dtype=None) -> Tensor"
7,input32_layer18,to.dtype,"aten::to.dtype(Tensor(a) self, ScalarType dtype, bool non_blocking=False, bool copy=False, MemoryFormat? memory_format=None) -> Tensor(a)"
5,input32_layer18,transpose.int,"aten::transpose.int(Tensor(a) self, int dim0, int dim1) -> Tensor(a)"
2,input32_layer18,unsqueeze.default,"aten::unsqueeze(Tensor(a) self, int dim) -> Tensor(a)"
3,input32_layer18,view.default,"aten::view(Tensor(a) self, SymInt[] size) -> Tensor(a)"
8,input32_layer19,add.Tensor,"aten::add.Tensor(Tensor self, Tensor other, *, Scalar alpha=1) -> Tensor"
4,input32_layer19,cat.default,"aten::cat(Tensor[] tensors, int dim=0) -> Tensor"
1,input32_layer19,div.Tensor,"aten::div.Tensor(Tensor self, Tensor other) -> Tensor"
1,input32_layer19,dropout.default,"aten::dropout(Tensor input, float p, bool train) -> Tensor"
2,input32_layer19,gt.Scalar,"aten::gt.Scalar(Tensor self, Scalar other) -> Tensor"
2,input32_layer19,index.Tensor,"aten::index.Tensor(Tensor self, Tensor?[] indices) -> Tensor"
2,input32_layer19,is_nonzero.default,aten::is_nonzero(Tensor self) -> bool
2,input32_layer19,item.default,aten::item(Tensor self) -> Scalar
7,input32_layer19,linear.default,"aten::linear(Tensor input, Tensor weight, Tensor? bias=None) -> Tensor"
2,input32_layer19,matmul.default,"aten::matmul(Tensor self, Tensor other) -> Tensor"
2,input32_layer19,mean.dim,"aten::mean.dim(Tensor self, int[1]? dim, bool keepdim=False, *, ScalarType? dtype=None) -> Tensor"
9,input32_layer19,mul.Tensor,"aten::mul.Tensor(Tensor self, Tensor other) -> Tensor"
2,input32_layer19,neg.default,aten::neg(Tensor self) -> Tensor
2,input32_layer19,pow.Tensor_Scalar,"aten::pow.Tensor_Scalar(Tensor self, Scalar exponent) -> Tensor"
1,input32_layer19,reshape.default,"aten::reshape(Tensor(a) self, SymInt[] shape) -> Tensor(a)"
2,input32_layer19,rsqrt.default,aten::rsqrt(Tensor self) -> Tensor
2,input32_layer19,select.int,"aten::select.int(Tensor(a) self, int dim, SymInt index) -> Tensor(a)"
1,input32_layer19,silu.default,aten::silu(Tensor self) -> Tensor
6,input32_layer19,slice.Tensor,"aten::slice.Tensor(Tensor(a) self, int dim=0, SymInt? start=None, SymInt? end=None, SymInt step=1) -> Tensor(a)"
1,input32_layer19,softmax.int,"aten::softmax.int(Tensor self, int dim, ScalarType? dtype=None) -> Tensor"
7,input32_layer19,to.dtype,"aten::to.dtype(Tensor(a) self, ScalarType dtype, bool non_blocking=False, bool copy=False, MemoryFormat? memory_format=None) -> Tensor(a)"
5,input32_layer19,transpose.int,"aten::transpose.int(Tensor(a) self, int dim0, int dim1) -> Tensor(a)"
2,input32_layer19,unsqueeze.default,"aten::unsqueeze(Tensor(a) self, int dim) -> Tensor(a)"
3,input32_layer19,view.default,"aten::view(Tensor(a) self, SymInt[] size) -> Tensor(a)"
8,input32_layer27,add.Tensor,"aten::add.Tensor(Tensor self, Tensor other, *, Scalar alpha=1) -> Tensor"
4,input32_layer27,cat.default,"aten::cat(Tensor[] tensors, int dim=0) -> Tensor"
1,input32_layer27,div.Tensor,"aten::div.Tensor(Tensor self, Tensor other) -> Tensor"
1,input32_layer27,dropout.default,"aten::dropout(Tensor input, float p, bool train) -> Tensor"
2,input32_layer27,gt.Scalar,"aten::gt.Scalar(Tensor self, Scalar other) -> Tensor"
2,input32_layer27,index.Tensor,"aten::index.Tensor(Tensor self, Tensor?[] indices) -> Tensor"
2,input32_layer27,is_nonzero.default,aten::is_nonzero(Tensor self) -> bool
2,input32_layer27,item.default,aten::item(Tensor self) -> Scalar
7,input32_layer27,linear.default,"aten::linear(Tensor input, Tensor weight, Tensor? bias=None) -> Tensor"
2,input32_layer27,matmul.default,"aten::matmul(Tensor self, Tensor other) -> Tensor"
2,input32_layer27,mean.dim,"aten::mean.dim(Tensor self, int[1]? dim, bool keepdim=False, *, ScalarType? dtype=None) -> Tensor"
9,input32_layer27,mul.Tensor,"aten::mul.Tensor(Tensor self, Tensor other) -> Tensor"
2,input32_layer27,neg.default,aten::neg(Tensor self) -> Tensor
2,input32_layer27,pow.Tensor_Scalar,"aten::pow.Tensor_Scalar(Tensor self, Scalar exponent) -> Tensor"
1,input32_layer27,reshape.default,"aten::reshape(Tensor(a) self, SymInt[] shape) -> Tensor(a)"
2,input32_layer27,rsqrt.default,aten::rsqrt(Tensor self) -> Tensor
2,input32_layer27,select.int,"aten::select.int(Tensor(a) self, int dim, SymInt index) -> Tensor(a)"
1,input32_layer27,silu.default,aten::silu(Tensor self) -> Tensor
6,input32_layer27,slice.Tensor,"aten::slice.Tensor(Tensor(a) self, int dim=0, SymInt? start=None, SymInt? end=None, SymInt step=1) -> Tensor(a)"
1,input32_layer27,softmax.int,"aten::softmax.int(Tensor self, int dim, ScalarType? dtype=None) -> Tensor"
7,input32_layer27,to.dtype,"aten::to.dtype(Tensor(a) self, ScalarType dtype, bool non_blocking=False, bool copy=False, MemoryFormat? memory_format=None) -> Tensor(a)"
5,input32_layer27,transpose.int,"aten::transpose.int(Tensor(a) self, int dim0, int dim1) -> Tensor(a)"
2,input32_layer27,unsqueeze.default,"aten::unsqueeze(Tensor(a) self, int dim) -> Tensor(a)"
3,input32_layer27,view.default,"aten::view(Tensor(a) self, SymInt[] size) -> Tensor(a)"
8,input32_layer28,add.Tensor,"aten::add.Tensor(Tensor self, Tensor other, *, Scalar alpha=1) -> Tensor"
4,input32_layer28,cat.default,"aten::cat(Tensor[] tensors, int dim=0) -> Tensor"
1,input32_layer28,div.Tensor,"aten::div.Tensor(Tensor self, Tensor other) -> Tensor"
1,input32_layer28,dropout.default,"aten::dropout(Tensor input, float p, bool train) -> Tensor"
2,input32_layer28,gt.Scalar,"aten::gt.Scalar(Tensor self, Scalar other) -> Tensor"
2,input32_layer28,index.Tensor,"aten::index.Tensor(Tensor self, Tensor?[] indices) -> Tensor"
2,input32_layer28,is_nonzero.default,aten::is_nonzero(Tensor self) -> bool
2,input32_layer28,item.default,aten::item(Tensor self) -> Scalar
7,input32_layer28,linear.default,"aten::linear(Tensor input, Tensor weight, Tensor? bias=None) -> Tensor"
2,input32_layer28,matmul.default,"aten::matmul(Tensor self, Tensor other) -> Tensor"
2,input32_layer28,mean.dim,"aten::mean.dim(Tensor self, int[1]? dim, bool keepdim=False, *, ScalarType? dtype=None) -> Tensor"
9,input32_layer28,mul.Tensor,"aten::mul.Tensor(Tensor self, Tensor other) -> Tensor"
2,input32_layer28,neg.default,aten::neg(Tensor self) -> Tensor
2,input32_layer28,pow.Tensor_Scalar,"aten::pow.Tensor_Scalar(Tensor self, Scalar exponent) -> Tensor"
1,input32_layer28,reshape.default,"aten::reshape(Tensor(a) self, SymInt[] shape) -> Tensor(a)"
2,input32_layer28,rsqrt.default,aten::rsqrt(Tensor self) -> Tensor
2,input32_layer28,select.int,"aten::select.int(Tensor(a) self, int dim, SymInt index) -> Tensor(a)"
1,input32_layer28,silu.default,aten::silu(Tensor self) -> Tensor
6,input32_layer28,slice.Tensor,"aten::slice.Tensor(Tensor(a) self, int dim=0, SymInt? start=None, SymInt? end=None, SymInt step=1) -> Tensor(a)"
1,input32_layer28,softmax.int,"aten::softmax.int(Tensor self, int dim, ScalarType? dtype=None) -> Tensor"
7,input32_layer28,to.dtype,"aten::to.dtype(Tensor(a) self, ScalarType dtype, bool non_blocking=False, bool copy=False, MemoryFormat? memory_format=None) -> Tensor(a)"
5,input32_layer28,transpose.int,"aten::transpose.int(Tensor(a) self, int dim0, int dim1) -> Tensor(a)"
2,input32_layer28,unsqueeze.default,"aten::unsqueeze(Tensor(a) self, int dim) -> Tensor(a)"
3,input32_layer28,view.default,"aten::view(Tensor(a) self, SymInt[] size) -> Tensor(a)"
8,input32_layer31,add.Tensor,"aten::add.Tensor(Tensor self, Tensor other, *, Scalar alpha=1) -> Tensor"
4,input32_layer31,cat.default,"aten::cat(Tensor[] tensors, int dim=0) -> Tensor"
1,input32_layer31,div.Tensor,"aten::div.Tensor(Tensor self, Tensor other) -> Tensor"
1,input32_layer31,dropout.default,"aten::dropout(Tensor input, float p, bool train) -> Tensor"
2,input32_layer31,gt.Scalar,"aten::gt.Scalar(Tensor self, Scalar other) -> Tensor"
2,input32_layer31,index.Tensor,"aten::index.Tensor(Tensor self, Tensor?[] indices) -> Tensor"
2,input32_layer31,is_nonzero.default,aten::is_nonzero(Tensor self) -> bool
2,input32_layer31,item.default,aten::item(Tensor self) -> Scalar
7,input32_layer31,linear.default,"aten::linear(Tensor input, Tensor weight, Tensor? bias=None) -> Tensor"
2,input32_layer31,matmul.default,"aten::matmul(Tensor self, Tensor other) -> Tensor"
2,input32_layer31,mean.dim,"aten::mean.dim(Tensor self, int[1]? dim, bool keepdim=False, *, ScalarType? dtype=None) -> Tensor"
9,input32_layer31,mul.Tensor,"aten::mul.Tensor(Tensor self, Tensor other) -> Tensor"
2,input32_layer31,neg.default,aten::neg(Tensor self) -> Tensor
2,input32_layer31,pow.Tensor_Scalar,"aten::pow.Tensor_Scalar(Tensor self, Scalar exponent) -> Tensor"
1,input32_layer31,reshape.default,"aten::reshape(Tensor(a) self, SymInt[] shape) -> Tensor(a)"
2,input32_layer31,rsqrt.default,aten::rsqrt(Tensor self) -> Tensor
2,input32_layer31,select.int,"aten::select.int(Tensor(a) self, int dim, SymInt index) -> Tensor(a)"
1,input32_layer31,silu.default,aten::silu(Tensor self) -> Tensor
6,input32_layer31,slice.Tensor,"aten::slice.Tensor(Tensor(a) self, int dim=0, SymInt? start=None, SymInt? end=None, SymInt step=1) -> Tensor(a)"
1,input32_layer31,softmax.int,"aten::softmax.int(Tensor self, int dim, ScalarType? dtype=None) -> Tensor"
7,input32_layer31,to.dtype,"aten::to.dtype(Tensor(a) self, ScalarType dtype, bool non_blocking=False, bool copy=False, MemoryFormat? memory_format=None) -> Tensor(a)"
5,input32_layer31,transpose.int,"aten::transpose.int(Tensor(a) self, int dim0, int dim1) -> Tensor(a)"
2,input32_layer31,unsqueeze.default,"aten::unsqueeze(Tensor(a) self, int dim) -> Tensor(a)"
3,input32_layer31,view.default,"aten::view(Tensor(a) self, SymInt[] size) -> Tensor(a)"
