batch_size,dispatch_captured,forward_id,hidden_shape_in,hidden_shape_out,kv_len,layer_idx,layer_module_path,past_len,phase,position_shape,q_len
1,True,1,"[1, 624, 4096]","[1, 624, 4096]",624,0,model.layers.31,0,prefill,"[1, 624]",624
1,False,1,"[1, 624, 4096]","[1, 624, 4096]",624,1,model.layers.31,0,prefill,"[1, 624]",624
1,False,1,"[1, 624, 4096]","[1, 624, 4096]",624,2,model.layers.31,0,prefill,"[1, 624]",624
1,False,1,"[1, 624, 4096]","[1, 624, 4096]",624,3,model.layers.31,0,prefill,"[1, 624]",624
1,False,1,"[1, 624, 4096]","[1, 624, 4096]",624,4,model.layers.31,0,prefill,"[1, 624]",624
1,True,1,"[1, 624, 4096]","[1, 624, 4096]",624,5,model.layers.31,0,prefill,"[1, 624]",624
1,True,1,"[1, 624, 4096]","[1, 624, 4096]",624,6,model.layers.31,0,prefill,"[1, 624]",624
1,True,1,"[1, 624, 4096]","[1, 624, 4096]",624,7,model.layers.31,0,prefill,"[1, 624]",624
1,True,1,"[1, 624, 4096]","[1, 624, 4096]",624,8,model.layers.31,0,prefill,"[1, 624]",624
1,True,1,"[1, 624, 4096]","[1, 624, 4096]",624,9,model.layers.31,0,prefill,"[1, 624]",624
1,True,1,"[1, 624, 4096]","[1, 624, 4096]",624,10,model.layers.31,0,prefill,"[1, 624]",624
1,True,1,"[1, 624, 4096]","[1, 624, 4096]",624,11,model.layers.31,0,prefill,"[1, 624]",624
1,True,1,"[1, 624, 4096]","[1, 624, 4096]",624,12,model.layers.31,0,prefill,"[1, 624]",624
1,True,1,"[1, 624, 4096]","[1, 624, 4096]",624,13,model.layers.31,0,prefill,"[1, 624]",624
1,True,1,"[1, 624, 4096]","[1, 624, 4096]",624,14,model.layers.31,0,prefill,"[1, 624]",624
1,True,1,"[1, 624, 4096]","[1, 624, 4096]",624,15,model.layers.31,0,prefill,"[1, 624]",624
1,True,1,"[1, 624, 4096]","[1, 624, 4096]",624,16,model.layers.31,0,prefill,"[1, 624]",624
1,True,1,"[1, 624, 4096]","[1, 624, 4096]",624,17,model.layers.31,0,prefill,"[1, 624]",624
1,True,1,"[1, 624, 4096]","[1, 624, 4096]",624,18,model.layers.31,0,prefill,"[1, 624]",624
1,True,1,"[1, 58, 4096]","[1, 58, 4096]",58,19,model.layers.31,0,prefill,"[1, 58]",58
1,True,1,"[1, 58, 4096]","[1, 58, 4096]",58,20,model.layers.31,0,prefill,"[1, 58]",58
1,True,1,"[1, 58, 4096]","[1, 58, 4096]",58,21,model.layers.31,0,prefill,"[1, 58]",58
1,True,1,"[1, 58, 4096]","[1, 58, 4096]",58,22,model.layers.31,0,prefill,"[1, 58]",58
1,True,1,"[1, 58, 4096]","[1, 58, 4096]",58,23,model.layers.31,0,prefill,"[1, 58]",58
1,True,1,"[1, 58, 4096]","[1, 58, 4096]",58,24,model.layers.31,0,prefill,"[1, 58]",58
1,True,1,"[1, 58, 4096]","[1, 58, 4096]",58,25,model.layers.31,0,prefill,"[1, 58]",58
1,True,1,"[1, 58, 4096]","[1, 58, 4096]",58,26,model.layers.31,0,prefill,"[1, 58]",58
1,True,1,"[1, 58, 4096]","[1, 58, 4096]",58,27,model.layers.31,0,prefill,"[1, 58]",58
1,True,1,"[1, 48, 4096]","[1, 48, 4096]",48,28,model.layers.31,0,prefill,"[1, 48]",48
1,False,1,"[1, 48, 4096]","[1, 48, 4096]",48,29,model.layers.31,0,prefill,"[1, 48]",48
1,False,1,"[1, 48, 4096]","[1, 48, 4096]",48,30,model.layers.31,0,prefill,"[1, 48]",48
1,False,1,"[1, 48, 4096]","[1, 48, 4096]",48,31,model.layers.31,0,prefill,"[1, 48]",48
1,False,2,"[1, 1, 4096]","[1, 1, 4096]",625,0,model.layers.31,624,decode,"[1, 1]",1
1,False,2,"[1, 1, 4096]","[1, 1, 4096]",625,1,model.layers.31,624,decode,"[1, 1]",1
1,False,2,"[1, 1, 4096]","[1, 1, 4096]",625,2,model.layers.31,624,decode,"[1, 1]",1
1,False,2,"[1, 1, 4096]","[1, 1, 4096]",625,3,model.layers.31,624,decode,"[1, 1]",1
1,False,2,"[1, 1, 4096]","[1, 1, 4096]",625,4,model.layers.31,624,decode,"[1, 1]",1
1,False,2,"[1, 1, 4096]","[1, 1, 4096]",625,5,model.layers.31,624,decode,"[1, 1]",1
1,False,2,"[1, 1, 4096]","[1, 1, 4096]",625,6,model.layers.31,624,decode,"[1, 1]",1
1,False,2,"[1, 1, 4096]","[1, 1, 4096]",625,7,model.layers.31,624,decode,"[1, 1]",1
1,False,2,"[1, 1, 4096]","[1, 1, 4096]",625,8,model.layers.31,624,decode,"[1, 1]",1
1,False,2,"[1, 1, 4096]","[1, 1, 4096]",625,9,model.layers.31,624,decode,"[1, 1]",1
1,False,2,"[1, 1, 4096]","[1, 1, 4096]",625,10,model.layers.31,624,decode,"[1, 1]",1
1,False,2,"[1, 1, 4096]","[1, 1, 4096]",625,11,model.layers.31,624,decode,"[1, 1]",1
1,False,2,"[1, 1, 4096]","[1, 1, 4096]",625,12,model.layers.31,624,decode,"[1, 1]",1
1,False,2,"[1, 1, 4096]","[1, 1, 4096]",625,13,model.layers.31,624,decode,"[1, 1]",1
1,False,2,"[1, 1, 4096]","[1, 1, 4096]",625,14,model.layers.31,624,decode,"[1, 1]",1
1,False,2,"[1, 1, 4096]","[1, 1, 4096]",625,15,model.layers.31,624,decode,"[1, 1]",1
1,False,2,"[1, 1, 4096]","[1, 1, 4096]",625,16,model.layers.31,624,decode,"[1, 1]",1
1,False,2,"[1, 1, 4096]","[1, 1, 4096]",625,17,model.layers.31,624,decode,"[1, 1]",1
1,True,2,"[1, 1, 4096]","[1, 1, 4096]",625,18,model.layers.31,624,decode,"[1, 1]",1
1,True,2,"[1, 1, 4096]","[1, 1, 4096]",59,19,model.layers.31,58,decode,"[1, 1]",1
1,False,2,"[1, 1, 4096]","[1, 1, 4096]",59,20,model.layers.31,58,decode,"[1, 1]",1
1,False,2,"[1, 1, 4096]","[1, 1, 4096]",59,21,model.layers.31,58,decode,"[1, 1]",1
1,False,2,"[1, 1, 4096]","[1, 1, 4096]",59,22,model.layers.31,58,decode,"[1, 1]",1
1,False,2,"[1, 1, 4096]","[1, 1, 4096]",59,23,model.layers.31,58,decode,"[1, 1]",1
1,False,2,"[1, 1, 4096]","[1, 1, 4096]",59,24,model.layers.31,58,decode,"[1, 1]",1
1,False,2,"[1, 1, 4096]","[1, 1, 4096]",59,25,model.layers.31,58,decode,"[1, 1]",1
1,False,2,"[1, 1, 4096]","[1, 1, 4096]",59,26,model.layers.31,58,decode,"[1, 1]",1
1,True,2,"[1, 1, 4096]","[1, 1, 4096]",59,27,model.layers.31,58,decode,"[1, 1]",1
1,True,2,"[1, 1, 4096]","[1, 1, 4096]",49,28,model.layers.31,48,decode,"[1, 1]",1
1,False,2,"[1, 1, 4096]","[1, 1, 4096]",49,29,model.layers.31,48,decode,"[1, 1]",1
1,False,2,"[1, 1, 4096]","[1, 1, 4096]",49,30,model.layers.31,48,decode,"[1, 1]",1
1,True,2,"[1, 1, 4096]","[1, 1, 4096]",49,31,model.layers.31,48,decode,"[1, 1]",1
1,False,3,"[1, 1, 4096]","[1, 1, 4096]",626,0,model.layers.31,625,decode,"[1, 1]",1
1,False,3,"[1, 1, 4096]","[1, 1, 4096]",626,1,model.layers.31,625,decode,"[1, 1]",1
1,False,3,"[1, 1, 4096]","[1, 1, 4096]",626,2,model.layers.31,625,decode,"[1, 1]",1
1,False,3,"[1, 1, 4096]","[1, 1, 4096]",626,3,model.layers.31,625,decode,"[1, 1]",1
1,False,3,"[1, 1, 4096]","[1, 1, 4096]",626,4,model.layers.31,625,decode,"[1, 1]",1
1,False,3,"[1, 1, 4096]","[1, 1, 4096]",626,5,model.layers.31,625,decode,"[1, 1]",1
1,False,3,"[1, 1, 4096]","[1, 1, 4096]",626,6,model.layers.31,625,decode,"[1, 1]",1
1,False,3,"[1, 1, 4096]","[1, 1, 4096]",626,7,model.layers.31,625,decode,"[1, 1]",1
1,False,3,"[1, 1, 4096]","[1, 1, 4096]",626,8,model.layers.31,625,decode,"[1, 1]",1
1,False,3,"[1, 1, 4096]","[1, 1, 4096]",626,9,model.layers.31,625,decode,"[1, 1]",1
1,False,3,"[1, 1, 4096]","[1, 1, 4096]",626,10,model.layers.31,625,decode,"[1, 1]",1
1,False,3,"[1, 1, 4096]","[1, 1, 4096]",626,11,model.layers.31,625,decode,"[1, 1]",1
1,False,3,"[1, 1, 4096]","[1, 1, 4096]",626,12,model.layers.31,625,decode,"[1, 1]",1
1,False,3,"[1, 1, 4096]","[1, 1, 4096]",626,13,model.layers.31,625,decode,"[1, 1]",1
1,False,3,"[1, 1, 4096]","[1, 1, 4096]",626,14,model.layers.31,625,decode,"[1, 1]",1
1,False,3,"[1, 1, 4096]","[1, 1, 4096]",626,15,model.layers.31,625,decode,"[1, 1]",1
1,False,3,"[1, 1, 4096]","[1, 1, 4096]",626,16,model.layers.31,625,decode,"[1, 1]",1
1,False,3,"[1, 1, 4096]","[1, 1, 4096]",626,17,model.layers.31,625,decode,"[1, 1]",1
1,False,3,"[1, 1, 4096]","[1, 1, 4096]",626,18,model.layers.31,625,decode,"[1, 1]",1
1,False,3,"[1, 1, 4096]","[1, 1, 4096]",60,19,model.layers.31,59,decode,"[1, 1]",1
1,False,3,"[1, 1, 4096]","[1, 1, 4096]",60,20,model.layers.31,59,decode,"[1, 1]",1
1,False,3,"[1, 1, 4096]","[1, 1, 4096]",60,21,model.layers.31,59,decode,"[1, 1]",1
1,False,3,"[1, 1, 4096]","[1, 1, 4096]",60,22,model.layers.31,59,decode,"[1, 1]",1
1,False,3,"[1, 1, 4096]","[1, 1, 4096]",60,23,model.layers.31,59,decode,"[1, 1]",1
1,False,3,"[1, 1, 4096]","[1, 1, 4096]",60,24,model.layers.31,59,decode,"[1, 1]",1
1,False,3,"[1, 1, 4096]","[1, 1, 4096]",60,25,model.layers.31,59,decode,"[1, 1]",1
1,False,3,"[1, 1, 4096]","[1, 1, 4096]",60,26,model.layers.31,59,decode,"[1, 1]",1
1,False,3,"[1, 1, 4096]","[1, 1, 4096]",60,27,model.layers.31,59,decode,"[1, 1]",1
1,False,3,"[1, 1, 4096]","[1, 1, 4096]",50,28,model.layers.31,49,decode,"[1, 1]",1
1,False,3,"[1, 1, 4096]","[1, 1, 4096]",50,29,model.layers.31,49,decode,"[1, 1]",1
1,False,3,"[1, 1, 4096]","[1, 1, 4096]",50,30,model.layers.31,49,decode,"[1, 1]",1
1,False,3,"[1, 1, 4096]","[1, 1, 4096]",50,31,model.layers.31,49,decode,"[1, 1]",1
1,False,4,"[1, 1, 4096]","[1, 1, 4096]",627,0,model.layers.31,626,decode,"[1, 1]",1
1,False,4,"[1, 1, 4096]","[1, 1, 4096]",627,1,model.layers.31,626,decode,"[1, 1]",1
1,False,4,"[1, 1, 4096]","[1, 1, 4096]",627,2,model.layers.31,626,decode,"[1, 1]",1
1,False,4,"[1, 1, 4096]","[1, 1, 4096]",627,3,model.layers.31,626,decode,"[1, 1]",1
1,False,4,"[1, 1, 4096]","[1, 1, 4096]",627,4,model.layers.31,626,decode,"[1, 1]",1
1,False,4,"[1, 1, 4096]","[1, 1, 4096]",627,5,model.layers.31,626,decode,"[1, 1]",1
1,False,4,"[1, 1, 4096]","[1, 1, 4096]",627,6,model.layers.31,626,decode,"[1, 1]",1
1,False,4,"[1, 1, 4096]","[1, 1, 4096]",627,7,model.layers.31,626,decode,"[1, 1]",1
1,False,4,"[1, 1, 4096]","[1, 1, 4096]",627,8,model.layers.31,626,decode,"[1, 1]",1
1,False,4,"[1, 1, 4096]","[1, 1, 4096]",627,9,model.layers.31,626,decode,"[1, 1]",1
1,False,4,"[1, 1, 4096]","[1, 1, 4096]",627,10,model.layers.31,626,decode,"[1, 1]",1
1,False,4,"[1, 1, 4096]","[1, 1, 4096]",627,11,model.layers.31,626,decode,"[1, 1]",1
1,False,4,"[1, 1, 4096]","[1, 1, 4096]",627,12,model.layers.31,626,decode,"[1, 1]",1
1,False,4,"[1, 1, 4096]","[1, 1, 4096]",627,13,model.layers.31,626,decode,"[1, 1]",1
1,False,4,"[1, 1, 4096]","[1, 1, 4096]",627,14,model.layers.31,626,decode,"[1, 1]",1
1,False,4,"[1, 1, 4096]","[1, 1, 4096]",627,15,model.layers.31,626,decode,"[1, 1]",1
1,False,4,"[1, 1, 4096]","[1, 1, 4096]",627,16,model.layers.31,626,decode,"[1, 1]",1
1,False,4,"[1, 1, 4096]","[1, 1, 4096]",627,17,model.layers.31,626,decode,"[1, 1]",1
1,False,4,"[1, 1, 4096]","[1, 1, 4096]",627,18,model.layers.31,626,decode,"[1, 1]",1
1,False,4,"[1, 1, 4096]","[1, 1, 4096]",61,19,model.layers.31,60,decode,"[1, 1]",1
1,False,4,"[1, 1, 4096]","[1, 1, 4096]",61,20,model.layers.31,60,decode,"[1, 1]",1
1,False,4,"[1, 1, 4096]","[1, 1, 4096]",61,21,model.layers.31,60,decode,"[1, 1]",1
1,False,4,"[1, 1, 4096]","[1, 1, 4096]",61,22,model.layers.31,60,decode,"[1, 1]",1
1,False,4,"[1, 1, 4096]","[1, 1, 4096]",61,23,model.layers.31,60,decode,"[1, 1]",1
1,False,4,"[1, 1, 4096]","[1, 1, 4096]",61,24,model.layers.31,60,decode,"[1, 1]",1
1,False,4,"[1, 1, 4096]","[1, 1, 4096]",61,25,model.layers.31,60,decode,"[1, 1]",1
1,False,4,"[1, 1, 4096]","[1, 1, 4096]",61,26,model.layers.31,60,decode,"[1, 1]",1
1,False,4,"[1, 1, 4096]","[1, 1, 4096]",61,27,model.layers.31,60,decode,"[1, 1]",1
1,False,4,"[1, 1, 4096]","[1, 1, 4096]",51,28,model.layers.31,50,decode,"[1, 1]",1
1,False,4,"[1, 1, 4096]","[1, 1, 4096]",51,29,model.layers.31,50,decode,"[1, 1]",1
1,False,4,"[1, 1, 4096]","[1, 1, 4096]",51,30,model.layers.31,50,decode,"[1, 1]",1
1,False,4,"[1, 1, 4096]","[1, 1, 4096]",51,31,model.layers.31,50,decode,"[1, 1]",1
1,False,5,"[1, 1, 4096]","[1, 1, 4096]",628,0,model.layers.31,627,decode,"[1, 1]",1
1,False,5,"[1, 1, 4096]","[1, 1, 4096]",628,1,model.layers.31,627,decode,"[1, 1]",1
1,False,5,"[1, 1, 4096]","[1, 1, 4096]",628,2,model.layers.31,627,decode,"[1, 1]",1
1,False,5,"[1, 1, 4096]","[1, 1, 4096]",628,3,model.layers.31,627,decode,"[1, 1]",1
1,False,5,"[1, 1, 4096]","[1, 1, 4096]",628,4,model.layers.31,627,decode,"[1, 1]",1
1,False,5,"[1, 1, 4096]","[1, 1, 4096]",628,5,model.layers.31,627,decode,"[1, 1]",1
1,False,5,"[1, 1, 4096]","[1, 1, 4096]",628,6,model.layers.31,627,decode,"[1, 1]",1
1,False,5,"[1, 1, 4096]","[1, 1, 4096]",628,7,model.layers.31,627,decode,"[1, 1]",1
1,False,5,"[1, 1, 4096]","[1, 1, 4096]",628,8,model.layers.31,627,decode,"[1, 1]",1
1,False,5,"[1, 1, 4096]","[1, 1, 4096]",628,9,model.layers.31,627,decode,"[1, 1]",1
1,False,5,"[1, 1, 4096]","[1, 1, 4096]",628,10,model.layers.31,627,decode,"[1, 1]",1
1,False,5,"[1, 1, 4096]","[1, 1, 4096]",628,11,model.layers.31,627,decode,"[1, 1]",1
1,False,5,"[1, 1, 4096]","[1, 1, 4096]",628,12,model.layers.31,627,decode,"[1, 1]",1
1,False,5,"[1, 1, 4096]","[1, 1, 4096]",628,13,model.layers.31,627,decode,"[1, 1]",1
1,False,5,"[1, 1, 4096]","[1, 1, 4096]",628,14,model.layers.31,627,decode,"[1, 1]",1
1,False,5,"[1, 1, 4096]","[1, 1, 4096]",628,15,model.layers.31,627,decode,"[1, 1]",1
1,False,5,"[1, 1, 4096]","[1, 1, 4096]",628,16,model.layers.31,627,decode,"[1, 1]",1
1,False,5,"[1, 1, 4096]","[1, 1, 4096]",628,17,model.layers.31,627,decode,"[1, 1]",1
1,False,5,"[1, 1, 4096]","[1, 1, 4096]",628,18,model.layers.31,627,decode,"[1, 1]",1
1,False,5,"[1, 1, 4096]","[1, 1, 4096]",62,19,model.layers.31,61,decode,"[1, 1]",1
1,False,5,"[1, 1, 4096]","[1, 1, 4096]",62,20,model.layers.31,61,decode,"[1, 1]",1
1,False,5,"[1, 1, 4096]","[1, 1, 4096]",62,21,model.layers.31,61,decode,"[1, 1]",1
1,False,5,"[1, 1, 4096]","[1, 1, 4096]",62,22,model.layers.31,61,decode,"[1, 1]",1
1,False,5,"[1, 1, 4096]","[1, 1, 4096]",62,23,model.layers.31,61,decode,"[1, 1]",1
1,False,5,"[1, 1, 4096]","[1, 1, 4096]",62,24,model.layers.31,61,decode,"[1, 1]",1
1,False,5,"[1, 1, 4096]","[1, 1, 4096]",62,25,model.layers.31,61,decode,"[1, 1]",1
1,False,5,"[1, 1, 4096]","[1, 1, 4096]",62,26,model.layers.31,61,decode,"[1, 1]",1
1,False,5,"[1, 1, 4096]","[1, 1, 4096]",62,27,model.layers.31,61,decode,"[1, 1]",1
1,False,5,"[1, 1, 4096]","[1, 1, 4096]",52,28,model.layers.31,51,decode,"[1, 1]",1
1,False,5,"[1, 1, 4096]","[1, 1, 4096]",52,29,model.layers.31,51,decode,"[1, 1]",1
1,False,5,"[1, 1, 4096]","[1, 1, 4096]",52,30,model.layers.31,51,decode,"[1, 1]",1
1,False,5,"[1, 1, 4096]","[1, 1, 4096]",52,31,model.layers.31,51,decode,"[1, 1]",1
1,False,6,"[1, 1, 4096]","[1, 1, 4096]",629,0,model.layers.31,628,decode,"[1, 1]",1
1,False,6,"[1, 1, 4096]","[1, 1, 4096]",629,1,model.layers.31,628,decode,"[1, 1]",1
1,False,6,"[1, 1, 4096]","[1, 1, 4096]",629,2,model.layers.31,628,decode,"[1, 1]",1
1,False,6,"[1, 1, 4096]","[1, 1, 4096]",629,3,model.layers.31,628,decode,"[1, 1]",1
1,False,6,"[1, 1, 4096]","[1, 1, 4096]",629,4,model.layers.31,628,decode,"[1, 1]",1
1,False,6,"[1, 1, 4096]","[1, 1, 4096]",629,5,model.layers.31,628,decode,"[1, 1]",1
1,False,6,"[1, 1, 4096]","[1, 1, 4096]",629,6,model.layers.31,628,decode,"[1, 1]",1
1,False,6,"[1, 1, 4096]","[1, 1, 4096]",629,7,model.layers.31,628,decode,"[1, 1]",1
1,False,6,"[1, 1, 4096]","[1, 1, 4096]",629,8,model.layers.31,628,decode,"[1, 1]",1
1,False,6,"[1, 1, 4096]","[1, 1, 4096]",629,9,model.layers.31,628,decode,"[1, 1]",1
1,False,6,"[1, 1, 4096]","[1, 1, 4096]",629,10,model.layers.31,628,decode,"[1, 1]",1
1,False,6,"[1, 1, 4096]","[1, 1, 4096]",629,11,model.layers.31,628,decode,"[1, 1]",1
1,False,6,"[1, 1, 4096]","[1, 1, 4096]",629,12,model.layers.31,628,decode,"[1, 1]",1
1,False,6,"[1, 1, 4096]","[1, 1, 4096]",629,13,model.layers.31,628,decode,"[1, 1]",1
1,False,6,"[1, 1, 4096]","[1, 1, 4096]",629,14,model.layers.31,628,decode,"[1, 1]",1
1,False,6,"[1, 1, 4096]","[1, 1, 4096]",629,15,model.layers.31,628,decode,"[1, 1]",1
1,False,6,"[1, 1, 4096]","[1, 1, 4096]",629,16,model.layers.31,628,decode,"[1, 1]",1
1,False,6,"[1, 1, 4096]","[1, 1, 4096]",629,17,model.layers.31,628,decode,"[1, 1]",1
1,False,6,"[1, 1, 4096]","[1, 1, 4096]",629,18,model.layers.31,628,decode,"[1, 1]",1
1,False,6,"[1, 1, 4096]","[1, 1, 4096]",63,19,model.layers.31,62,decode,"[1, 1]",1
1,False,6,"[1, 1, 4096]","[1, 1, 4096]",63,20,model.layers.31,62,decode,"[1, 1]",1
1,False,6,"[1, 1, 4096]","[1, 1, 4096]",63,21,model.layers.31,62,decode,"[1, 1]",1
1,False,6,"[1, 1, 4096]","[1, 1, 4096]",63,22,model.layers.31,62,decode,"[1, 1]",1
1,False,6,"[1, 1, 4096]","[1, 1, 4096]",63,23,model.layers.31,62,decode,"[1, 1]",1
1,False,6,"[1, 1, 4096]","[1, 1, 4096]",63,24,model.layers.31,62,decode,"[1, 1]",1
1,False,6,"[1, 1, 4096]","[1, 1, 4096]",63,25,model.layers.31,62,decode,"[1, 1]",1
1,False,6,"[1, 1, 4096]","[1, 1, 4096]",63,26,model.layers.31,62,decode,"[1, 1]",1
1,False,6,"[1, 1, 4096]","[1, 1, 4096]",63,27,model.layers.31,62,decode,"[1, 1]",1
1,False,6,"[1, 1, 4096]","[1, 1, 4096]",53,28,model.layers.31,52,decode,"[1, 1]",1
1,False,6,"[1, 1, 4096]","[1, 1, 4096]",53,29,model.layers.31,52,decode,"[1, 1]",1
1,False,6,"[1, 1, 4096]","[1, 1, 4096]",53,30,model.layers.31,52,decode,"[1, 1]",1
1,False,6,"[1, 1, 4096]","[1, 1, 4096]",53,31,model.layers.31,52,decode,"[1, 1]",1
1,False,7,"[1, 1, 4096]","[1, 1, 4096]",630,0,model.layers.31,629,decode,"[1, 1]",1
1,False,7,"[1, 1, 4096]","[1, 1, 4096]",630,1,model.layers.31,629,decode,"[1, 1]",1
1,False,7,"[1, 1, 4096]","[1, 1, 4096]",630,2,model.layers.31,629,decode,"[1, 1]",1
1,False,7,"[1, 1, 4096]","[1, 1, 4096]",630,3,model.layers.31,629,decode,"[1, 1]",1
1,False,7,"[1, 1, 4096]","[1, 1, 4096]",630,4,model.layers.31,629,decode,"[1, 1]",1
1,False,7,"[1, 1, 4096]","[1, 1, 4096]",630,5,model.layers.31,629,decode,"[1, 1]",1
1,False,7,"[1, 1, 4096]","[1, 1, 4096]",630,6,model.layers.31,629,decode,"[1, 1]",1
1,False,7,"[1, 1, 4096]","[1, 1, 4096]",630,7,model.layers.31,629,decode,"[1, 1]",1
1,False,7,"[1, 1, 4096]","[1, 1, 4096]",630,8,model.layers.31,629,decode,"[1, 1]",1
1,False,7,"[1, 1, 4096]","[1, 1, 4096]",630,9,model.layers.31,629,decode,"[1, 1]",1
1,False,7,"[1, 1, 4096]","[1, 1, 4096]",630,10,model.layers.31,629,decode,"[1, 1]",1
1,False,7,"[1, 1, 4096]","[1, 1, 4096]",630,11,model.layers.31,629,decode,"[1, 1]",1
1,False,7,"[1, 1, 4096]","[1, 1, 4096]",630,12,model.layers.31,629,decode,"[1, 1]",1
1,False,7,"[1, 1, 4096]","[1, 1, 4096]",630,13,model.layers.31,629,decode,"[1, 1]",1
1,False,7,"[1, 1, 4096]","[1, 1, 4096]",630,14,model.layers.31,629,decode,"[1, 1]",1
1,False,7,"[1, 1, 4096]","[1, 1, 4096]",630,15,model.layers.31,629,decode,"[1, 1]",1
1,False,7,"[1, 1, 4096]","[1, 1, 4096]",630,16,model.layers.31,629,decode,"[1, 1]",1
1,False,7,"[1, 1, 4096]","[1, 1, 4096]",630,17,model.layers.31,629,decode,"[1, 1]",1
1,False,7,"[1, 1, 4096]","[1, 1, 4096]",630,18,model.layers.31,629,decode,"[1, 1]",1
1,False,7,"[1, 1, 4096]","[1, 1, 4096]",64,19,model.layers.31,63,decode,"[1, 1]",1
1,False,7,"[1, 1, 4096]","[1, 1, 4096]",64,20,model.layers.31,63,decode,"[1, 1]",1
1,False,7,"[1, 1, 4096]","[1, 1, 4096]",64,21,model.layers.31,63,decode,"[1, 1]",1
1,False,7,"[1, 1, 4096]","[1, 1, 4096]",64,22,model.layers.31,63,decode,"[1, 1]",1
1,False,7,"[1, 1, 4096]","[1, 1, 4096]",64,23,model.layers.31,63,decode,"[1, 1]",1
1,False,7,"[1, 1, 4096]","[1, 1, 4096]",64,24,model.layers.31,63,decode,"[1, 1]",1
1,False,7,"[1, 1, 4096]","[1, 1, 4096]",64,25,model.layers.31,63,decode,"[1, 1]",1
1,False,7,"[1, 1, 4096]","[1, 1, 4096]",64,26,model.layers.31,63,decode,"[1, 1]",1
1,False,7,"[1, 1, 4096]","[1, 1, 4096]",64,27,model.layers.31,63,decode,"[1, 1]",1
1,False,7,"[1, 1, 4096]","[1, 1, 4096]",54,28,model.layers.31,53,decode,"[1, 1]",1
1,False,7,"[1, 1, 4096]","[1, 1, 4096]",54,29,model.layers.31,53,decode,"[1, 1]",1
1,False,7,"[1, 1, 4096]","[1, 1, 4096]",54,30,model.layers.31,53,decode,"[1, 1]",1
1,False,7,"[1, 1, 4096]","[1, 1, 4096]",54,31,model.layers.31,53,decode,"[1, 1]",1
1,False,8,"[1, 1, 4096]","[1, 1, 4096]",631,0,model.layers.31,630,decode,"[1, 1]",1
1,False,8,"[1, 1, 4096]","[1, 1, 4096]",631,1,model.layers.31,630,decode,"[1, 1]",1
1,False,8,"[1, 1, 4096]","[1, 1, 4096]",631,2,model.layers.31,630,decode,"[1, 1]",1
1,False,8,"[1, 1, 4096]","[1, 1, 4096]",631,3,model.layers.31,630,decode,"[1, 1]",1
1,False,8,"[1, 1, 4096]","[1, 1, 4096]",631,4,model.layers.31,630,decode,"[1, 1]",1
1,False,8,"[1, 1, 4096]","[1, 1, 4096]",631,5,model.layers.31,630,decode,"[1, 1]",1
1,False,8,"[1, 1, 4096]","[1, 1, 4096]",631,6,model.layers.31,630,decode,"[1, 1]",1
1,False,8,"[1, 1, 4096]","[1, 1, 4096]",631,7,model.layers.31,630,decode,"[1, 1]",1
1,False,8,"[1, 1, 4096]","[1, 1, 4096]",631,8,model.layers.31,630,decode,"[1, 1]",1
1,False,8,"[1, 1, 4096]","[1, 1, 4096]",631,9,model.layers.31,630,decode,"[1, 1]",1
1,False,8,"[1, 1, 4096]","[1, 1, 4096]",631,10,model.layers.31,630,decode,"[1, 1]",1
1,False,8,"[1, 1, 4096]","[1, 1, 4096]",631,11,model.layers.31,630,decode,"[1, 1]",1
1,False,8,"[1, 1, 4096]","[1, 1, 4096]",631,12,model.layers.31,630,decode,"[1, 1]",1
1,False,8,"[1, 1, 4096]","[1, 1, 4096]",631,13,model.layers.31,630,decode,"[1, 1]",1
1,False,8,"[1, 1, 4096]","[1, 1, 4096]",631,14,model.layers.31,630,decode,"[1, 1]",1
1,False,8,"[1, 1, 4096]","[1, 1, 4096]",631,15,model.layers.31,630,decode,"[1, 1]",1
1,False,8,"[1, 1, 4096]","[1, 1, 4096]",631,16,model.layers.31,630,decode,"[1, 1]",1
1,False,8,"[1, 1, 4096]","[1, 1, 4096]",631,17,model.layers.31,630,decode,"[1, 1]",1
1,False,8,"[1, 1, 4096]","[1, 1, 4096]",631,18,model.layers.31,630,decode,"[1, 1]",1
1,False,8,"[1, 1, 4096]","[1, 1, 4096]",65,19,model.layers.31,64,decode,"[1, 1]",1
1,False,8,"[1, 1, 4096]","[1, 1, 4096]",65,20,model.layers.31,64,decode,"[1, 1]",1
1,False,8,"[1, 1, 4096]","[1, 1, 4096]",65,21,model.layers.31,64,decode,"[1, 1]",1
1,False,8,"[1, 1, 4096]","[1, 1, 4096]",65,22,model.layers.31,64,decode,"[1, 1]",1
1,False,8,"[1, 1, 4096]","[1, 1, 4096]",65,23,model.layers.31,64,decode,"[1, 1]",1
1,False,8,"[1, 1, 4096]","[1, 1, 4096]",65,24,model.layers.31,64,decode,"[1, 1]",1
1,False,8,"[1, 1, 4096]","[1, 1, 4096]",65,25,model.layers.31,64,decode,"[1, 1]",1
1,False,8,"[1, 1, 4096]","[1, 1, 4096]",65,26,model.layers.31,64,decode,"[1, 1]",1
1,False,8,"[1, 1, 4096]","[1, 1, 4096]",65,27,model.layers.31,64,decode,"[1, 1]",1
1,False,8,"[1, 1, 4096]","[1, 1, 4096]",55,28,model.layers.31,54,decode,"[1, 1]",1
1,False,8,"[1, 1, 4096]","[1, 1, 4096]",55,29,model.layers.31,54,decode,"[1, 1]",1
1,False,8,"[1, 1, 4096]","[1, 1, 4096]",55,30,model.layers.31,54,decode,"[1, 1]",1
1,False,8,"[1, 1, 4096]","[1, 1, 4096]",55,31,model.layers.31,54,decode,"[1, 1]",1
1,False,9,"[1, 1, 4096]","[1, 1, 4096]",632,0,model.layers.31,631,decode,"[1, 1]",1
1,False,9,"[1, 1, 4096]","[1, 1, 4096]",632,1,model.layers.31,631,decode,"[1, 1]",1
1,False,9,"[1, 1, 4096]","[1, 1, 4096]",632,2,model.layers.31,631,decode,"[1, 1]",1
1,False,9,"[1, 1, 4096]","[1, 1, 4096]",632,3,model.layers.31,631,decode,"[1, 1]",1
1,False,9,"[1, 1, 4096]","[1, 1, 4096]",632,4,model.layers.31,631,decode,"[1, 1]",1
1,False,9,"[1, 1, 4096]","[1, 1, 4096]",632,5,model.layers.31,631,decode,"[1, 1]",1
1,False,9,"[1, 1, 4096]","[1, 1, 4096]",632,6,model.layers.31,631,decode,"[1, 1]",1
1,False,9,"[1, 1, 4096]","[1, 1, 4096]",632,7,model.layers.31,631,decode,"[1, 1]",1
1,False,9,"[1, 1, 4096]","[1, 1, 4096]",632,8,model.layers.31,631,decode,"[1, 1]",1
1,False,9,"[1, 1, 4096]","[1, 1, 4096]",632,9,model.layers.31,631,decode,"[1, 1]",1
1,False,9,"[1, 1, 4096]","[1, 1, 4096]",632,10,model.layers.31,631,decode,"[1, 1]",1
1,False,9,"[1, 1, 4096]","[1, 1, 4096]",632,11,model.layers.31,631,decode,"[1, 1]",1
1,False,9,"[1, 1, 4096]","[1, 1, 4096]",632,12,model.layers.31,631,decode,"[1, 1]",1
1,False,9,"[1, 1, 4096]","[1, 1, 4096]",632,13,model.layers.31,631,decode,"[1, 1]",1
1,False,9,"[1, 1, 4096]","[1, 1, 4096]",632,14,model.layers.31,631,decode,"[1, 1]",1
1,False,9,"[1, 1, 4096]","[1, 1, 4096]",632,15,model.layers.31,631,decode,"[1, 1]",1
1,False,9,"[1, 1, 4096]","[1, 1, 4096]",632,16,model.layers.31,631,decode,"[1, 1]",1
1,False,9,"[1, 1, 4096]","[1, 1, 4096]",632,17,model.layers.31,631,decode,"[1, 1]",1
1,False,9,"[1, 1, 4096]","[1, 1, 4096]",632,18,model.layers.31,631,decode,"[1, 1]",1
1,False,9,"[1, 1, 4096]","[1, 1, 4096]",66,19,model.layers.31,65,decode,"[1, 1]",1
1,False,9,"[1, 1, 4096]","[1, 1, 4096]",66,20,model.layers.31,65,decode,"[1, 1]",1
1,False,9,"[1, 1, 4096]","[1, 1, 4096]",66,21,model.layers.31,65,decode,"[1, 1]",1
1,False,9,"[1, 1, 4096]","[1, 1, 4096]",66,22,model.layers.31,65,decode,"[1, 1]",1
1,False,9,"[1, 1, 4096]","[1, 1, 4096]",66,23,model.layers.31,65,decode,"[1, 1]",1
1,False,9,"[1, 1, 4096]","[1, 1, 4096]",66,24,model.layers.31,65,decode,"[1, 1]",1
1,False,9,"[1, 1, 4096]","[1, 1, 4096]",66,25,model.layers.31,65,decode,"[1, 1]",1
1,False,9,"[1, 1, 4096]","[1, 1, 4096]",66,26,model.layers.31,65,decode,"[1, 1]",1
1,False,9,"[1, 1, 4096]","[1, 1, 4096]",66,27,model.layers.31,65,decode,"[1, 1]",1
1,False,9,"[1, 1, 4096]","[1, 1, 4096]",56,28,model.layers.31,55,decode,"[1, 1]",1
1,False,9,"[1, 1, 4096]","[1, 1, 4096]",56,29,model.layers.31,55,decode,"[1, 1]",1
1,False,9,"[1, 1, 4096]","[1, 1, 4096]",56,30,model.layers.31,55,decode,"[1, 1]",1
1,False,9,"[1, 1, 4096]","[1, 1, 4096]",56,31,model.layers.31,55,decode,"[1, 1]",1
1,False,10,"[1, 1, 4096]","[1, 1, 4096]",633,0,model.layers.31,632,decode,"[1, 1]",1
1,False,10,"[1, 1, 4096]","[1, 1, 4096]",633,1,model.layers.31,632,decode,"[1, 1]",1
1,False,10,"[1, 1, 4096]","[1, 1, 4096]",633,2,model.layers.31,632,decode,"[1, 1]",1
1,False,10,"[1, 1, 4096]","[1, 1, 4096]",633,3,model.layers.31,632,decode,"[1, 1]",1
1,False,10,"[1, 1, 4096]","[1, 1, 4096]",633,4,model.layers.31,632,decode,"[1, 1]",1
1,False,10,"[1, 1, 4096]","[1, 1, 4096]",633,5,model.layers.31,632,decode,"[1, 1]",1
1,False,10,"[1, 1, 4096]","[1, 1, 4096]",633,6,model.layers.31,632,decode,"[1, 1]",1
1,False,10,"[1, 1, 4096]","[1, 1, 4096]",633,7,model.layers.31,632,decode,"[1, 1]",1
1,False,10,"[1, 1, 4096]","[1, 1, 4096]",633,8,model.layers.31,632,decode,"[1, 1]",1
1,False,10,"[1, 1, 4096]","[1, 1, 4096]",633,9,model.layers.31,632,decode,"[1, 1]",1
1,False,10,"[1, 1, 4096]","[1, 1, 4096]",633,10,model.layers.31,632,decode,"[1, 1]",1
1,False,10,"[1, 1, 4096]","[1, 1, 4096]",633,11,model.layers.31,632,decode,"[1, 1]",1
1,False,10,"[1, 1, 4096]","[1, 1, 4096]",633,12,model.layers.31,632,decode,"[1, 1]",1
1,False,10,"[1, 1, 4096]","[1, 1, 4096]",633,13,model.layers.31,632,decode,"[1, 1]",1
1,False,10,"[1, 1, 4096]","[1, 1, 4096]",633,14,model.layers.31,632,decode,"[1, 1]",1
1,False,10,"[1, 1, 4096]","[1, 1, 4096]",633,15,model.layers.31,632,decode,"[1, 1]",1
1,False,10,"[1, 1, 4096]","[1, 1, 4096]",633,16,model.layers.31,632,decode,"[1, 1]",1
1,False,10,"[1, 1, 4096]","[1, 1, 4096]",633,17,model.layers.31,632,decode,"[1, 1]",1
1,False,10,"[1, 1, 4096]","[1, 1, 4096]",633,18,model.layers.31,632,decode,"[1, 1]",1
1,False,10,"[1, 1, 4096]","[1, 1, 4096]",67,19,model.layers.31,66,decode,"[1, 1]",1
1,False,10,"[1, 1, 4096]","[1, 1, 4096]",67,20,model.layers.31,66,decode,"[1, 1]",1
1,False,10,"[1, 1, 4096]","[1, 1, 4096]",67,21,model.layers.31,66,decode,"[1, 1]",1
1,False,10,"[1, 1, 4096]","[1, 1, 4096]",67,22,model.layers.31,66,decode,"[1, 1]",1
1,False,10,"[1, 1, 4096]","[1, 1, 4096]",67,23,model.layers.31,66,decode,"[1, 1]",1
1,False,10,"[1, 1, 4096]","[1, 1, 4096]",67,24,model.layers.31,66,decode,"[1, 1]",1
1,False,10,"[1, 1, 4096]","[1, 1, 4096]",67,25,model.layers.31,66,decode,"[1, 1]",1
1,False,10,"[1, 1, 4096]","[1, 1, 4096]",67,26,model.layers.31,66,decode,"[1, 1]",1
1,False,10,"[1, 1, 4096]","[1, 1, 4096]",67,27,model.layers.31,66,decode,"[1, 1]",1
1,False,10,"[1, 1, 4096]","[1, 1, 4096]",57,28,model.layers.31,56,decode,"[1, 1]",1
1,False,10,"[1, 1, 4096]","[1, 1, 4096]",57,29,model.layers.31,56,decode,"[1, 1]",1
1,False,10,"[1, 1, 4096]","[1, 1, 4096]",57,30,model.layers.31,56,decode,"[1, 1]",1
1,False,10,"[1, 1, 4096]","[1, 1, 4096]",57,31,model.layers.31,56,decode,"[1, 1]",1
1,False,11,"[1, 1, 4096]","[1, 1, 4096]",634,0,model.layers.31,633,decode,"[1, 1]",1
1,False,11,"[1, 1, 4096]","[1, 1, 4096]",634,1,model.layers.31,633,decode,"[1, 1]",1
1,False,11,"[1, 1, 4096]","[1, 1, 4096]",634,2,model.layers.31,633,decode,"[1, 1]",1
1,False,11,"[1, 1, 4096]","[1, 1, 4096]",634,3,model.layers.31,633,decode,"[1, 1]",1
1,False,11,"[1, 1, 4096]","[1, 1, 4096]",634,4,model.layers.31,633,decode,"[1, 1]",1
1,False,11,"[1, 1, 4096]","[1, 1, 4096]",634,5,model.layers.31,633,decode,"[1, 1]",1
1,False,11,"[1, 1, 4096]","[1, 1, 4096]",634,6,model.layers.31,633,decode,"[1, 1]",1
1,False,11,"[1, 1, 4096]","[1, 1, 4096]",634,7,model.layers.31,633,decode,"[1, 1]",1
1,False,11,"[1, 1, 4096]","[1, 1, 4096]",634,8,model.layers.31,633,decode,"[1, 1]",1
1,False,11,"[1, 1, 4096]","[1, 1, 4096]",634,9,model.layers.31,633,decode,"[1, 1]",1
1,False,11,"[1, 1, 4096]","[1, 1, 4096]",634,10,model.layers.31,633,decode,"[1, 1]",1
1,False,11,"[1, 1, 4096]","[1, 1, 4096]",634,11,model.layers.31,633,decode,"[1, 1]",1
1,False,11,"[1, 1, 4096]","[1, 1, 4096]",634,12,model.layers.31,633,decode,"[1, 1]",1
1,False,11,"[1, 1, 4096]","[1, 1, 4096]",634,13,model.layers.31,633,decode,"[1, 1]",1
1,False,11,"[1, 1, 4096]","[1, 1, 4096]",634,14,model.layers.31,633,decode,"[1, 1]",1
1,False,11,"[1, 1, 4096]","[1, 1, 4096]",634,15,model.layers.31,633,decode,"[1, 1]",1
1,False,11,"[1, 1, 4096]","[1, 1, 4096]",634,16,model.layers.31,633,decode,"[1, 1]",1
1,False,11,"[1, 1, 4096]","[1, 1, 4096]",634,17,model.layers.31,633,decode,"[1, 1]",1
1,False,11,"[1, 1, 4096]","[1, 1, 4096]",634,18,model.layers.31,633,decode,"[1, 1]",1
1,False,11,"[1, 1, 4096]","[1, 1, 4096]",68,19,model.layers.31,67,decode,"[1, 1]",1
1,False,11,"[1, 1, 4096]","[1, 1, 4096]",68,20,model.layers.31,67,decode,"[1, 1]",1
1,False,11,"[1, 1, 4096]","[1, 1, 4096]",68,21,model.layers.31,67,decode,"[1, 1]",1
1,False,11,"[1, 1, 4096]","[1, 1, 4096]",68,22,model.layers.31,67,decode,"[1, 1]",1
1,False,11,"[1, 1, 4096]","[1, 1, 4096]",68,23,model.layers.31,67,decode,"[1, 1]",1
1,False,11,"[1, 1, 4096]","[1, 1, 4096]",68,24,model.layers.31,67,decode,"[1, 1]",1
1,False,11,"[1, 1, 4096]","[1, 1, 4096]",68,25,model.layers.31,67,decode,"[1, 1]",1
1,False,11,"[1, 1, 4096]","[1, 1, 4096]",68,26,model.layers.31,67,decode,"[1, 1]",1
1,False,11,"[1, 1, 4096]","[1, 1, 4096]",68,27,model.layers.31,67,decode,"[1, 1]",1
1,False,11,"[1, 1, 4096]","[1, 1, 4096]",58,28,model.layers.31,57,decode,"[1, 1]",1
1,False,11,"[1, 1, 4096]","[1, 1, 4096]",58,29,model.layers.31,57,decode,"[1, 1]",1
1,False,11,"[1, 1, 4096]","[1, 1, 4096]",58,30,model.layers.31,57,decode,"[1, 1]",1
1,False,11,"[1, 1, 4096]","[1, 1, 4096]",58,31,model.layers.31,57,decode,"[1, 1]",1
1,False,12,"[1, 1, 4096]","[1, 1, 4096]",635,0,model.layers.31,634,decode,"[1, 1]",1
1,False,12,"[1, 1, 4096]","[1, 1, 4096]",635,1,model.layers.31,634,decode,"[1, 1]",1
1,False,12,"[1, 1, 4096]","[1, 1, 4096]",635,2,model.layers.31,634,decode,"[1, 1]",1
1,False,12,"[1, 1, 4096]","[1, 1, 4096]",635,3,model.layers.31,634,decode,"[1, 1]",1
1,False,12,"[1, 1, 4096]","[1, 1, 4096]",635,4,model.layers.31,634,decode,"[1, 1]",1
1,False,12,"[1, 1, 4096]","[1, 1, 4096]",635,5,model.layers.31,634,decode,"[1, 1]",1
1,False,12,"[1, 1, 4096]","[1, 1, 4096]",635,6,model.layers.31,634,decode,"[1, 1]",1
1,False,12,"[1, 1, 4096]","[1, 1, 4096]",635,7,model.layers.31,634,decode,"[1, 1]",1
1,False,12,"[1, 1, 4096]","[1, 1, 4096]",635,8,model.layers.31,634,decode,"[1, 1]",1
1,False,12,"[1, 1, 4096]","[1, 1, 4096]",635,9,model.layers.31,634,decode,"[1, 1]",1
1,False,12,"[1, 1, 4096]","[1, 1, 4096]",635,10,model.layers.31,634,decode,"[1, 1]",1
1,False,12,"[1, 1, 4096]","[1, 1, 4096]",635,11,model.layers.31,634,decode,"[1, 1]",1
1,False,12,"[1, 1, 4096]","[1, 1, 4096]",635,12,model.layers.31,634,decode,"[1, 1]",1
1,False,12,"[1, 1, 4096]","[1, 1, 4096]",635,13,model.layers.31,634,decode,"[1, 1]",1
1,False,12,"[1, 1, 4096]","[1, 1, 4096]",635,14,model.layers.31,634,decode,"[1, 1]",1
1,False,12,"[1, 1, 4096]","[1, 1, 4096]",635,15,model.layers.31,634,decode,"[1, 1]",1
1,False,12,"[1, 1, 4096]","[1, 1, 4096]",635,16,model.layers.31,634,decode,"[1, 1]",1
1,False,12,"[1, 1, 4096]","[1, 1, 4096]",635,17,model.layers.31,634,decode,"[1, 1]",1
1,False,12,"[1, 1, 4096]","[1, 1, 4096]",635,18,model.layers.31,634,decode,"[1, 1]",1
1,False,12,"[1, 1, 4096]","[1, 1, 4096]",69,19,model.layers.31,68,decode,"[1, 1]",1
1,False,12,"[1, 1, 4096]","[1, 1, 4096]",69,20,model.layers.31,68,decode,"[1, 1]",1
1,False,12,"[1, 1, 4096]","[1, 1, 4096]",69,21,model.layers.31,68,decode,"[1, 1]",1
1,False,12,"[1, 1, 4096]","[1, 1, 4096]",69,22,model.layers.31,68,decode,"[1, 1]",1
1,False,12,"[1, 1, 4096]","[1, 1, 4096]",69,23,model.layers.31,68,decode,"[1, 1]",1
1,False,12,"[1, 1, 4096]","[1, 1, 4096]",69,24,model.layers.31,68,decode,"[1, 1]",1
1,False,12,"[1, 1, 4096]","[1, 1, 4096]",69,25,model.layers.31,68,decode,"[1, 1]",1
1,False,12,"[1, 1, 4096]","[1, 1, 4096]",69,26,model.layers.31,68,decode,"[1, 1]",1
1,False,12,"[1, 1, 4096]","[1, 1, 4096]",69,27,model.layers.31,68,decode,"[1, 1]",1
1,False,12,"[1, 1, 4096]","[1, 1, 4096]",59,28,model.layers.31,58,decode,"[1, 1]",1
1,False,12,"[1, 1, 4096]","[1, 1, 4096]",59,29,model.layers.31,58,decode,"[1, 1]",1
1,False,12,"[1, 1, 4096]","[1, 1, 4096]",59,30,model.layers.31,58,decode,"[1, 1]",1
1,False,12,"[1, 1, 4096]","[1, 1, 4096]",59,31,model.layers.31,58,decode,"[1, 1]",1
1,False,13,"[1, 1, 4096]","[1, 1, 4096]",636,0,model.layers.31,635,decode,"[1, 1]",1
1,False,13,"[1, 1, 4096]","[1, 1, 4096]",636,1,model.layers.31,635,decode,"[1, 1]",1
1,False,13,"[1, 1, 4096]","[1, 1, 4096]",636,2,model.layers.31,635,decode,"[1, 1]",1
1,False,13,"[1, 1, 4096]","[1, 1, 4096]",636,3,model.layers.31,635,decode,"[1, 1]",1
1,False,13,"[1, 1, 4096]","[1, 1, 4096]",636,4,model.layers.31,635,decode,"[1, 1]",1
1,False,13,"[1, 1, 4096]","[1, 1, 4096]",636,5,model.layers.31,635,decode,"[1, 1]",1
1,False,13,"[1, 1, 4096]","[1, 1, 4096]",636,6,model.layers.31,635,decode,"[1, 1]",1
1,False,13,"[1, 1, 4096]","[1, 1, 4096]",636,7,model.layers.31,635,decode,"[1, 1]",1
1,False,13,"[1, 1, 4096]","[1, 1, 4096]",636,8,model.layers.31,635,decode,"[1, 1]",1
1,False,13,"[1, 1, 4096]","[1, 1, 4096]",636,9,model.layers.31,635,decode,"[1, 1]",1
1,False,13,"[1, 1, 4096]","[1, 1, 4096]",636,10,model.layers.31,635,decode,"[1, 1]",1
1,False,13,"[1, 1, 4096]","[1, 1, 4096]",636,11,model.layers.31,635,decode,"[1, 1]",1
1,False,13,"[1, 1, 4096]","[1, 1, 4096]",636,12,model.layers.31,635,decode,"[1, 1]",1
1,False,13,"[1, 1, 4096]","[1, 1, 4096]",636,13,model.layers.31,635,decode,"[1, 1]",1
1,False,13,"[1, 1, 4096]","[1, 1, 4096]",636,14,model.layers.31,635,decode,"[1, 1]",1
1,False,13,"[1, 1, 4096]","[1, 1, 4096]",636,15,model.layers.31,635,decode,"[1, 1]",1
1,False,13,"[1, 1, 4096]","[1, 1, 4096]",636,16,model.layers.31,635,decode,"[1, 1]",1
1,False,13,"[1, 1, 4096]","[1, 1, 4096]",636,17,model.layers.31,635,decode,"[1, 1]",1
1,False,13,"[1, 1, 4096]","[1, 1, 4096]",636,18,model.layers.31,635,decode,"[1, 1]",1
1,False,13,"[1, 1, 4096]","[1, 1, 4096]",70,19,model.layers.31,69,decode,"[1, 1]",1
1,False,13,"[1, 1, 4096]","[1, 1, 4096]",70,20,model.layers.31,69,decode,"[1, 1]",1
1,False,13,"[1, 1, 4096]","[1, 1, 4096]",70,21,model.layers.31,69,decode,"[1, 1]",1
1,False,13,"[1, 1, 4096]","[1, 1, 4096]",70,22,model.layers.31,69,decode,"[1, 1]",1
1,False,13,"[1, 1, 4096]","[1, 1, 4096]",70,23,model.layers.31,69,decode,"[1, 1]",1
1,False,13,"[1, 1, 4096]","[1, 1, 4096]",70,24,model.layers.31,69,decode,"[1, 1]",1
1,False,13,"[1, 1, 4096]","[1, 1, 4096]",70,25,model.layers.31,69,decode,"[1, 1]",1
1,False,13,"[1, 1, 4096]","[1, 1, 4096]",70,26,model.layers.31,69,decode,"[1, 1]",1
1,False,13,"[1, 1, 4096]","[1, 1, 4096]",70,27,model.layers.31,69,decode,"[1, 1]",1
1,False,13,"[1, 1, 4096]","[1, 1, 4096]",60,28,model.layers.31,59,decode,"[1, 1]",1
1,False,13,"[1, 1, 4096]","[1, 1, 4096]",60,29,model.layers.31,59,decode,"[1, 1]",1
1,False,13,"[1, 1, 4096]","[1, 1, 4096]",60,30,model.layers.31,59,decode,"[1, 1]",1
1,False,13,"[1, 1, 4096]","[1, 1, 4096]",60,31,model.layers.31,59,decode,"[1, 1]",1
1,False,14,"[1, 1, 4096]","[1, 1, 4096]",637,0,model.layers.31,636,decode,"[1, 1]",1
1,False,14,"[1, 1, 4096]","[1, 1, 4096]",637,1,model.layers.31,636,decode,"[1, 1]",1
1,False,14,"[1, 1, 4096]","[1, 1, 4096]",637,2,model.layers.31,636,decode,"[1, 1]",1
1,False,14,"[1, 1, 4096]","[1, 1, 4096]",637,3,model.layers.31,636,decode,"[1, 1]",1
1,False,14,"[1, 1, 4096]","[1, 1, 4096]",637,4,model.layers.31,636,decode,"[1, 1]",1
1,False,14,"[1, 1, 4096]","[1, 1, 4096]",637,5,model.layers.31,636,decode,"[1, 1]",1
1,False,14,"[1, 1, 4096]","[1, 1, 4096]",637,6,model.layers.31,636,decode,"[1, 1]",1
1,False,14,"[1, 1, 4096]","[1, 1, 4096]",637,7,model.layers.31,636,decode,"[1, 1]",1
1,False,14,"[1, 1, 4096]","[1, 1, 4096]",637,8,model.layers.31,636,decode,"[1, 1]",1
1,False,14,"[1, 1, 4096]","[1, 1, 4096]",637,9,model.layers.31,636,decode,"[1, 1]",1
1,False,14,"[1, 1, 4096]","[1, 1, 4096]",637,10,model.layers.31,636,decode,"[1, 1]",1
1,False,14,"[1, 1, 4096]","[1, 1, 4096]",637,11,model.layers.31,636,decode,"[1, 1]",1
1,False,14,"[1, 1, 4096]","[1, 1, 4096]",637,12,model.layers.31,636,decode,"[1, 1]",1
1,False,14,"[1, 1, 4096]","[1, 1, 4096]",637,13,model.layers.31,636,decode,"[1, 1]",1
1,False,14,"[1, 1, 4096]","[1, 1, 4096]",637,14,model.layers.31,636,decode,"[1, 1]",1
1,False,14,"[1, 1, 4096]","[1, 1, 4096]",637,15,model.layers.31,636,decode,"[1, 1]",1
1,False,14,"[1, 1, 4096]","[1, 1, 4096]",637,16,model.layers.31,636,decode,"[1, 1]",1
1,False,14,"[1, 1, 4096]","[1, 1, 4096]",637,17,model.layers.31,636,decode,"[1, 1]",1
1,False,14,"[1, 1, 4096]","[1, 1, 4096]",637,18,model.layers.31,636,decode,"[1, 1]",1
1,False,14,"[1, 1, 4096]","[1, 1, 4096]",71,19,model.layers.31,70,decode,"[1, 1]",1
1,False,14,"[1, 1, 4096]","[1, 1, 4096]",71,20,model.layers.31,70,decode,"[1, 1]",1
1,False,14,"[1, 1, 4096]","[1, 1, 4096]",71,21,model.layers.31,70,decode,"[1, 1]",1
1,False,14,"[1, 1, 4096]","[1, 1, 4096]",71,22,model.layers.31,70,decode,"[1, 1]",1
1,False,14,"[1, 1, 4096]","[1, 1, 4096]",71,23,model.layers.31,70,decode,"[1, 1]",1
1,False,14,"[1, 1, 4096]","[1, 1, 4096]",71,24,model.layers.31,70,decode,"[1, 1]",1
1,False,14,"[1, 1, 4096]","[1, 1, 4096]",71,25,model.layers.31,70,decode,"[1, 1]",1
1,False,14,"[1, 1, 4096]","[1, 1, 4096]",71,26,model.layers.31,70,decode,"[1, 1]",1
1,False,14,"[1, 1, 4096]","[1, 1, 4096]",71,27,model.layers.31,70,decode,"[1, 1]",1
1,False,14,"[1, 1, 4096]","[1, 1, 4096]",61,28,model.layers.31,60,decode,"[1, 1]",1
1,False,14,"[1, 1, 4096]","[1, 1, 4096]",61,29,model.layers.31,60,decode,"[1, 1]",1
1,False,14,"[1, 1, 4096]","[1, 1, 4096]",61,30,model.layers.31,60,decode,"[1, 1]",1
1,False,14,"[1, 1, 4096]","[1, 1, 4096]",61,31,model.layers.31,60,decode,"[1, 1]",1
1,False,15,"[1, 1, 4096]","[1, 1, 4096]",638,0,model.layers.31,637,decode,"[1, 1]",1
1,False,15,"[1, 1, 4096]","[1, 1, 4096]",638,1,model.layers.31,637,decode,"[1, 1]",1
1,False,15,"[1, 1, 4096]","[1, 1, 4096]",638,2,model.layers.31,637,decode,"[1, 1]",1
1,False,15,"[1, 1, 4096]","[1, 1, 4096]",638,3,model.layers.31,637,decode,"[1, 1]",1
1,False,15,"[1, 1, 4096]","[1, 1, 4096]",638,4,model.layers.31,637,decode,"[1, 1]",1
1,False,15,"[1, 1, 4096]","[1, 1, 4096]",638,5,model.layers.31,637,decode,"[1, 1]",1
1,False,15,"[1, 1, 4096]","[1, 1, 4096]",638,6,model.layers.31,637,decode,"[1, 1]",1
1,False,15,"[1, 1, 4096]","[1, 1, 4096]",638,7,model.layers.31,637,decode,"[1, 1]",1
1,False,15,"[1, 1, 4096]","[1, 1, 4096]",638,8,model.layers.31,637,decode,"[1, 1]",1
1,False,15,"[1, 1, 4096]","[1, 1, 4096]",638,9,model.layers.31,637,decode,"[1, 1]",1
1,False,15,"[1, 1, 4096]","[1, 1, 4096]",638,10,model.layers.31,637,decode,"[1, 1]",1
1,False,15,"[1, 1, 4096]","[1, 1, 4096]",638,11,model.layers.31,637,decode,"[1, 1]",1
1,False,15,"[1, 1, 4096]","[1, 1, 4096]",638,12,model.layers.31,637,decode,"[1, 1]",1
1,False,15,"[1, 1, 4096]","[1, 1, 4096]",638,13,model.layers.31,637,decode,"[1, 1]",1
1,False,15,"[1, 1, 4096]","[1, 1, 4096]",638,14,model.layers.31,637,decode,"[1, 1]",1
1,False,15,"[1, 1, 4096]","[1, 1, 4096]",638,15,model.layers.31,637,decode,"[1, 1]",1
1,False,15,"[1, 1, 4096]","[1, 1, 4096]",638,16,model.layers.31,637,decode,"[1, 1]",1
1,False,15,"[1, 1, 4096]","[1, 1, 4096]",638,17,model.layers.31,637,decode,"[1, 1]",1
1,False,15,"[1, 1, 4096]","[1, 1, 4096]",638,18,model.layers.31,637,decode,"[1, 1]",1
1,False,15,"[1, 1, 4096]","[1, 1, 4096]",72,19,model.layers.31,71,decode,"[1, 1]",1
1,False,15,"[1, 1, 4096]","[1, 1, 4096]",72,20,model.layers.31,71,decode,"[1, 1]",1
1,False,15,"[1, 1, 4096]","[1, 1, 4096]",72,21,model.layers.31,71,decode,"[1, 1]",1
1,False,15,"[1, 1, 4096]","[1, 1, 4096]",72,22,model.layers.31,71,decode,"[1, 1]",1
1,False,15,"[1, 1, 4096]","[1, 1, 4096]",72,23,model.layers.31,71,decode,"[1, 1]",1
1,False,15,"[1, 1, 4096]","[1, 1, 4096]",72,24,model.layers.31,71,decode,"[1, 1]",1
1,False,15,"[1, 1, 4096]","[1, 1, 4096]",72,25,model.layers.31,71,decode,"[1, 1]",1
1,False,15,"[1, 1, 4096]","[1, 1, 4096]",72,26,model.layers.31,71,decode,"[1, 1]",1
1,False,15,"[1, 1, 4096]","[1, 1, 4096]",72,27,model.layers.31,71,decode,"[1, 1]",1
1,False,15,"[1, 1, 4096]","[1, 1, 4096]",62,28,model.layers.31,61,decode,"[1, 1]",1
1,False,15,"[1, 1, 4096]","[1, 1, 4096]",62,29,model.layers.31,61,decode,"[1, 1]",1
1,False,15,"[1, 1, 4096]","[1, 1, 4096]",62,30,model.layers.31,61,decode,"[1, 1]",1
1,False,15,"[1, 1, 4096]","[1, 1, 4096]",62,31,model.layers.31,61,decode,"[1, 1]",1
1,False,16,"[1, 1, 4096]","[1, 1, 4096]",639,0,model.layers.31,638,decode,"[1, 1]",1
1,False,16,"[1, 1, 4096]","[1, 1, 4096]",639,1,model.layers.31,638,decode,"[1, 1]",1
1,False,16,"[1, 1, 4096]","[1, 1, 4096]",639,2,model.layers.31,638,decode,"[1, 1]",1
1,False,16,"[1, 1, 4096]","[1, 1, 4096]",639,3,model.layers.31,638,decode,"[1, 1]",1
1,False,16,"[1, 1, 4096]","[1, 1, 4096]",639,4,model.layers.31,638,decode,"[1, 1]",1
1,False,16,"[1, 1, 4096]","[1, 1, 4096]",639,5,model.layers.31,638,decode,"[1, 1]",1
1,False,16,"[1, 1, 4096]","[1, 1, 4096]",639,6,model.layers.31,638,decode,"[1, 1]",1
1,False,16,"[1, 1, 4096]","[1, 1, 4096]",639,7,model.layers.31,638,decode,"[1, 1]",1
1,False,16,"[1, 1, 4096]","[1, 1, 4096]",639,8,model.layers.31,638,decode,"[1, 1]",1
1,False,16,"[1, 1, 4096]","[1, 1, 4096]",639,9,model.layers.31,638,decode,"[1, 1]",1
1,False,16,"[1, 1, 4096]","[1, 1, 4096]",639,10,model.layers.31,638,decode,"[1, 1]",1
1,False,16,"[1, 1, 4096]","[1, 1, 4096]",639,11,model.layers.31,638,decode,"[1, 1]",1
1,False,16,"[1, 1, 4096]","[1, 1, 4096]",639,12,model.layers.31,638,decode,"[1, 1]",1
1,False,16,"[1, 1, 4096]","[1, 1, 4096]",639,13,model.layers.31,638,decode,"[1, 1]",1
1,False,16,"[1, 1, 4096]","[1, 1, 4096]",639,14,model.layers.31,638,decode,"[1, 1]",1
1,False,16,"[1, 1, 4096]","[1, 1, 4096]",639,15,model.layers.31,638,decode,"[1, 1]",1
1,False,16,"[1, 1, 4096]","[1, 1, 4096]",639,16,model.layers.31,638,decode,"[1, 1]",1
1,False,16,"[1, 1, 4096]","[1, 1, 4096]",639,17,model.layers.31,638,decode,"[1, 1]",1
1,False,16,"[1, 1, 4096]","[1, 1, 4096]",639,18,model.layers.31,638,decode,"[1, 1]",1
1,False,16,"[1, 1, 4096]","[1, 1, 4096]",73,19,model.layers.31,72,decode,"[1, 1]",1
1,False,16,"[1, 1, 4096]","[1, 1, 4096]",73,20,model.layers.31,72,decode,"[1, 1]",1
1,False,16,"[1, 1, 4096]","[1, 1, 4096]",73,21,model.layers.31,72,decode,"[1, 1]",1
1,False,16,"[1, 1, 4096]","[1, 1, 4096]",73,22,model.layers.31,72,decode,"[1, 1]",1
1,False,16,"[1, 1, 4096]","[1, 1, 4096]",73,23,model.layers.31,72,decode,"[1, 1]",1
1,False,16,"[1, 1, 4096]","[1, 1, 4096]",73,24,model.layers.31,72,decode,"[1, 1]",1
1,False,16,"[1, 1, 4096]","[1, 1, 4096]",73,25,model.layers.31,72,decode,"[1, 1]",1
1,False,16,"[1, 1, 4096]","[1, 1, 4096]",73,26,model.layers.31,72,decode,"[1, 1]",1
1,False,16,"[1, 1, 4096]","[1, 1, 4096]",73,27,model.layers.31,72,decode,"[1, 1]",1
1,False,16,"[1, 1, 4096]","[1, 1, 4096]",63,28,model.layers.31,62,decode,"[1, 1]",1
1,False,16,"[1, 1, 4096]","[1, 1, 4096]",63,29,model.layers.31,62,decode,"[1, 1]",1
1,False,16,"[1, 1, 4096]","[1, 1, 4096]",63,30,model.layers.31,62,decode,"[1, 1]",1
1,False,16,"[1, 1, 4096]","[1, 1, 4096]",63,31,model.layers.31,62,decode,"[1, 1]",1
1,False,17,"[1, 1, 4096]","[1, 1, 4096]",640,0,model.layers.31,639,decode,"[1, 1]",1
1,False,17,"[1, 1, 4096]","[1, 1, 4096]",640,1,model.layers.31,639,decode,"[1, 1]",1
1,False,17,"[1, 1, 4096]","[1, 1, 4096]",640,2,model.layers.31,639,decode,"[1, 1]",1
1,False,17,"[1, 1, 4096]","[1, 1, 4096]",640,3,model.layers.31,639,decode,"[1, 1]",1
1,False,17,"[1, 1, 4096]","[1, 1, 4096]",640,4,model.layers.31,639,decode,"[1, 1]",1
1,False,17,"[1, 1, 4096]","[1, 1, 4096]",640,5,model.layers.31,639,decode,"[1, 1]",1
1,False,17,"[1, 1, 4096]","[1, 1, 4096]",640,6,model.layers.31,639,decode,"[1, 1]",1
1,False,17,"[1, 1, 4096]","[1, 1, 4096]",640,7,model.layers.31,639,decode,"[1, 1]",1
1,False,17,"[1, 1, 4096]","[1, 1, 4096]",640,8,model.layers.31,639,decode,"[1, 1]",1
1,False,17,"[1, 1, 4096]","[1, 1, 4096]",640,9,model.layers.31,639,decode,"[1, 1]",1
1,False,17,"[1, 1, 4096]","[1, 1, 4096]",640,10,model.layers.31,639,decode,"[1, 1]",1
1,False,17,"[1, 1, 4096]","[1, 1, 4096]",640,11,model.layers.31,639,decode,"[1, 1]",1
1,False,17,"[1, 1, 4096]","[1, 1, 4096]",640,12,model.layers.31,639,decode,"[1, 1]",1
1,False,17,"[1, 1, 4096]","[1, 1, 4096]",640,13,model.layers.31,639,decode,"[1, 1]",1
1,False,17,"[1, 1, 4096]","[1, 1, 4096]",640,14,model.layers.31,639,decode,"[1, 1]",1
1,False,17,"[1, 1, 4096]","[1, 1, 4096]",640,15,model.layers.31,639,decode,"[1, 1]",1
1,False,17,"[1, 1, 4096]","[1, 1, 4096]",640,16,model.layers.31,639,decode,"[1, 1]",1
1,False,17,"[1, 1, 4096]","[1, 1, 4096]",640,17,model.layers.31,639,decode,"[1, 1]",1
1,False,17,"[1, 1, 4096]","[1, 1, 4096]",640,18,model.layers.31,639,decode,"[1, 1]",1
1,False,17,"[1, 1, 4096]","[1, 1, 4096]",74,19,model.layers.31,73,decode,"[1, 1]",1
1,False,17,"[1, 1, 4096]","[1, 1, 4096]",74,20,model.layers.31,73,decode,"[1, 1]",1
1,False,17,"[1, 1, 4096]","[1, 1, 4096]",74,21,model.layers.31,73,decode,"[1, 1]",1
1,False,17,"[1, 1, 4096]","[1, 1, 4096]",74,22,model.layers.31,73,decode,"[1, 1]",1
1,False,17,"[1, 1, 4096]","[1, 1, 4096]",74,23,model.layers.31,73,decode,"[1, 1]",1
1,False,17,"[1, 1, 4096]","[1, 1, 4096]",74,24,model.layers.31,73,decode,"[1, 1]",1
1,False,17,"[1, 1, 4096]","[1, 1, 4096]",74,25,model.layers.31,73,decode,"[1, 1]",1
1,False,17,"[1, 1, 4096]","[1, 1, 4096]",74,26,model.layers.31,73,decode,"[1, 1]",1
1,False,17,"[1, 1, 4096]","[1, 1, 4096]",74,27,model.layers.31,73,decode,"[1, 1]",1
1,False,17,"[1, 1, 4096]","[1, 1, 4096]",64,28,model.layers.31,63,decode,"[1, 1]",1
1,False,17,"[1, 1, 4096]","[1, 1, 4096]",64,29,model.layers.31,63,decode,"[1, 1]",1
1,False,17,"[1, 1, 4096]","[1, 1, 4096]",64,30,model.layers.31,63,decode,"[1, 1]",1
1,False,17,"[1, 1, 4096]","[1, 1, 4096]",64,31,model.layers.31,63,decode,"[1, 1]",1
1,False,18,"[1, 1, 4096]","[1, 1, 4096]",641,0,model.layers.31,640,decode,"[1, 1]",1
1,False,18,"[1, 1, 4096]","[1, 1, 4096]",641,1,model.layers.31,640,decode,"[1, 1]",1
1,False,18,"[1, 1, 4096]","[1, 1, 4096]",641,2,model.layers.31,640,decode,"[1, 1]",1
1,False,18,"[1, 1, 4096]","[1, 1, 4096]",641,3,model.layers.31,640,decode,"[1, 1]",1
1,False,18,"[1, 1, 4096]","[1, 1, 4096]",641,4,model.layers.31,640,decode,"[1, 1]",1
1,False,18,"[1, 1, 4096]","[1, 1, 4096]",641,5,model.layers.31,640,decode,"[1, 1]",1
1,False,18,"[1, 1, 4096]","[1, 1, 4096]",641,6,model.layers.31,640,decode,"[1, 1]",1
1,False,18,"[1, 1, 4096]","[1, 1, 4096]",641,7,model.layers.31,640,decode,"[1, 1]",1
1,False,18,"[1, 1, 4096]","[1, 1, 4096]",641,8,model.layers.31,640,decode,"[1, 1]",1
1,False,18,"[1, 1, 4096]","[1, 1, 4096]",641,9,model.layers.31,640,decode,"[1, 1]",1
1,False,18,"[1, 1, 4096]","[1, 1, 4096]",641,10,model.layers.31,640,decode,"[1, 1]",1
1,False,18,"[1, 1, 4096]","[1, 1, 4096]",641,11,model.layers.31,640,decode,"[1, 1]",1
1,False,18,"[1, 1, 4096]","[1, 1, 4096]",641,12,model.layers.31,640,decode,"[1, 1]",1
1,False,18,"[1, 1, 4096]","[1, 1, 4096]",641,13,model.layers.31,640,decode,"[1, 1]",1
1,False,18,"[1, 1, 4096]","[1, 1, 4096]",641,14,model.layers.31,640,decode,"[1, 1]",1
1,False,18,"[1, 1, 4096]","[1, 1, 4096]",641,15,model.layers.31,640,decode,"[1, 1]",1
1,False,18,"[1, 1, 4096]","[1, 1, 4096]",641,16,model.layers.31,640,decode,"[1, 1]",1
1,False,18,"[1, 1, 4096]","[1, 1, 4096]",641,17,model.layers.31,640,decode,"[1, 1]",1
1,False,18,"[1, 1, 4096]","[1, 1, 4096]",641,18,model.layers.31,640,decode,"[1, 1]",1
1,False,18,"[1, 1, 4096]","[1, 1, 4096]",75,19,model.layers.31,74,decode,"[1, 1]",1
1,False,18,"[1, 1, 4096]","[1, 1, 4096]",75,20,model.layers.31,74,decode,"[1, 1]",1
1,False,18,"[1, 1, 4096]","[1, 1, 4096]",75,21,model.layers.31,74,decode,"[1, 1]",1
1,False,18,"[1, 1, 4096]","[1, 1, 4096]",75,22,model.layers.31,74,decode,"[1, 1]",1
1,False,18,"[1, 1, 4096]","[1, 1, 4096]",75,23,model.layers.31,74,decode,"[1, 1]",1
1,False,18,"[1, 1, 4096]","[1, 1, 4096]",75,24,model.layers.31,74,decode,"[1, 1]",1
1,False,18,"[1, 1, 4096]","[1, 1, 4096]",75,25,model.layers.31,74,decode,"[1, 1]",1
1,False,18,"[1, 1, 4096]","[1, 1, 4096]",75,26,model.layers.31,74,decode,"[1, 1]",1
1,False,18,"[1, 1, 4096]","[1, 1, 4096]",75,27,model.layers.31,74,decode,"[1, 1]",1
1,False,18,"[1, 1, 4096]","[1, 1, 4096]",65,28,model.layers.31,64,decode,"[1, 1]",1
1,False,18,"[1, 1, 4096]","[1, 1, 4096]",65,29,model.layers.31,64,decode,"[1, 1]",1
1,False,18,"[1, 1, 4096]","[1, 1, 4096]",65,30,model.layers.31,64,decode,"[1, 1]",1
1,False,18,"[1, 1, 4096]","[1, 1, 4096]",65,31,model.layers.31,64,decode,"[1, 1]",1
1,False,19,"[1, 1, 4096]","[1, 1, 4096]",642,0,model.layers.31,641,decode,"[1, 1]",1
1,False,19,"[1, 1, 4096]","[1, 1, 4096]",642,1,model.layers.31,641,decode,"[1, 1]",1
1,False,19,"[1, 1, 4096]","[1, 1, 4096]",642,2,model.layers.31,641,decode,"[1, 1]",1
1,False,19,"[1, 1, 4096]","[1, 1, 4096]",642,3,model.layers.31,641,decode,"[1, 1]",1
1,False,19,"[1, 1, 4096]","[1, 1, 4096]",642,4,model.layers.31,641,decode,"[1, 1]",1
1,False,19,"[1, 1, 4096]","[1, 1, 4096]",642,5,model.layers.31,641,decode,"[1, 1]",1
1,False,19,"[1, 1, 4096]","[1, 1, 4096]",642,6,model.layers.31,641,decode,"[1, 1]",1
1,False,19,"[1, 1, 4096]","[1, 1, 4096]",642,7,model.layers.31,641,decode,"[1, 1]",1
1,False,19,"[1, 1, 4096]","[1, 1, 4096]",642,8,model.layers.31,641,decode,"[1, 1]",1
1,False,19,"[1, 1, 4096]","[1, 1, 4096]",642,9,model.layers.31,641,decode,"[1, 1]",1
1,False,19,"[1, 1, 4096]","[1, 1, 4096]",642,10,model.layers.31,641,decode,"[1, 1]",1
1,False,19,"[1, 1, 4096]","[1, 1, 4096]",642,11,model.layers.31,641,decode,"[1, 1]",1
1,False,19,"[1, 1, 4096]","[1, 1, 4096]",642,12,model.layers.31,641,decode,"[1, 1]",1
1,False,19,"[1, 1, 4096]","[1, 1, 4096]",642,13,model.layers.31,641,decode,"[1, 1]",1
1,False,19,"[1, 1, 4096]","[1, 1, 4096]",642,14,model.layers.31,641,decode,"[1, 1]",1
1,False,19,"[1, 1, 4096]","[1, 1, 4096]",642,15,model.layers.31,641,decode,"[1, 1]",1
1,False,19,"[1, 1, 4096]","[1, 1, 4096]",642,16,model.layers.31,641,decode,"[1, 1]",1
1,False,19,"[1, 1, 4096]","[1, 1, 4096]",642,17,model.layers.31,641,decode,"[1, 1]",1
1,False,19,"[1, 1, 4096]","[1, 1, 4096]",642,18,model.layers.31,641,decode,"[1, 1]",1
1,False,19,"[1, 1, 4096]","[1, 1, 4096]",76,19,model.layers.31,75,decode,"[1, 1]",1
1,False,19,"[1, 1, 4096]","[1, 1, 4096]",76,20,model.layers.31,75,decode,"[1, 1]",1
1,False,19,"[1, 1, 4096]","[1, 1, 4096]",76,21,model.layers.31,75,decode,"[1, 1]",1
1,False,19,"[1, 1, 4096]","[1, 1, 4096]",76,22,model.layers.31,75,decode,"[1, 1]",1
1,False,19,"[1, 1, 4096]","[1, 1, 4096]",76,23,model.layers.31,75,decode,"[1, 1]",1
1,False,19,"[1, 1, 4096]","[1, 1, 4096]",76,24,model.layers.31,75,decode,"[1, 1]",1
1,False,19,"[1, 1, 4096]","[1, 1, 4096]",76,25,model.layers.31,75,decode,"[1, 1]",1
1,False,19,"[1, 1, 4096]","[1, 1, 4096]",76,26,model.layers.31,75,decode,"[1, 1]",1
1,False,19,"[1, 1, 4096]","[1, 1, 4096]",76,27,model.layers.31,75,decode,"[1, 1]",1
1,False,19,"[1, 1, 4096]","[1, 1, 4096]",66,28,model.layers.31,65,decode,"[1, 1]",1
1,False,19,"[1, 1, 4096]","[1, 1, 4096]",66,29,model.layers.31,65,decode,"[1, 1]",1
1,False,19,"[1, 1, 4096]","[1, 1, 4096]",66,30,model.layers.31,65,decode,"[1, 1]",1
1,False,19,"[1, 1, 4096]","[1, 1, 4096]",66,31,model.layers.31,65,decode,"[1, 1]",1
1,False,20,"[1, 1, 4096]","[1, 1, 4096]",643,0,model.layers.31,642,decode,"[1, 1]",1
1,False,20,"[1, 1, 4096]","[1, 1, 4096]",643,1,model.layers.31,642,decode,"[1, 1]",1
1,False,20,"[1, 1, 4096]","[1, 1, 4096]",643,2,model.layers.31,642,decode,"[1, 1]",1
1,False,20,"[1, 1, 4096]","[1, 1, 4096]",643,3,model.layers.31,642,decode,"[1, 1]",1
1,False,20,"[1, 1, 4096]","[1, 1, 4096]",643,4,model.layers.31,642,decode,"[1, 1]",1
1,False,20,"[1, 1, 4096]","[1, 1, 4096]",643,5,model.layers.31,642,decode,"[1, 1]",1
1,False,20,"[1, 1, 4096]","[1, 1, 4096]",643,6,model.layers.31,642,decode,"[1, 1]",1
1,False,20,"[1, 1, 4096]","[1, 1, 4096]",643,7,model.layers.31,642,decode,"[1, 1]",1
1,False,20,"[1, 1, 4096]","[1, 1, 4096]",643,8,model.layers.31,642,decode,"[1, 1]",1
1,False,20,"[1, 1, 4096]","[1, 1, 4096]",643,9,model.layers.31,642,decode,"[1, 1]",1
1,False,20,"[1, 1, 4096]","[1, 1, 4096]",643,10,model.layers.31,642,decode,"[1, 1]",1
1,False,20,"[1, 1, 4096]","[1, 1, 4096]",643,11,model.layers.31,642,decode,"[1, 1]",1
1,False,20,"[1, 1, 4096]","[1, 1, 4096]",643,12,model.layers.31,642,decode,"[1, 1]",1
1,False,20,"[1, 1, 4096]","[1, 1, 4096]",643,13,model.layers.31,642,decode,"[1, 1]",1
1,False,20,"[1, 1, 4096]","[1, 1, 4096]",643,14,model.layers.31,642,decode,"[1, 1]",1
1,False,20,"[1, 1, 4096]","[1, 1, 4096]",643,15,model.layers.31,642,decode,"[1, 1]",1
1,False,20,"[1, 1, 4096]","[1, 1, 4096]",643,16,model.layers.31,642,decode,"[1, 1]",1
1,False,20,"[1, 1, 4096]","[1, 1, 4096]",643,17,model.layers.31,642,decode,"[1, 1]",1
1,False,20,"[1, 1, 4096]","[1, 1, 4096]",643,18,model.layers.31,642,decode,"[1, 1]",1
1,False,20,"[1, 1, 4096]","[1, 1, 4096]",77,19,model.layers.31,76,decode,"[1, 1]",1
1,False,20,"[1, 1, 4096]","[1, 1, 4096]",77,20,model.layers.31,76,decode,"[1, 1]",1
1,False,20,"[1, 1, 4096]","[1, 1, 4096]",77,21,model.layers.31,76,decode,"[1, 1]",1
1,False,20,"[1, 1, 4096]","[1, 1, 4096]",77,22,model.layers.31,76,decode,"[1, 1]",1
1,False,20,"[1, 1, 4096]","[1, 1, 4096]",77,23,model.layers.31,76,decode,"[1, 1]",1
1,False,20,"[1, 1, 4096]","[1, 1, 4096]",77,24,model.layers.31,76,decode,"[1, 1]",1
1,False,20,"[1, 1, 4096]","[1, 1, 4096]",77,25,model.layers.31,76,decode,"[1, 1]",1
1,False,20,"[1, 1, 4096]","[1, 1, 4096]",77,26,model.layers.31,76,decode,"[1, 1]",1
1,False,20,"[1, 1, 4096]","[1, 1, 4096]",77,27,model.layers.31,76,decode,"[1, 1]",1
1,False,20,"[1, 1, 4096]","[1, 1, 4096]",67,28,model.layers.31,66,decode,"[1, 1]",1
1,False,20,"[1, 1, 4096]","[1, 1, 4096]",67,29,model.layers.31,66,decode,"[1, 1]",1
1,False,20,"[1, 1, 4096]","[1, 1, 4096]",67,30,model.layers.31,66,decode,"[1, 1]",1
1,False,20,"[1, 1, 4096]","[1, 1, 4096]",67,31,model.layers.31,66,decode,"[1, 1]",1
1,False,21,"[1, 1, 4096]","[1, 1, 4096]",644,0,model.layers.31,643,decode,"[1, 1]",1
1,False,21,"[1, 1, 4096]","[1, 1, 4096]",644,1,model.layers.31,643,decode,"[1, 1]",1
1,False,21,"[1, 1, 4096]","[1, 1, 4096]",644,2,model.layers.31,643,decode,"[1, 1]",1
1,False,21,"[1, 1, 4096]","[1, 1, 4096]",644,3,model.layers.31,643,decode,"[1, 1]",1
1,False,21,"[1, 1, 4096]","[1, 1, 4096]",644,4,model.layers.31,643,decode,"[1, 1]",1
1,False,21,"[1, 1, 4096]","[1, 1, 4096]",644,5,model.layers.31,643,decode,"[1, 1]",1
1,False,21,"[1, 1, 4096]","[1, 1, 4096]",644,6,model.layers.31,643,decode,"[1, 1]",1
1,False,21,"[1, 1, 4096]","[1, 1, 4096]",644,7,model.layers.31,643,decode,"[1, 1]",1
1,False,21,"[1, 1, 4096]","[1, 1, 4096]",644,8,model.layers.31,643,decode,"[1, 1]",1
1,False,21,"[1, 1, 4096]","[1, 1, 4096]",644,9,model.layers.31,643,decode,"[1, 1]",1
1,False,21,"[1, 1, 4096]","[1, 1, 4096]",644,10,model.layers.31,643,decode,"[1, 1]",1
1,False,21,"[1, 1, 4096]","[1, 1, 4096]",644,11,model.layers.31,643,decode,"[1, 1]",1
1,False,21,"[1, 1, 4096]","[1, 1, 4096]",644,12,model.layers.31,643,decode,"[1, 1]",1
1,False,21,"[1, 1, 4096]","[1, 1, 4096]",644,13,model.layers.31,643,decode,"[1, 1]",1
1,False,21,"[1, 1, 4096]","[1, 1, 4096]",644,14,model.layers.31,643,decode,"[1, 1]",1
1,False,21,"[1, 1, 4096]","[1, 1, 4096]",644,15,model.layers.31,643,decode,"[1, 1]",1
1,False,21,"[1, 1, 4096]","[1, 1, 4096]",644,16,model.layers.31,643,decode,"[1, 1]",1
1,False,21,"[1, 1, 4096]","[1, 1, 4096]",644,17,model.layers.31,643,decode,"[1, 1]",1
1,False,21,"[1, 1, 4096]","[1, 1, 4096]",644,18,model.layers.31,643,decode,"[1, 1]",1
1,False,21,"[1, 1, 4096]","[1, 1, 4096]",78,19,model.layers.31,77,decode,"[1, 1]",1
1,False,21,"[1, 1, 4096]","[1, 1, 4096]",78,20,model.layers.31,77,decode,"[1, 1]",1
1,False,21,"[1, 1, 4096]","[1, 1, 4096]",78,21,model.layers.31,77,decode,"[1, 1]",1
1,False,21,"[1, 1, 4096]","[1, 1, 4096]",78,22,model.layers.31,77,decode,"[1, 1]",1
1,False,21,"[1, 1, 4096]","[1, 1, 4096]",78,23,model.layers.31,77,decode,"[1, 1]",1
1,False,21,"[1, 1, 4096]","[1, 1, 4096]",78,24,model.layers.31,77,decode,"[1, 1]",1
1,False,21,"[1, 1, 4096]","[1, 1, 4096]",78,25,model.layers.31,77,decode,"[1, 1]",1
1,False,21,"[1, 1, 4096]","[1, 1, 4096]",78,26,model.layers.31,77,decode,"[1, 1]",1
1,False,21,"[1, 1, 4096]","[1, 1, 4096]",78,27,model.layers.31,77,decode,"[1, 1]",1
1,False,21,"[1, 1, 4096]","[1, 1, 4096]",68,28,model.layers.31,67,decode,"[1, 1]",1
1,False,21,"[1, 1, 4096]","[1, 1, 4096]",68,29,model.layers.31,67,decode,"[1, 1]",1
1,False,21,"[1, 1, 4096]","[1, 1, 4096]",68,30,model.layers.31,67,decode,"[1, 1]",1
1,False,21,"[1, 1, 4096]","[1, 1, 4096]",68,31,model.layers.31,67,decode,"[1, 1]",1
1,False,22,"[1, 1, 4096]","[1, 1, 4096]",645,0,model.layers.31,644,decode,"[1, 1]",1
1,False,22,"[1, 1, 4096]","[1, 1, 4096]",645,1,model.layers.31,644,decode,"[1, 1]",1
1,False,22,"[1, 1, 4096]","[1, 1, 4096]",645,2,model.layers.31,644,decode,"[1, 1]",1
1,False,22,"[1, 1, 4096]","[1, 1, 4096]",645,3,model.layers.31,644,decode,"[1, 1]",1
1,False,22,"[1, 1, 4096]","[1, 1, 4096]",645,4,model.layers.31,644,decode,"[1, 1]",1
1,False,22,"[1, 1, 4096]","[1, 1, 4096]",645,5,model.layers.31,644,decode,"[1, 1]",1
1,False,22,"[1, 1, 4096]","[1, 1, 4096]",645,6,model.layers.31,644,decode,"[1, 1]",1
1,False,22,"[1, 1, 4096]","[1, 1, 4096]",645,7,model.layers.31,644,decode,"[1, 1]",1
1,False,22,"[1, 1, 4096]","[1, 1, 4096]",645,8,model.layers.31,644,decode,"[1, 1]",1
1,False,22,"[1, 1, 4096]","[1, 1, 4096]",645,9,model.layers.31,644,decode,"[1, 1]",1
1,False,22,"[1, 1, 4096]","[1, 1, 4096]",645,10,model.layers.31,644,decode,"[1, 1]",1
1,False,22,"[1, 1, 4096]","[1, 1, 4096]",645,11,model.layers.31,644,decode,"[1, 1]",1
1,False,22,"[1, 1, 4096]","[1, 1, 4096]",645,12,model.layers.31,644,decode,"[1, 1]",1
1,False,22,"[1, 1, 4096]","[1, 1, 4096]",645,13,model.layers.31,644,decode,"[1, 1]",1
1,False,22,"[1, 1, 4096]","[1, 1, 4096]",645,14,model.layers.31,644,decode,"[1, 1]",1
1,False,22,"[1, 1, 4096]","[1, 1, 4096]",645,15,model.layers.31,644,decode,"[1, 1]",1
1,False,22,"[1, 1, 4096]","[1, 1, 4096]",645,16,model.layers.31,644,decode,"[1, 1]",1
1,False,22,"[1, 1, 4096]","[1, 1, 4096]",645,17,model.layers.31,644,decode,"[1, 1]",1
1,False,22,"[1, 1, 4096]","[1, 1, 4096]",645,18,model.layers.31,644,decode,"[1, 1]",1
1,False,22,"[1, 1, 4096]","[1, 1, 4096]",79,19,model.layers.31,78,decode,"[1, 1]",1
1,False,22,"[1, 1, 4096]","[1, 1, 4096]",79,20,model.layers.31,78,decode,"[1, 1]",1
1,False,22,"[1, 1, 4096]","[1, 1, 4096]",79,21,model.layers.31,78,decode,"[1, 1]",1
1,False,22,"[1, 1, 4096]","[1, 1, 4096]",79,22,model.layers.31,78,decode,"[1, 1]",1
1,False,22,"[1, 1, 4096]","[1, 1, 4096]",79,23,model.layers.31,78,decode,"[1, 1]",1
1,False,22,"[1, 1, 4096]","[1, 1, 4096]",79,24,model.layers.31,78,decode,"[1, 1]",1
1,False,22,"[1, 1, 4096]","[1, 1, 4096]",79,25,model.layers.31,78,decode,"[1, 1]",1
1,False,22,"[1, 1, 4096]","[1, 1, 4096]",79,26,model.layers.31,78,decode,"[1, 1]",1
1,False,22,"[1, 1, 4096]","[1, 1, 4096]",79,27,model.layers.31,78,decode,"[1, 1]",1
1,False,22,"[1, 1, 4096]","[1, 1, 4096]",69,28,model.layers.31,68,decode,"[1, 1]",1
1,False,22,"[1, 1, 4096]","[1, 1, 4096]",69,29,model.layers.31,68,decode,"[1, 1]",1
1,False,22,"[1, 1, 4096]","[1, 1, 4096]",69,30,model.layers.31,68,decode,"[1, 1]",1
1,False,22,"[1, 1, 4096]","[1, 1, 4096]",69,31,model.layers.31,68,decode,"[1, 1]",1
1,False,23,"[1, 1, 4096]","[1, 1, 4096]",646,0,model.layers.31,645,decode,"[1, 1]",1
1,False,23,"[1, 1, 4096]","[1, 1, 4096]",646,1,model.layers.31,645,decode,"[1, 1]",1
1,False,23,"[1, 1, 4096]","[1, 1, 4096]",646,2,model.layers.31,645,decode,"[1, 1]",1
1,False,23,"[1, 1, 4096]","[1, 1, 4096]",646,3,model.layers.31,645,decode,"[1, 1]",1
1,False,23,"[1, 1, 4096]","[1, 1, 4096]",646,4,model.layers.31,645,decode,"[1, 1]",1
1,False,23,"[1, 1, 4096]","[1, 1, 4096]",646,5,model.layers.31,645,decode,"[1, 1]",1
1,False,23,"[1, 1, 4096]","[1, 1, 4096]",646,6,model.layers.31,645,decode,"[1, 1]",1
1,False,23,"[1, 1, 4096]","[1, 1, 4096]",646,7,model.layers.31,645,decode,"[1, 1]",1
1,False,23,"[1, 1, 4096]","[1, 1, 4096]",646,8,model.layers.31,645,decode,"[1, 1]",1
1,False,23,"[1, 1, 4096]","[1, 1, 4096]",646,9,model.layers.31,645,decode,"[1, 1]",1
1,False,23,"[1, 1, 4096]","[1, 1, 4096]",646,10,model.layers.31,645,decode,"[1, 1]",1
1,False,23,"[1, 1, 4096]","[1, 1, 4096]",646,11,model.layers.31,645,decode,"[1, 1]",1
1,False,23,"[1, 1, 4096]","[1, 1, 4096]",646,12,model.layers.31,645,decode,"[1, 1]",1
1,False,23,"[1, 1, 4096]","[1, 1, 4096]",646,13,model.layers.31,645,decode,"[1, 1]",1
1,False,23,"[1, 1, 4096]","[1, 1, 4096]",646,14,model.layers.31,645,decode,"[1, 1]",1
1,False,23,"[1, 1, 4096]","[1, 1, 4096]",646,15,model.layers.31,645,decode,"[1, 1]",1
1,False,23,"[1, 1, 4096]","[1, 1, 4096]",646,16,model.layers.31,645,decode,"[1, 1]",1
1,False,23,"[1, 1, 4096]","[1, 1, 4096]",646,17,model.layers.31,645,decode,"[1, 1]",1
1,False,23,"[1, 1, 4096]","[1, 1, 4096]",646,18,model.layers.31,645,decode,"[1, 1]",1
1,False,23,"[1, 1, 4096]","[1, 1, 4096]",80,19,model.layers.31,79,decode,"[1, 1]",1
1,False,23,"[1, 1, 4096]","[1, 1, 4096]",80,20,model.layers.31,79,decode,"[1, 1]",1
1,False,23,"[1, 1, 4096]","[1, 1, 4096]",80,21,model.layers.31,79,decode,"[1, 1]",1
1,False,23,"[1, 1, 4096]","[1, 1, 4096]",80,22,model.layers.31,79,decode,"[1, 1]",1
1,False,23,"[1, 1, 4096]","[1, 1, 4096]",80,23,model.layers.31,79,decode,"[1, 1]",1
1,False,23,"[1, 1, 4096]","[1, 1, 4096]",80,24,model.layers.31,79,decode,"[1, 1]",1
1,False,23,"[1, 1, 4096]","[1, 1, 4096]",80,25,model.layers.31,79,decode,"[1, 1]",1
1,False,23,"[1, 1, 4096]","[1, 1, 4096]",80,26,model.layers.31,79,decode,"[1, 1]",1
1,False,23,"[1, 1, 4096]","[1, 1, 4096]",80,27,model.layers.31,79,decode,"[1, 1]",1
1,False,23,"[1, 1, 4096]","[1, 1, 4096]",70,28,model.layers.31,69,decode,"[1, 1]",1
1,False,23,"[1, 1, 4096]","[1, 1, 4096]",70,29,model.layers.31,69,decode,"[1, 1]",1
1,False,23,"[1, 1, 4096]","[1, 1, 4096]",70,30,model.layers.31,69,decode,"[1, 1]",1
1,False,23,"[1, 1, 4096]","[1, 1, 4096]",70,31,model.layers.31,69,decode,"[1, 1]",1
1,False,24,"[1, 1, 4096]","[1, 1, 4096]",647,0,model.layers.31,646,decode,"[1, 1]",1
1,False,24,"[1, 1, 4096]","[1, 1, 4096]",647,1,model.layers.31,646,decode,"[1, 1]",1
1,False,24,"[1, 1, 4096]","[1, 1, 4096]",647,2,model.layers.31,646,decode,"[1, 1]",1
1,False,24,"[1, 1, 4096]","[1, 1, 4096]",647,3,model.layers.31,646,decode,"[1, 1]",1
1,False,24,"[1, 1, 4096]","[1, 1, 4096]",647,4,model.layers.31,646,decode,"[1, 1]",1
1,False,24,"[1, 1, 4096]","[1, 1, 4096]",647,5,model.layers.31,646,decode,"[1, 1]",1
1,False,24,"[1, 1, 4096]","[1, 1, 4096]",647,6,model.layers.31,646,decode,"[1, 1]",1
1,False,24,"[1, 1, 4096]","[1, 1, 4096]",647,7,model.layers.31,646,decode,"[1, 1]",1
1,False,24,"[1, 1, 4096]","[1, 1, 4096]",647,8,model.layers.31,646,decode,"[1, 1]",1
1,False,24,"[1, 1, 4096]","[1, 1, 4096]",647,9,model.layers.31,646,decode,"[1, 1]",1
1,False,24,"[1, 1, 4096]","[1, 1, 4096]",647,10,model.layers.31,646,decode,"[1, 1]",1
1,False,24,"[1, 1, 4096]","[1, 1, 4096]",647,11,model.layers.31,646,decode,"[1, 1]",1
1,False,24,"[1, 1, 4096]","[1, 1, 4096]",647,12,model.layers.31,646,decode,"[1, 1]",1
1,False,24,"[1, 1, 4096]","[1, 1, 4096]",647,13,model.layers.31,646,decode,"[1, 1]",1
1,False,24,"[1, 1, 4096]","[1, 1, 4096]",647,14,model.layers.31,646,decode,"[1, 1]",1
1,False,24,"[1, 1, 4096]","[1, 1, 4096]",647,15,model.layers.31,646,decode,"[1, 1]",1
1,False,24,"[1, 1, 4096]","[1, 1, 4096]",647,16,model.layers.31,646,decode,"[1, 1]",1
1,False,24,"[1, 1, 4096]","[1, 1, 4096]",647,17,model.layers.31,646,decode,"[1, 1]",1
1,False,24,"[1, 1, 4096]","[1, 1, 4096]",647,18,model.layers.31,646,decode,"[1, 1]",1
1,False,24,"[1, 1, 4096]","[1, 1, 4096]",81,19,model.layers.31,80,decode,"[1, 1]",1
1,False,24,"[1, 1, 4096]","[1, 1, 4096]",81,20,model.layers.31,80,decode,"[1, 1]",1
1,False,24,"[1, 1, 4096]","[1, 1, 4096]",81,21,model.layers.31,80,decode,"[1, 1]",1
1,False,24,"[1, 1, 4096]","[1, 1, 4096]",81,22,model.layers.31,80,decode,"[1, 1]",1
1,False,24,"[1, 1, 4096]","[1, 1, 4096]",81,23,model.layers.31,80,decode,"[1, 1]",1
1,False,24,"[1, 1, 4096]","[1, 1, 4096]",81,24,model.layers.31,80,decode,"[1, 1]",1
1,False,24,"[1, 1, 4096]","[1, 1, 4096]",81,25,model.layers.31,80,decode,"[1, 1]",1
1,False,24,"[1, 1, 4096]","[1, 1, 4096]",81,26,model.layers.31,80,decode,"[1, 1]",1
1,False,24,"[1, 1, 4096]","[1, 1, 4096]",81,27,model.layers.31,80,decode,"[1, 1]",1
1,False,24,"[1, 1, 4096]","[1, 1, 4096]",71,28,model.layers.31,70,decode,"[1, 1]",1
1,False,24,"[1, 1, 4096]","[1, 1, 4096]",71,29,model.layers.31,70,decode,"[1, 1]",1
1,False,24,"[1, 1, 4096]","[1, 1, 4096]",71,30,model.layers.31,70,decode,"[1, 1]",1
1,False,24,"[1, 1, 4096]","[1, 1, 4096]",71,31,model.layers.31,70,decode,"[1, 1]",1
1,False,25,"[1, 1, 4096]","[1, 1, 4096]",648,0,model.layers.31,647,decode,"[1, 1]",1
1,False,25,"[1, 1, 4096]","[1, 1, 4096]",648,1,model.layers.31,647,decode,"[1, 1]",1
1,False,25,"[1, 1, 4096]","[1, 1, 4096]",648,2,model.layers.31,647,decode,"[1, 1]",1
1,False,25,"[1, 1, 4096]","[1, 1, 4096]",648,3,model.layers.31,647,decode,"[1, 1]",1
1,False,25,"[1, 1, 4096]","[1, 1, 4096]",648,4,model.layers.31,647,decode,"[1, 1]",1
1,False,25,"[1, 1, 4096]","[1, 1, 4096]",648,5,model.layers.31,647,decode,"[1, 1]",1
1,False,25,"[1, 1, 4096]","[1, 1, 4096]",648,6,model.layers.31,647,decode,"[1, 1]",1
1,False,25,"[1, 1, 4096]","[1, 1, 4096]",648,7,model.layers.31,647,decode,"[1, 1]",1
1,False,25,"[1, 1, 4096]","[1, 1, 4096]",648,8,model.layers.31,647,decode,"[1, 1]",1
1,False,25,"[1, 1, 4096]","[1, 1, 4096]",648,9,model.layers.31,647,decode,"[1, 1]",1
1,False,25,"[1, 1, 4096]","[1, 1, 4096]",648,10,model.layers.31,647,decode,"[1, 1]",1
1,False,25,"[1, 1, 4096]","[1, 1, 4096]",648,11,model.layers.31,647,decode,"[1, 1]",1
1,False,25,"[1, 1, 4096]","[1, 1, 4096]",648,12,model.layers.31,647,decode,"[1, 1]",1
1,False,25,"[1, 1, 4096]","[1, 1, 4096]",648,13,model.layers.31,647,decode,"[1, 1]",1
1,False,25,"[1, 1, 4096]","[1, 1, 4096]",648,14,model.layers.31,647,decode,"[1, 1]",1
1,False,25,"[1, 1, 4096]","[1, 1, 4096]",648,15,model.layers.31,647,decode,"[1, 1]",1
1,False,25,"[1, 1, 4096]","[1, 1, 4096]",648,16,model.layers.31,647,decode,"[1, 1]",1
1,False,25,"[1, 1, 4096]","[1, 1, 4096]",648,17,model.layers.31,647,decode,"[1, 1]",1
1,False,25,"[1, 1, 4096]","[1, 1, 4096]",648,18,model.layers.31,647,decode,"[1, 1]",1
1,False,25,"[1, 1, 4096]","[1, 1, 4096]",82,19,model.layers.31,81,decode,"[1, 1]",1
1,False,25,"[1, 1, 4096]","[1, 1, 4096]",82,20,model.layers.31,81,decode,"[1, 1]",1
1,False,25,"[1, 1, 4096]","[1, 1, 4096]",82,21,model.layers.31,81,decode,"[1, 1]",1
1,False,25,"[1, 1, 4096]","[1, 1, 4096]",82,22,model.layers.31,81,decode,"[1, 1]",1
1,False,25,"[1, 1, 4096]","[1, 1, 4096]",82,23,model.layers.31,81,decode,"[1, 1]",1
1,False,25,"[1, 1, 4096]","[1, 1, 4096]",82,24,model.layers.31,81,decode,"[1, 1]",1
1,False,25,"[1, 1, 4096]","[1, 1, 4096]",82,25,model.layers.31,81,decode,"[1, 1]",1
1,False,25,"[1, 1, 4096]","[1, 1, 4096]",82,26,model.layers.31,81,decode,"[1, 1]",1
1,False,25,"[1, 1, 4096]","[1, 1, 4096]",82,27,model.layers.31,81,decode,"[1, 1]",1
1,False,25,"[1, 1, 4096]","[1, 1, 4096]",72,28,model.layers.31,71,decode,"[1, 1]",1
1,False,25,"[1, 1, 4096]","[1, 1, 4096]",72,29,model.layers.31,71,decode,"[1, 1]",1
1,False,25,"[1, 1, 4096]","[1, 1, 4096]",72,30,model.layers.31,71,decode,"[1, 1]",1
1,False,25,"[1, 1, 4096]","[1, 1, 4096]",72,31,model.layers.31,71,decode,"[1, 1]",1
1,False,26,"[1, 1, 4096]","[1, 1, 4096]",649,0,model.layers.31,648,decode,"[1, 1]",1
1,False,26,"[1, 1, 4096]","[1, 1, 4096]",649,1,model.layers.31,648,decode,"[1, 1]",1
1,False,26,"[1, 1, 4096]","[1, 1, 4096]",649,2,model.layers.31,648,decode,"[1, 1]",1
1,False,26,"[1, 1, 4096]","[1, 1, 4096]",649,3,model.layers.31,648,decode,"[1, 1]",1
1,False,26,"[1, 1, 4096]","[1, 1, 4096]",649,4,model.layers.31,648,decode,"[1, 1]",1
1,False,26,"[1, 1, 4096]","[1, 1, 4096]",649,5,model.layers.31,648,decode,"[1, 1]",1
1,False,26,"[1, 1, 4096]","[1, 1, 4096]",649,6,model.layers.31,648,decode,"[1, 1]",1
1,False,26,"[1, 1, 4096]","[1, 1, 4096]",649,7,model.layers.31,648,decode,"[1, 1]",1
1,False,26,"[1, 1, 4096]","[1, 1, 4096]",649,8,model.layers.31,648,decode,"[1, 1]",1
1,False,26,"[1, 1, 4096]","[1, 1, 4096]",649,9,model.layers.31,648,decode,"[1, 1]",1
1,False,26,"[1, 1, 4096]","[1, 1, 4096]",649,10,model.layers.31,648,decode,"[1, 1]",1
1,False,26,"[1, 1, 4096]","[1, 1, 4096]",649,11,model.layers.31,648,decode,"[1, 1]",1
1,False,26,"[1, 1, 4096]","[1, 1, 4096]",649,12,model.layers.31,648,decode,"[1, 1]",1
1,False,26,"[1, 1, 4096]","[1, 1, 4096]",649,13,model.layers.31,648,decode,"[1, 1]",1
1,False,26,"[1, 1, 4096]","[1, 1, 4096]",649,14,model.layers.31,648,decode,"[1, 1]",1
1,False,26,"[1, 1, 4096]","[1, 1, 4096]",649,15,model.layers.31,648,decode,"[1, 1]",1
1,False,26,"[1, 1, 4096]","[1, 1, 4096]",649,16,model.layers.31,648,decode,"[1, 1]",1
1,False,26,"[1, 1, 4096]","[1, 1, 4096]",649,17,model.layers.31,648,decode,"[1, 1]",1
1,False,26,"[1, 1, 4096]","[1, 1, 4096]",649,18,model.layers.31,648,decode,"[1, 1]",1
1,False,26,"[1, 1, 4096]","[1, 1, 4096]",83,19,model.layers.31,82,decode,"[1, 1]",1
1,False,26,"[1, 1, 4096]","[1, 1, 4096]",83,20,model.layers.31,82,decode,"[1, 1]",1
1,False,26,"[1, 1, 4096]","[1, 1, 4096]",83,21,model.layers.31,82,decode,"[1, 1]",1
1,False,26,"[1, 1, 4096]","[1, 1, 4096]",83,22,model.layers.31,82,decode,"[1, 1]",1
1,False,26,"[1, 1, 4096]","[1, 1, 4096]",83,23,model.layers.31,82,decode,"[1, 1]",1
1,False,26,"[1, 1, 4096]","[1, 1, 4096]",83,24,model.layers.31,82,decode,"[1, 1]",1
1,False,26,"[1, 1, 4096]","[1, 1, 4096]",83,25,model.layers.31,82,decode,"[1, 1]",1
1,False,26,"[1, 1, 4096]","[1, 1, 4096]",83,26,model.layers.31,82,decode,"[1, 1]",1
1,False,26,"[1, 1, 4096]","[1, 1, 4096]",83,27,model.layers.31,82,decode,"[1, 1]",1
1,False,26,"[1, 1, 4096]","[1, 1, 4096]",73,28,model.layers.31,72,decode,"[1, 1]",1
1,False,26,"[1, 1, 4096]","[1, 1, 4096]",73,29,model.layers.31,72,decode,"[1, 1]",1
1,False,26,"[1, 1, 4096]","[1, 1, 4096]",73,30,model.layers.31,72,decode,"[1, 1]",1
1,False,26,"[1, 1, 4096]","[1, 1, 4096]",73,31,model.layers.31,72,decode,"[1, 1]",1
1,False,27,"[1, 1, 4096]","[1, 1, 4096]",650,0,model.layers.31,649,decode,"[1, 1]",1
1,False,27,"[1, 1, 4096]","[1, 1, 4096]",650,1,model.layers.31,649,decode,"[1, 1]",1
1,False,27,"[1, 1, 4096]","[1, 1, 4096]",650,2,model.layers.31,649,decode,"[1, 1]",1
1,False,27,"[1, 1, 4096]","[1, 1, 4096]",650,3,model.layers.31,649,decode,"[1, 1]",1
1,False,27,"[1, 1, 4096]","[1, 1, 4096]",650,4,model.layers.31,649,decode,"[1, 1]",1
1,False,27,"[1, 1, 4096]","[1, 1, 4096]",650,5,model.layers.31,649,decode,"[1, 1]",1
1,False,27,"[1, 1, 4096]","[1, 1, 4096]",650,6,model.layers.31,649,decode,"[1, 1]",1
1,False,27,"[1, 1, 4096]","[1, 1, 4096]",650,7,model.layers.31,649,decode,"[1, 1]",1
1,False,27,"[1, 1, 4096]","[1, 1, 4096]",650,8,model.layers.31,649,decode,"[1, 1]",1
1,False,27,"[1, 1, 4096]","[1, 1, 4096]",650,9,model.layers.31,649,decode,"[1, 1]",1
1,False,27,"[1, 1, 4096]","[1, 1, 4096]",650,10,model.layers.31,649,decode,"[1, 1]",1
1,False,27,"[1, 1, 4096]","[1, 1, 4096]",650,11,model.layers.31,649,decode,"[1, 1]",1
1,False,27,"[1, 1, 4096]","[1, 1, 4096]",650,12,model.layers.31,649,decode,"[1, 1]",1
1,False,27,"[1, 1, 4096]","[1, 1, 4096]",650,13,model.layers.31,649,decode,"[1, 1]",1
1,False,27,"[1, 1, 4096]","[1, 1, 4096]",650,14,model.layers.31,649,decode,"[1, 1]",1
1,False,27,"[1, 1, 4096]","[1, 1, 4096]",650,15,model.layers.31,649,decode,"[1, 1]",1
1,False,27,"[1, 1, 4096]","[1, 1, 4096]",650,16,model.layers.31,649,decode,"[1, 1]",1
1,False,27,"[1, 1, 4096]","[1, 1, 4096]",650,17,model.layers.31,649,decode,"[1, 1]",1
1,False,27,"[1, 1, 4096]","[1, 1, 4096]",650,18,model.layers.31,649,decode,"[1, 1]",1
1,False,27,"[1, 1, 4096]","[1, 1, 4096]",84,19,model.layers.31,83,decode,"[1, 1]",1
1,False,27,"[1, 1, 4096]","[1, 1, 4096]",84,20,model.layers.31,83,decode,"[1, 1]",1
1,False,27,"[1, 1, 4096]","[1, 1, 4096]",84,21,model.layers.31,83,decode,"[1, 1]",1
1,False,27,"[1, 1, 4096]","[1, 1, 4096]",84,22,model.layers.31,83,decode,"[1, 1]",1
1,False,27,"[1, 1, 4096]","[1, 1, 4096]",84,23,model.layers.31,83,decode,"[1, 1]",1
1,False,27,"[1, 1, 4096]","[1, 1, 4096]",84,24,model.layers.31,83,decode,"[1, 1]",1
1,False,27,"[1, 1, 4096]","[1, 1, 4096]",84,25,model.layers.31,83,decode,"[1, 1]",1
1,False,27,"[1, 1, 4096]","[1, 1, 4096]",84,26,model.layers.31,83,decode,"[1, 1]",1
1,False,27,"[1, 1, 4096]","[1, 1, 4096]",84,27,model.layers.31,83,decode,"[1, 1]",1
1,False,27,"[1, 1, 4096]","[1, 1, 4096]",74,28,model.layers.31,73,decode,"[1, 1]",1
1,False,27,"[1, 1, 4096]","[1, 1, 4096]",74,29,model.layers.31,73,decode,"[1, 1]",1
1,False,27,"[1, 1, 4096]","[1, 1, 4096]",74,30,model.layers.31,73,decode,"[1, 1]",1
1,False,27,"[1, 1, 4096]","[1, 1, 4096]",74,31,model.layers.31,73,decode,"[1, 1]",1
1,False,28,"[1, 1, 4096]","[1, 1, 4096]",651,0,model.layers.31,650,decode,"[1, 1]",1
1,False,28,"[1, 1, 4096]","[1, 1, 4096]",651,1,model.layers.31,650,decode,"[1, 1]",1
1,False,28,"[1, 1, 4096]","[1, 1, 4096]",651,2,model.layers.31,650,decode,"[1, 1]",1
1,False,28,"[1, 1, 4096]","[1, 1, 4096]",651,3,model.layers.31,650,decode,"[1, 1]",1
1,False,28,"[1, 1, 4096]","[1, 1, 4096]",651,4,model.layers.31,650,decode,"[1, 1]",1
1,False,28,"[1, 1, 4096]","[1, 1, 4096]",651,5,model.layers.31,650,decode,"[1, 1]",1
1,False,28,"[1, 1, 4096]","[1, 1, 4096]",651,6,model.layers.31,650,decode,"[1, 1]",1
1,False,28,"[1, 1, 4096]","[1, 1, 4096]",651,7,model.layers.31,650,decode,"[1, 1]",1
1,False,28,"[1, 1, 4096]","[1, 1, 4096]",651,8,model.layers.31,650,decode,"[1, 1]",1
1,False,28,"[1, 1, 4096]","[1, 1, 4096]",651,9,model.layers.31,650,decode,"[1, 1]",1
1,False,28,"[1, 1, 4096]","[1, 1, 4096]",651,10,model.layers.31,650,decode,"[1, 1]",1
1,False,28,"[1, 1, 4096]","[1, 1, 4096]",651,11,model.layers.31,650,decode,"[1, 1]",1
1,False,28,"[1, 1, 4096]","[1, 1, 4096]",651,12,model.layers.31,650,decode,"[1, 1]",1
1,False,28,"[1, 1, 4096]","[1, 1, 4096]",651,13,model.layers.31,650,decode,"[1, 1]",1
1,False,28,"[1, 1, 4096]","[1, 1, 4096]",651,14,model.layers.31,650,decode,"[1, 1]",1
1,False,28,"[1, 1, 4096]","[1, 1, 4096]",651,15,model.layers.31,650,decode,"[1, 1]",1
1,False,28,"[1, 1, 4096]","[1, 1, 4096]",651,16,model.layers.31,650,decode,"[1, 1]",1
1,False,28,"[1, 1, 4096]","[1, 1, 4096]",651,17,model.layers.31,650,decode,"[1, 1]",1
1,False,28,"[1, 1, 4096]","[1, 1, 4096]",651,18,model.layers.31,650,decode,"[1, 1]",1
1,False,28,"[1, 1, 4096]","[1, 1, 4096]",85,19,model.layers.31,84,decode,"[1, 1]",1
1,False,28,"[1, 1, 4096]","[1, 1, 4096]",85,20,model.layers.31,84,decode,"[1, 1]",1
1,False,28,"[1, 1, 4096]","[1, 1, 4096]",85,21,model.layers.31,84,decode,"[1, 1]",1
1,False,28,"[1, 1, 4096]","[1, 1, 4096]",85,22,model.layers.31,84,decode,"[1, 1]",1
1,False,28,"[1, 1, 4096]","[1, 1, 4096]",85,23,model.layers.31,84,decode,"[1, 1]",1
1,False,28,"[1, 1, 4096]","[1, 1, 4096]",85,24,model.layers.31,84,decode,"[1, 1]",1
1,False,28,"[1, 1, 4096]","[1, 1, 4096]",85,25,model.layers.31,84,decode,"[1, 1]",1
1,False,28,"[1, 1, 4096]","[1, 1, 4096]",85,26,model.layers.31,84,decode,"[1, 1]",1
1,False,28,"[1, 1, 4096]","[1, 1, 4096]",85,27,model.layers.31,84,decode,"[1, 1]",1
1,False,28,"[1, 1, 4096]","[1, 1, 4096]",75,28,model.layers.31,74,decode,"[1, 1]",1
1,False,28,"[1, 1, 4096]","[1, 1, 4096]",75,29,model.layers.31,74,decode,"[1, 1]",1
1,False,28,"[1, 1, 4096]","[1, 1, 4096]",75,30,model.layers.31,74,decode,"[1, 1]",1
1,False,28,"[1, 1, 4096]","[1, 1, 4096]",75,31,model.layers.31,74,decode,"[1, 1]",1
1,False,29,"[1, 1, 4096]","[1, 1, 4096]",652,0,model.layers.31,651,decode,"[1, 1]",1
1,False,29,"[1, 1, 4096]","[1, 1, 4096]",652,1,model.layers.31,651,decode,"[1, 1]",1
1,False,29,"[1, 1, 4096]","[1, 1, 4096]",652,2,model.layers.31,651,decode,"[1, 1]",1
1,False,29,"[1, 1, 4096]","[1, 1, 4096]",652,3,model.layers.31,651,decode,"[1, 1]",1
1,False,29,"[1, 1, 4096]","[1, 1, 4096]",652,4,model.layers.31,651,decode,"[1, 1]",1
1,False,29,"[1, 1, 4096]","[1, 1, 4096]",652,5,model.layers.31,651,decode,"[1, 1]",1
1,False,29,"[1, 1, 4096]","[1, 1, 4096]",652,6,model.layers.31,651,decode,"[1, 1]",1
1,False,29,"[1, 1, 4096]","[1, 1, 4096]",652,7,model.layers.31,651,decode,"[1, 1]",1
1,False,29,"[1, 1, 4096]","[1, 1, 4096]",652,8,model.layers.31,651,decode,"[1, 1]",1
1,False,29,"[1, 1, 4096]","[1, 1, 4096]",652,9,model.layers.31,651,decode,"[1, 1]",1
1,False,29,"[1, 1, 4096]","[1, 1, 4096]",652,10,model.layers.31,651,decode,"[1, 1]",1
1,False,29,"[1, 1, 4096]","[1, 1, 4096]",652,11,model.layers.31,651,decode,"[1, 1]",1
1,False,29,"[1, 1, 4096]","[1, 1, 4096]",652,12,model.layers.31,651,decode,"[1, 1]",1
1,False,29,"[1, 1, 4096]","[1, 1, 4096]",652,13,model.layers.31,651,decode,"[1, 1]",1
1,False,29,"[1, 1, 4096]","[1, 1, 4096]",652,14,model.layers.31,651,decode,"[1, 1]",1
1,False,29,"[1, 1, 4096]","[1, 1, 4096]",652,15,model.layers.31,651,decode,"[1, 1]",1
1,False,29,"[1, 1, 4096]","[1, 1, 4096]",652,16,model.layers.31,651,decode,"[1, 1]",1
1,False,29,"[1, 1, 4096]","[1, 1, 4096]",652,17,model.layers.31,651,decode,"[1, 1]",1
1,False,29,"[1, 1, 4096]","[1, 1, 4096]",652,18,model.layers.31,651,decode,"[1, 1]",1
1,False,29,"[1, 1, 4096]","[1, 1, 4096]",86,19,model.layers.31,85,decode,"[1, 1]",1
1,False,29,"[1, 1, 4096]","[1, 1, 4096]",86,20,model.layers.31,85,decode,"[1, 1]",1
1,False,29,"[1, 1, 4096]","[1, 1, 4096]",86,21,model.layers.31,85,decode,"[1, 1]",1
1,False,29,"[1, 1, 4096]","[1, 1, 4096]",86,22,model.layers.31,85,decode,"[1, 1]",1
1,False,29,"[1, 1, 4096]","[1, 1, 4096]",86,23,model.layers.31,85,decode,"[1, 1]",1
1,False,29,"[1, 1, 4096]","[1, 1, 4096]",86,24,model.layers.31,85,decode,"[1, 1]",1
1,False,29,"[1, 1, 4096]","[1, 1, 4096]",86,25,model.layers.31,85,decode,"[1, 1]",1
1,False,29,"[1, 1, 4096]","[1, 1, 4096]",86,26,model.layers.31,85,decode,"[1, 1]",1
1,False,29,"[1, 1, 4096]","[1, 1, 4096]",86,27,model.layers.31,85,decode,"[1, 1]",1
1,False,29,"[1, 1, 4096]","[1, 1, 4096]",76,28,model.layers.31,75,decode,"[1, 1]",1
1,False,29,"[1, 1, 4096]","[1, 1, 4096]",76,29,model.layers.31,75,decode,"[1, 1]",1
1,False,29,"[1, 1, 4096]","[1, 1, 4096]",76,30,model.layers.31,75,decode,"[1, 1]",1
1,False,29,"[1, 1, 4096]","[1, 1, 4096]",76,31,model.layers.31,75,decode,"[1, 1]",1
1,False,30,"[1, 1, 4096]","[1, 1, 4096]",653,0,model.layers.31,652,decode,"[1, 1]",1
1,False,30,"[1, 1, 4096]","[1, 1, 4096]",653,1,model.layers.31,652,decode,"[1, 1]",1
1,False,30,"[1, 1, 4096]","[1, 1, 4096]",653,2,model.layers.31,652,decode,"[1, 1]",1
1,False,30,"[1, 1, 4096]","[1, 1, 4096]",653,3,model.layers.31,652,decode,"[1, 1]",1
1,False,30,"[1, 1, 4096]","[1, 1, 4096]",653,4,model.layers.31,652,decode,"[1, 1]",1
1,False,30,"[1, 1, 4096]","[1, 1, 4096]",653,5,model.layers.31,652,decode,"[1, 1]",1
1,False,30,"[1, 1, 4096]","[1, 1, 4096]",653,6,model.layers.31,652,decode,"[1, 1]",1
1,False,30,"[1, 1, 4096]","[1, 1, 4096]",653,7,model.layers.31,652,decode,"[1, 1]",1
1,False,30,"[1, 1, 4096]","[1, 1, 4096]",653,8,model.layers.31,652,decode,"[1, 1]",1
1,False,30,"[1, 1, 4096]","[1, 1, 4096]",653,9,model.layers.31,652,decode,"[1, 1]",1
1,False,30,"[1, 1, 4096]","[1, 1, 4096]",653,10,model.layers.31,652,decode,"[1, 1]",1
1,False,30,"[1, 1, 4096]","[1, 1, 4096]",653,11,model.layers.31,652,decode,"[1, 1]",1
1,False,30,"[1, 1, 4096]","[1, 1, 4096]",653,12,model.layers.31,652,decode,"[1, 1]",1
1,False,30,"[1, 1, 4096]","[1, 1, 4096]",653,13,model.layers.31,652,decode,"[1, 1]",1
1,False,30,"[1, 1, 4096]","[1, 1, 4096]",653,14,model.layers.31,652,decode,"[1, 1]",1
1,False,30,"[1, 1, 4096]","[1, 1, 4096]",653,15,model.layers.31,652,decode,"[1, 1]",1
1,False,30,"[1, 1, 4096]","[1, 1, 4096]",653,16,model.layers.31,652,decode,"[1, 1]",1
1,False,30,"[1, 1, 4096]","[1, 1, 4096]",653,17,model.layers.31,652,decode,"[1, 1]",1
1,False,30,"[1, 1, 4096]","[1, 1, 4096]",653,18,model.layers.31,652,decode,"[1, 1]",1
1,False,30,"[1, 1, 4096]","[1, 1, 4096]",87,19,model.layers.31,86,decode,"[1, 1]",1
1,False,30,"[1, 1, 4096]","[1, 1, 4096]",87,20,model.layers.31,86,decode,"[1, 1]",1
1,False,30,"[1, 1, 4096]","[1, 1, 4096]",87,21,model.layers.31,86,decode,"[1, 1]",1
1,False,30,"[1, 1, 4096]","[1, 1, 4096]",87,22,model.layers.31,86,decode,"[1, 1]",1
1,False,30,"[1, 1, 4096]","[1, 1, 4096]",87,23,model.layers.31,86,decode,"[1, 1]",1
1,False,30,"[1, 1, 4096]","[1, 1, 4096]",87,24,model.layers.31,86,decode,"[1, 1]",1
1,False,30,"[1, 1, 4096]","[1, 1, 4096]",87,25,model.layers.31,86,decode,"[1, 1]",1
1,False,30,"[1, 1, 4096]","[1, 1, 4096]",87,26,model.layers.31,86,decode,"[1, 1]",1
1,False,30,"[1, 1, 4096]","[1, 1, 4096]",87,27,model.layers.31,86,decode,"[1, 1]",1
1,False,30,"[1, 1, 4096]","[1, 1, 4096]",77,28,model.layers.31,76,decode,"[1, 1]",1
1,False,30,"[1, 1, 4096]","[1, 1, 4096]",77,29,model.layers.31,76,decode,"[1, 1]",1
1,False,30,"[1, 1, 4096]","[1, 1, 4096]",77,30,model.layers.31,76,decode,"[1, 1]",1
1,False,30,"[1, 1, 4096]","[1, 1, 4096]",77,31,model.layers.31,76,decode,"[1, 1]",1
1,False,31,"[1, 1, 4096]","[1, 1, 4096]",654,0,model.layers.31,653,decode,"[1, 1]",1
1,False,31,"[1, 1, 4096]","[1, 1, 4096]",654,1,model.layers.31,653,decode,"[1, 1]",1
1,False,31,"[1, 1, 4096]","[1, 1, 4096]",654,2,model.layers.31,653,decode,"[1, 1]",1
1,False,31,"[1, 1, 4096]","[1, 1, 4096]",654,3,model.layers.31,653,decode,"[1, 1]",1
1,False,31,"[1, 1, 4096]","[1, 1, 4096]",654,4,model.layers.31,653,decode,"[1, 1]",1
1,False,31,"[1, 1, 4096]","[1, 1, 4096]",654,5,model.layers.31,653,decode,"[1, 1]",1
1,False,31,"[1, 1, 4096]","[1, 1, 4096]",654,6,model.layers.31,653,decode,"[1, 1]",1
1,False,31,"[1, 1, 4096]","[1, 1, 4096]",654,7,model.layers.31,653,decode,"[1, 1]",1
1,False,31,"[1, 1, 4096]","[1, 1, 4096]",654,8,model.layers.31,653,decode,"[1, 1]",1
1,False,31,"[1, 1, 4096]","[1, 1, 4096]",654,9,model.layers.31,653,decode,"[1, 1]",1
1,False,31,"[1, 1, 4096]","[1, 1, 4096]",654,10,model.layers.31,653,decode,"[1, 1]",1
1,False,31,"[1, 1, 4096]","[1, 1, 4096]",654,11,model.layers.31,653,decode,"[1, 1]",1
1,False,31,"[1, 1, 4096]","[1, 1, 4096]",654,12,model.layers.31,653,decode,"[1, 1]",1
1,False,31,"[1, 1, 4096]","[1, 1, 4096]",654,13,model.layers.31,653,decode,"[1, 1]",1
1,False,31,"[1, 1, 4096]","[1, 1, 4096]",654,14,model.layers.31,653,decode,"[1, 1]",1
1,False,31,"[1, 1, 4096]","[1, 1, 4096]",654,15,model.layers.31,653,decode,"[1, 1]",1
1,False,31,"[1, 1, 4096]","[1, 1, 4096]",654,16,model.layers.31,653,decode,"[1, 1]",1
1,False,31,"[1, 1, 4096]","[1, 1, 4096]",654,17,model.layers.31,653,decode,"[1, 1]",1
1,False,31,"[1, 1, 4096]","[1, 1, 4096]",654,18,model.layers.31,653,decode,"[1, 1]",1
1,False,31,"[1, 1, 4096]","[1, 1, 4096]",88,19,model.layers.31,87,decode,"[1, 1]",1
1,False,31,"[1, 1, 4096]","[1, 1, 4096]",88,20,model.layers.31,87,decode,"[1, 1]",1
1,False,31,"[1, 1, 4096]","[1, 1, 4096]",88,21,model.layers.31,87,decode,"[1, 1]",1
1,False,31,"[1, 1, 4096]","[1, 1, 4096]",88,22,model.layers.31,87,decode,"[1, 1]",1
1,False,31,"[1, 1, 4096]","[1, 1, 4096]",88,23,model.layers.31,87,decode,"[1, 1]",1
1,False,31,"[1, 1, 4096]","[1, 1, 4096]",88,24,model.layers.31,87,decode,"[1, 1]",1
1,False,31,"[1, 1, 4096]","[1, 1, 4096]",88,25,model.layers.31,87,decode,"[1, 1]",1
1,False,31,"[1, 1, 4096]","[1, 1, 4096]",88,26,model.layers.31,87,decode,"[1, 1]",1
1,False,31,"[1, 1, 4096]","[1, 1, 4096]",88,27,model.layers.31,87,decode,"[1, 1]",1
1,False,31,"[1, 1, 4096]","[1, 1, 4096]",78,28,model.layers.31,77,decode,"[1, 1]",1
1,False,31,"[1, 1, 4096]","[1, 1, 4096]",78,29,model.layers.31,77,decode,"[1, 1]",1
1,False,31,"[1, 1, 4096]","[1, 1, 4096]",78,30,model.layers.31,77,decode,"[1, 1]",1
1,False,31,"[1, 1, 4096]","[1, 1, 4096]",78,31,model.layers.31,77,decode,"[1, 1]",1
1,False,32,"[1, 1, 4096]","[1, 1, 4096]",655,0,model.layers.31,654,decode,"[1, 1]",1
1,False,32,"[1, 1, 4096]","[1, 1, 4096]",655,1,model.layers.31,654,decode,"[1, 1]",1
1,False,32,"[1, 1, 4096]","[1, 1, 4096]",655,2,model.layers.31,654,decode,"[1, 1]",1
1,False,32,"[1, 1, 4096]","[1, 1, 4096]",655,3,model.layers.31,654,decode,"[1, 1]",1
1,False,32,"[1, 1, 4096]","[1, 1, 4096]",655,4,model.layers.31,654,decode,"[1, 1]",1
1,False,32,"[1, 1, 4096]","[1, 1, 4096]",655,5,model.layers.31,654,decode,"[1, 1]",1
1,False,32,"[1, 1, 4096]","[1, 1, 4096]",655,6,model.layers.31,654,decode,"[1, 1]",1
1,False,32,"[1, 1, 4096]","[1, 1, 4096]",655,7,model.layers.31,654,decode,"[1, 1]",1
1,False,32,"[1, 1, 4096]","[1, 1, 4096]",655,8,model.layers.31,654,decode,"[1, 1]",1
1,False,32,"[1, 1, 4096]","[1, 1, 4096]",655,9,model.layers.31,654,decode,"[1, 1]",1
1,False,32,"[1, 1, 4096]","[1, 1, 4096]",655,10,model.layers.31,654,decode,"[1, 1]",1
1,False,32,"[1, 1, 4096]","[1, 1, 4096]",655,11,model.layers.31,654,decode,"[1, 1]",1
1,False,32,"[1, 1, 4096]","[1, 1, 4096]",655,12,model.layers.31,654,decode,"[1, 1]",1
1,False,32,"[1, 1, 4096]","[1, 1, 4096]",655,13,model.layers.31,654,decode,"[1, 1]",1
1,False,32,"[1, 1, 4096]","[1, 1, 4096]",655,14,model.layers.31,654,decode,"[1, 1]",1
1,False,32,"[1, 1, 4096]","[1, 1, 4096]",655,15,model.layers.31,654,decode,"[1, 1]",1
1,False,32,"[1, 1, 4096]","[1, 1, 4096]",655,16,model.layers.31,654,decode,"[1, 1]",1
1,False,32,"[1, 1, 4096]","[1, 1, 4096]",655,17,model.layers.31,654,decode,"[1, 1]",1
1,True,32,"[1, 1, 4096]","[1, 1, 4096]",655,18,model.layers.31,654,decode,"[1, 1]",1
1,True,32,"[1, 1, 4096]","[1, 1, 4096]",89,19,model.layers.31,88,decode,"[1, 1]",1
1,False,32,"[1, 1, 4096]","[1, 1, 4096]",89,20,model.layers.31,88,decode,"[1, 1]",1
1,False,32,"[1, 1, 4096]","[1, 1, 4096]",89,21,model.layers.31,88,decode,"[1, 1]",1
1,False,32,"[1, 1, 4096]","[1, 1, 4096]",89,22,model.layers.31,88,decode,"[1, 1]",1
1,False,32,"[1, 1, 4096]","[1, 1, 4096]",89,23,model.layers.31,88,decode,"[1, 1]",1
1,False,32,"[1, 1, 4096]","[1, 1, 4096]",89,24,model.layers.31,88,decode,"[1, 1]",1
1,False,32,"[1, 1, 4096]","[1, 1, 4096]",89,25,model.layers.31,88,decode,"[1, 1]",1
1,False,32,"[1, 1, 4096]","[1, 1, 4096]",89,26,model.layers.31,88,decode,"[1, 1]",1
1,True,32,"[1, 1, 4096]","[1, 1, 4096]",89,27,model.layers.31,88,decode,"[1, 1]",1
1,True,32,"[1, 1, 4096]","[1, 1, 4096]",79,28,model.layers.31,78,decode,"[1, 1]",1
1,False,32,"[1, 1, 4096]","[1, 1, 4096]",79,29,model.layers.31,78,decode,"[1, 1]",1
1,False,32,"[1, 1, 4096]","[1, 1, 4096]",79,30,model.layers.31,78,decode,"[1, 1]",1
1,True,32,"[1, 1, 4096]","[1, 1, 4096]",79,31,model.layers.31,78,decode,"[1, 1]",1
