batch_size,exit_indicator_in,exit_indicator_out,forward_id,hidden_shape_in,hidden_shape_out,important_visual_tokens_in,important_visual_tokens_out,kv_len,layer_idx,past_len,phase,position_last,position_shape,q_len
1,0,0,1,"[1, 624, 4096]","[1, 624, 4096]",,,624,0,0,prefill,623,"[1, 624]",624
1,0,0,1,"[1, 624, 4096]","[1, 624, 4096]",,,624,1,0,prefill,623,"[1, 624]",624
1,0,0,1,"[1, 624, 4096]","[1, 624, 4096]",,,624,2,0,prefill,623,"[1, 624]",624
1,0,0,1,"[1, 624, 4096]","[1, 624, 4096]",,,624,3,0,prefill,623,"[1, 624]",624
1,0,0,1,"[1, 624, 4096]","[1, 624, 4096]",,,624,4,0,prefill,623,"[1, 624]",624
1,0,0,1,"[1, 624, 4096]","[1, 624, 4096]",,,624,5,0,prefill,623,"[1, 624]",624
1,0,0,1,"[1, 624, 4096]","[1, 624, 4096]",,,624,6,0,prefill,623,"[1, 624]",624
1,0,0,1,"[1, 624, 4096]","[1, 624, 4096]",,,624,7,0,prefill,623,"[1, 624]",624
1,0,0,1,"[1, 624, 4096]","[1, 624, 4096]",,,624,8,0,prefill,623,"[1, 624]",624
1,0,0,1,"[1, 624, 4096]","[1, 624, 4096]",,,624,9,0,prefill,623,"[1, 624]",624
1,0,0,1,"[1, 624, 4096]","[1, 624, 4096]",,,624,10,0,prefill,623,"[1, 624]",624
1,0,0,1,"[1, 624, 4096]","[1, 624, 4096]",,,624,11,0,prefill,623,"[1, 624]",624
1,0,0,1,"[1, 624, 4096]","[1, 624, 4096]",,,624,12,0,prefill,623,"[1, 624]",624
1,0,0,1,"[1, 624, 4096]","[1, 624, 4096]",,,624,13,0,prefill,623,"[1, 624]",624
1,0,0,1,"[1, 624, 4096]","[1, 624, 4096]",,,624,14,0,prefill,623,"[1, 624]",624
1,0,0,1,"[1, 624, 4096]","[1, 624, 4096]",,,624,15,0,prefill,623,"[1, 624]",624
1,0,0,1,"[1, 624, 4096]","[1, 624, 4096]",,,624,16,0,prefill,623,"[1, 624]",624
1,0,0,1,"[1, 624, 4096]","[1, 624, 4096]",,,624,17,0,prefill,623,"[1, 624]",624
1,0,0,1,"[1, 624, 4096]","[1, 624, 4096]",,10,624,18,0,prefill,623,"[1, 624]",624
1,0,0,1,"[1, 58, 4096]","[1, 58, 4096]",10,10,58,19,0,prefill,623,"[1, 58]",58
1,0,0,1,"[1, 58, 4096]","[1, 58, 4096]",10,10,58,20,0,prefill,623,"[1, 58]",58
1,0,0,1,"[1, 58, 4096]","[1, 58, 4096]",10,10,58,21,0,prefill,623,"[1, 58]",58
1,0,0,1,"[1, 58, 4096]","[1, 58, 4096]",10,10,58,22,0,prefill,623,"[1, 58]",58
1,0,0,1,"[1, 58, 4096]","[1, 58, 4096]",10,10,58,23,0,prefill,623,"[1, 58]",58
1,0,0,1,"[1, 58, 4096]","[1, 58, 4096]",10,10,58,24,0,prefill,623,"[1, 58]",58
1,0,1,1,"[1, 58, 4096]","[1, 58, 4096]",10,10,58,25,0,prefill,623,"[1, 58]",58
1,1,1,1,"[1, 58, 4096]","[1, 58, 4096]",10,10,58,26,0,prefill,623,"[1, 58]",58
1,1,2,1,"[1, 58, 4096]","[1, 58, 4096]",10,10,58,27,0,prefill,623,"[1, 58]",58
1,2,2,1,"[1, 48, 4096]","[1, 48, 4096]",10,10,48,28,0,prefill,623,"[1, 48]",48
1,2,2,1,"[1, 48, 4096]","[1, 48, 4096]",10,10,48,29,0,prefill,623,"[1, 48]",48
1,2,2,1,"[1, 48, 4096]","[1, 48, 4096]",10,10,48,30,0,prefill,623,"[1, 48]",48
1,2,2,1,"[1, 48, 4096]","[1, 48, 4096]",10,10,48,31,0,prefill,623,"[1, 48]",48
1,0,0,2,"[1, 1, 4096]","[1, 1, 4096]",,,625,0,624,decode,624,"[1, 1]",1
1,0,0,2,"[1, 1, 4096]","[1, 1, 4096]",,,625,1,624,decode,624,"[1, 1]",1
1,0,0,2,"[1, 1, 4096]","[1, 1, 4096]",,,625,2,624,decode,624,"[1, 1]",1
1,0,0,2,"[1, 1, 4096]","[1, 1, 4096]",,,625,3,624,decode,624,"[1, 1]",1
1,0,0,2,"[1, 1, 4096]","[1, 1, 4096]",,,625,4,624,decode,624,"[1, 1]",1
1,0,0,2,"[1, 1, 4096]","[1, 1, 4096]",,,625,5,624,decode,624,"[1, 1]",1
1,0,0,2,"[1, 1, 4096]","[1, 1, 4096]",,,625,6,624,decode,624,"[1, 1]",1
1,0,0,2,"[1, 1, 4096]","[1, 1, 4096]",,,625,7,624,decode,624,"[1, 1]",1
1,0,0,2,"[1, 1, 4096]","[1, 1, 4096]",,,625,8,624,decode,624,"[1, 1]",1
1,0,0,2,"[1, 1, 4096]","[1, 1, 4096]",,,625,9,624,decode,624,"[1, 1]",1
1,0,0,2,"[1, 1, 4096]","[1, 1, 4096]",,,625,10,624,decode,624,"[1, 1]",1
1,0,0,2,"[1, 1, 4096]","[1, 1, 4096]",,,625,11,624,decode,624,"[1, 1]",1
1,0,0,2,"[1, 1, 4096]","[1, 1, 4096]",,,625,12,624,decode,624,"[1, 1]",1
1,0,0,2,"[1, 1, 4096]","[1, 1, 4096]",,,625,13,624,decode,624,"[1, 1]",1
1,0,0,2,"[1, 1, 4096]","[1, 1, 4096]",,,625,14,624,decode,624,"[1, 1]",1
1,0,0,2,"[1, 1, 4096]","[1, 1, 4096]",,,625,15,624,decode,624,"[1, 1]",1
1,0,0,2,"[1, 1, 4096]","[1, 1, 4096]",,,625,16,624,decode,624,"[1, 1]",1
1,0,0,2,"[1, 1, 4096]","[1, 1, 4096]",,,625,17,624,decode,624,"[1, 1]",1
1,0,0,2,"[1, 1, 4096]","[1, 1, 4096]",,,625,18,624,decode,624,"[1, 1]",1
1,0,0,2,"[1, 1, 4096]","[1, 1, 4096]",,,59,19,58,decode,624,"[1, 1]",1
1,0,0,2,"[1, 1, 4096]","[1, 1, 4096]",,,59,20,58,decode,624,"[1, 1]",1
1,0,0,2,"[1, 1, 4096]","[1, 1, 4096]",,,59,21,58,decode,624,"[1, 1]",1
1,0,0,2,"[1, 1, 4096]","[1, 1, 4096]",,,59,22,58,decode,624,"[1, 1]",1
1,0,0,2,"[1, 1, 4096]","[1, 1, 4096]",,,59,23,58,decode,624,"[1, 1]",1
1,0,0,2,"[1, 1, 4096]","[1, 1, 4096]",,,59,24,58,decode,624,"[1, 1]",1
1,0,0,2,"[1, 1, 4096]","[1, 1, 4096]",,,59,25,58,decode,624,"[1, 1]",1
1,0,0,2,"[1, 1, 4096]","[1, 1, 4096]",,,59,26,58,decode,624,"[1, 1]",1
1,0,0,2,"[1, 1, 4096]","[1, 1, 4096]",,,59,27,58,decode,624,"[1, 1]",1
1,0,0,2,"[1, 1, 4096]","[1, 1, 4096]",,,49,28,48,decode,624,"[1, 1]",1
1,0,0,2,"[1, 1, 4096]","[1, 1, 4096]",,,49,29,48,decode,624,"[1, 1]",1
1,0,0,2,"[1, 1, 4096]","[1, 1, 4096]",,,49,30,48,decode,624,"[1, 1]",1
1,0,0,2,"[1, 1, 4096]","[1, 1, 4096]",,,49,31,48,decode,624,"[1, 1]",1
1,0,0,3,"[1, 1, 4096]","[1, 1, 4096]",,,626,0,625,decode,625,"[1, 1]",1
1,0,0,3,"[1, 1, 4096]","[1, 1, 4096]",,,626,1,625,decode,625,"[1, 1]",1
1,0,0,3,"[1, 1, 4096]","[1, 1, 4096]",,,626,2,625,decode,625,"[1, 1]",1
1,0,0,3,"[1, 1, 4096]","[1, 1, 4096]",,,626,3,625,decode,625,"[1, 1]",1
1,0,0,3,"[1, 1, 4096]","[1, 1, 4096]",,,626,4,625,decode,625,"[1, 1]",1
1,0,0,3,"[1, 1, 4096]","[1, 1, 4096]",,,626,5,625,decode,625,"[1, 1]",1
1,0,0,3,"[1, 1, 4096]","[1, 1, 4096]",,,626,6,625,decode,625,"[1, 1]",1
1,0,0,3,"[1, 1, 4096]","[1, 1, 4096]",,,626,7,625,decode,625,"[1, 1]",1
1,0,0,3,"[1, 1, 4096]","[1, 1, 4096]",,,626,8,625,decode,625,"[1, 1]",1
1,0,0,3,"[1, 1, 4096]","[1, 1, 4096]",,,626,9,625,decode,625,"[1, 1]",1
1,0,0,3,"[1, 1, 4096]","[1, 1, 4096]",,,626,10,625,decode,625,"[1, 1]",1
1,0,0,3,"[1, 1, 4096]","[1, 1, 4096]",,,626,11,625,decode,625,"[1, 1]",1
1,0,0,3,"[1, 1, 4096]","[1, 1, 4096]",,,626,12,625,decode,625,"[1, 1]",1
1,0,0,3,"[1, 1, 4096]","[1, 1, 4096]",,,626,13,625,decode,625,"[1, 1]",1
1,0,0,3,"[1, 1, 4096]","[1, 1, 4096]",,,626,14,625,decode,625,"[1, 1]",1
1,0,0,3,"[1, 1, 4096]","[1, 1, 4096]",,,626,15,625,decode,625,"[1, 1]",1
1,0,0,3,"[1, 1, 4096]","[1, 1, 4096]",,,626,16,625,decode,625,"[1, 1]",1
1,0,0,3,"[1, 1, 4096]","[1, 1, 4096]",,,626,17,625,decode,625,"[1, 1]",1
1,0,0,3,"[1, 1, 4096]","[1, 1, 4096]",,,626,18,625,decode,625,"[1, 1]",1
1,0,0,3,"[1, 1, 4096]","[1, 1, 4096]",,,60,19,59,decode,625,"[1, 1]",1
1,0,0,3,"[1, 1, 4096]","[1, 1, 4096]",,,60,20,59,decode,625,"[1, 1]",1
1,0,0,3,"[1, 1, 4096]","[1, 1, 4096]",,,60,21,59,decode,625,"[1, 1]",1
1,0,0,3,"[1, 1, 4096]","[1, 1, 4096]",,,60,22,59,decode,625,"[1, 1]",1
1,0,0,3,"[1, 1, 4096]","[1, 1, 4096]",,,60,23,59,decode,625,"[1, 1]",1
1,0,0,3,"[1, 1, 4096]","[1, 1, 4096]",,,60,24,59,decode,625,"[1, 1]",1
1,0,0,3,"[1, 1, 4096]","[1, 1, 4096]",,,60,25,59,decode,625,"[1, 1]",1
1,0,0,3,"[1, 1, 4096]","[1, 1, 4096]",,,60,26,59,decode,625,"[1, 1]",1
1,0,0,3,"[1, 1, 4096]","[1, 1, 4096]",,,60,27,59,decode,625,"[1, 1]",1
1,0,0,3,"[1, 1, 4096]","[1, 1, 4096]",,,50,28,49,decode,625,"[1, 1]",1
1,0,0,3,"[1, 1, 4096]","[1, 1, 4096]",,,50,29,49,decode,625,"[1, 1]",1
1,0,0,3,"[1, 1, 4096]","[1, 1, 4096]",,,50,30,49,decode,625,"[1, 1]",1
1,0,0,3,"[1, 1, 4096]","[1, 1, 4096]",,,50,31,49,decode,625,"[1, 1]",1
1,0,0,4,"[1, 1, 4096]","[1, 1, 4096]",,,627,0,626,decode,626,"[1, 1]",1
1,0,0,4,"[1, 1, 4096]","[1, 1, 4096]",,,627,1,626,decode,626,"[1, 1]",1
1,0,0,4,"[1, 1, 4096]","[1, 1, 4096]",,,627,2,626,decode,626,"[1, 1]",1
1,0,0,4,"[1, 1, 4096]","[1, 1, 4096]",,,627,3,626,decode,626,"[1, 1]",1
1,0,0,4,"[1, 1, 4096]","[1, 1, 4096]",,,627,4,626,decode,626,"[1, 1]",1
1,0,0,4,"[1, 1, 4096]","[1, 1, 4096]",,,627,5,626,decode,626,"[1, 1]",1
1,0,0,4,"[1, 1, 4096]","[1, 1, 4096]",,,627,6,626,decode,626,"[1, 1]",1
1,0,0,4,"[1, 1, 4096]","[1, 1, 4096]",,,627,7,626,decode,626,"[1, 1]",1
1,0,0,4,"[1, 1, 4096]","[1, 1, 4096]",,,627,8,626,decode,626,"[1, 1]",1
1,0,0,4,"[1, 1, 4096]","[1, 1, 4096]",,,627,9,626,decode,626,"[1, 1]",1
1,0,0,4,"[1, 1, 4096]","[1, 1, 4096]",,,627,10,626,decode,626,"[1, 1]",1
1,0,0,4,"[1, 1, 4096]","[1, 1, 4096]",,,627,11,626,decode,626,"[1, 1]",1
1,0,0,4,"[1, 1, 4096]","[1, 1, 4096]",,,627,12,626,decode,626,"[1, 1]",1
1,0,0,4,"[1, 1, 4096]","[1, 1, 4096]",,,627,13,626,decode,626,"[1, 1]",1
1,0,0,4,"[1, 1, 4096]","[1, 1, 4096]",,,627,14,626,decode,626,"[1, 1]",1
1,0,0,4,"[1, 1, 4096]","[1, 1, 4096]",,,627,15,626,decode,626,"[1, 1]",1
1,0,0,4,"[1, 1, 4096]","[1, 1, 4096]",,,627,16,626,decode,626,"[1, 1]",1
1,0,0,4,"[1, 1, 4096]","[1, 1, 4096]",,,627,17,626,decode,626,"[1, 1]",1
1,0,0,4,"[1, 1, 4096]","[1, 1, 4096]",,,627,18,626,decode,626,"[1, 1]",1
1,0,0,4,"[1, 1, 4096]","[1, 1, 4096]",,,61,19,60,decode,626,"[1, 1]",1
1,0,0,4,"[1, 1, 4096]","[1, 1, 4096]",,,61,20,60,decode,626,"[1, 1]",1
1,0,0,4,"[1, 1, 4096]","[1, 1, 4096]",,,61,21,60,decode,626,"[1, 1]",1
1,0,0,4,"[1, 1, 4096]","[1, 1, 4096]",,,61,22,60,decode,626,"[1, 1]",1
1,0,0,4,"[1, 1, 4096]","[1, 1, 4096]",,,61,23,60,decode,626,"[1, 1]",1
1,0,0,4,"[1, 1, 4096]","[1, 1, 4096]",,,61,24,60,decode,626,"[1, 1]",1
1,0,0,4,"[1, 1, 4096]","[1, 1, 4096]",,,61,25,60,decode,626,"[1, 1]",1
1,0,0,4,"[1, 1, 4096]","[1, 1, 4096]",,,61,26,60,decode,626,"[1, 1]",1
1,0,0,4,"[1, 1, 4096]","[1, 1, 4096]",,,61,27,60,decode,626,"[1, 1]",1
1,0,0,4,"[1, 1, 4096]","[1, 1, 4096]",,,51,28,50,decode,626,"[1, 1]",1
1,0,0,4,"[1, 1, 4096]","[1, 1, 4096]",,,51,29,50,decode,626,"[1, 1]",1
1,0,0,4,"[1, 1, 4096]","[1, 1, 4096]",,,51,30,50,decode,626,"[1, 1]",1
1,0,0,4,"[1, 1, 4096]","[1, 1, 4096]",,,51,31,50,decode,626,"[1, 1]",1
1,0,0,5,"[1, 1, 4096]","[1, 1, 4096]",,,628,0,627,decode,627,"[1, 1]",1
1,0,0,5,"[1, 1, 4096]","[1, 1, 4096]",,,628,1,627,decode,627,"[1, 1]",1
1,0,0,5,"[1, 1, 4096]","[1, 1, 4096]",,,628,2,627,decode,627,"[1, 1]",1
1,0,0,5,"[1, 1, 4096]","[1, 1, 4096]",,,628,3,627,decode,627,"[1, 1]",1
1,0,0,5,"[1, 1, 4096]","[1, 1, 4096]",,,628,4,627,decode,627,"[1, 1]",1
1,0,0,5,"[1, 1, 4096]","[1, 1, 4096]",,,628,5,627,decode,627,"[1, 1]",1
1,0,0,5,"[1, 1, 4096]","[1, 1, 4096]",,,628,6,627,decode,627,"[1, 1]",1
1,0,0,5,"[1, 1, 4096]","[1, 1, 4096]",,,628,7,627,decode,627,"[1, 1]",1
1,0,0,5,"[1, 1, 4096]","[1, 1, 4096]",,,628,8,627,decode,627,"[1, 1]",1
1,0,0,5,"[1, 1, 4096]","[1, 1, 4096]",,,628,9,627,decode,627,"[1, 1]",1
1,0,0,5,"[1, 1, 4096]","[1, 1, 4096]",,,628,10,627,decode,627,"[1, 1]",1
1,0,0,5,"[1, 1, 4096]","[1, 1, 4096]",,,628,11,627,decode,627,"[1, 1]",1
1,0,0,5,"[1, 1, 4096]","[1, 1, 4096]",,,628,12,627,decode,627,"[1, 1]",1
1,0,0,5,"[1, 1, 4096]","[1, 1, 4096]",,,628,13,627,decode,627,"[1, 1]",1
1,0,0,5,"[1, 1, 4096]","[1, 1, 4096]",,,628,14,627,decode,627,"[1, 1]",1
1,0,0,5,"[1, 1, 4096]","[1, 1, 4096]",,,628,15,627,decode,627,"[1, 1]",1
1,0,0,5,"[1, 1, 4096]","[1, 1, 4096]",,,628,16,627,decode,627,"[1, 1]",1
1,0,0,5,"[1, 1, 4096]","[1, 1, 4096]",,,628,17,627,decode,627,"[1, 1]",1
1,0,0,5,"[1, 1, 4096]","[1, 1, 4096]",,,628,18,627,decode,627,"[1, 1]",1
1,0,0,5,"[1, 1, 4096]","[1, 1, 4096]",,,62,19,61,decode,627,"[1, 1]",1
1,0,0,5,"[1, 1, 4096]","[1, 1, 4096]",,,62,20,61,decode,627,"[1, 1]",1
1,0,0,5,"[1, 1, 4096]","[1, 1, 4096]",,,62,21,61,decode,627,"[1, 1]",1
1,0,0,5,"[1, 1, 4096]","[1, 1, 4096]",,,62,22,61,decode,627,"[1, 1]",1
1,0,0,5,"[1, 1, 4096]","[1, 1, 4096]",,,62,23,61,decode,627,"[1, 1]",1
1,0,0,5,"[1, 1, 4096]","[1, 1, 4096]",,,62,24,61,decode,627,"[1, 1]",1
1,0,0,5,"[1, 1, 4096]","[1, 1, 4096]",,,62,25,61,decode,627,"[1, 1]",1
1,0,0,5,"[1, 1, 4096]","[1, 1, 4096]",,,62,26,61,decode,627,"[1, 1]",1
1,0,0,5,"[1, 1, 4096]","[1, 1, 4096]",,,62,27,61,decode,627,"[1, 1]",1
1,0,0,5,"[1, 1, 4096]","[1, 1, 4096]",,,52,28,51,decode,627,"[1, 1]",1
1,0,0,5,"[1, 1, 4096]","[1, 1, 4096]",,,52,29,51,decode,627,"[1, 1]",1
1,0,0,5,"[1, 1, 4096]","[1, 1, 4096]",,,52,30,51,decode,627,"[1, 1]",1
1,0,0,5,"[1, 1, 4096]","[1, 1, 4096]",,,52,31,51,decode,627,"[1, 1]",1
1,0,0,6,"[1, 1, 4096]","[1, 1, 4096]",,,629,0,628,decode,628,"[1, 1]",1
1,0,0,6,"[1, 1, 4096]","[1, 1, 4096]",,,629,1,628,decode,628,"[1, 1]",1
1,0,0,6,"[1, 1, 4096]","[1, 1, 4096]",,,629,2,628,decode,628,"[1, 1]",1
1,0,0,6,"[1, 1, 4096]","[1, 1, 4096]",,,629,3,628,decode,628,"[1, 1]",1
1,0,0,6,"[1, 1, 4096]","[1, 1, 4096]",,,629,4,628,decode,628,"[1, 1]",1
1,0,0,6,"[1, 1, 4096]","[1, 1, 4096]",,,629,5,628,decode,628,"[1, 1]",1
1,0,0,6,"[1, 1, 4096]","[1, 1, 4096]",,,629,6,628,decode,628,"[1, 1]",1
1,0,0,6,"[1, 1, 4096]","[1, 1, 4096]",,,629,7,628,decode,628,"[1, 1]",1
1,0,0,6,"[1, 1, 4096]","[1, 1, 4096]",,,629,8,628,decode,628,"[1, 1]",1
1,0,0,6,"[1, 1, 4096]","[1, 1, 4096]",,,629,9,628,decode,628,"[1, 1]",1
1,0,0,6,"[1, 1, 4096]","[1, 1, 4096]",,,629,10,628,decode,628,"[1, 1]",1
1,0,0,6,"[1, 1, 4096]","[1, 1, 4096]",,,629,11,628,decode,628,"[1, 1]",1
1,0,0,6,"[1, 1, 4096]","[1, 1, 4096]",,,629,12,628,decode,628,"[1, 1]",1
1,0,0,6,"[1, 1, 4096]","[1, 1, 4096]",,,629,13,628,decode,628,"[1, 1]",1
1,0,0,6,"[1, 1, 4096]","[1, 1, 4096]",,,629,14,628,decode,628,"[1, 1]",1
1,0,0,6,"[1, 1, 4096]","[1, 1, 4096]",,,629,15,628,decode,628,"[1, 1]",1
1,0,0,6,"[1, 1, 4096]","[1, 1, 4096]",,,629,16,628,decode,628,"[1, 1]",1
1,0,0,6,"[1, 1, 4096]","[1, 1, 4096]",,,629,17,628,decode,628,"[1, 1]",1
1,0,0,6,"[1, 1, 4096]","[1, 1, 4096]",,,629,18,628,decode,628,"[1, 1]",1
1,0,0,6,"[1, 1, 4096]","[1, 1, 4096]",,,63,19,62,decode,628,"[1, 1]",1
1,0,0,6,"[1, 1, 4096]","[1, 1, 4096]",,,63,20,62,decode,628,"[1, 1]",1
1,0,0,6,"[1, 1, 4096]","[1, 1, 4096]",,,63,21,62,decode,628,"[1, 1]",1
1,0,0,6,"[1, 1, 4096]","[1, 1, 4096]",,,63,22,62,decode,628,"[1, 1]",1
1,0,0,6,"[1, 1, 4096]","[1, 1, 4096]",,,63,23,62,decode,628,"[1, 1]",1
1,0,0,6,"[1, 1, 4096]","[1, 1, 4096]",,,63,24,62,decode,628,"[1, 1]",1
1,0,0,6,"[1, 1, 4096]","[1, 1, 4096]",,,63,25,62,decode,628,"[1, 1]",1
1,0,0,6,"[1, 1, 4096]","[1, 1, 4096]",,,63,26,62,decode,628,"[1, 1]",1
1,0,0,6,"[1, 1, 4096]","[1, 1, 4096]",,,63,27,62,decode,628,"[1, 1]",1
1,0,0,6,"[1, 1, 4096]","[1, 1, 4096]",,,53,28,52,decode,628,"[1, 1]",1
1,0,0,6,"[1, 1, 4096]","[1, 1, 4096]",,,53,29,52,decode,628,"[1, 1]",1
1,0,0,6,"[1, 1, 4096]","[1, 1, 4096]",,,53,30,52,decode,628,"[1, 1]",1
1,0,0,6,"[1, 1, 4096]","[1, 1, 4096]",,,53,31,52,decode,628,"[1, 1]",1
1,0,0,7,"[1, 1, 4096]","[1, 1, 4096]",,,630,0,629,decode,629,"[1, 1]",1
1,0,0,7,"[1, 1, 4096]","[1, 1, 4096]",,,630,1,629,decode,629,"[1, 1]",1
1,0,0,7,"[1, 1, 4096]","[1, 1, 4096]",,,630,2,629,decode,629,"[1, 1]",1
1,0,0,7,"[1, 1, 4096]","[1, 1, 4096]",,,630,3,629,decode,629,"[1, 1]",1
1,0,0,7,"[1, 1, 4096]","[1, 1, 4096]",,,630,4,629,decode,629,"[1, 1]",1
1,0,0,7,"[1, 1, 4096]","[1, 1, 4096]",,,630,5,629,decode,629,"[1, 1]",1
1,0,0,7,"[1, 1, 4096]","[1, 1, 4096]",,,630,6,629,decode,629,"[1, 1]",1
1,0,0,7,"[1, 1, 4096]","[1, 1, 4096]",,,630,7,629,decode,629,"[1, 1]",1
1,0,0,7,"[1, 1, 4096]","[1, 1, 4096]",,,630,8,629,decode,629,"[1, 1]",1
1,0,0,7,"[1, 1, 4096]","[1, 1, 4096]",,,630,9,629,decode,629,"[1, 1]",1
1,0,0,7,"[1, 1, 4096]","[1, 1, 4096]",,,630,10,629,decode,629,"[1, 1]",1
1,0,0,7,"[1, 1, 4096]","[1, 1, 4096]",,,630,11,629,decode,629,"[1, 1]",1
1,0,0,7,"[1, 1, 4096]","[1, 1, 4096]",,,630,12,629,decode,629,"[1, 1]",1
1,0,0,7,"[1, 1, 4096]","[1, 1, 4096]",,,630,13,629,decode,629,"[1, 1]",1
1,0,0,7,"[1, 1, 4096]","[1, 1, 4096]",,,630,14,629,decode,629,"[1, 1]",1
1,0,0,7,"[1, 1, 4096]","[1, 1, 4096]",,,630,15,629,decode,629,"[1, 1]",1
1,0,0,7,"[1, 1, 4096]","[1, 1, 4096]",,,630,16,629,decode,629,"[1, 1]",1
1,0,0,7,"[1, 1, 4096]","[1, 1, 4096]",,,630,17,629,decode,629,"[1, 1]",1
1,0,0,7,"[1, 1, 4096]","[1, 1, 4096]",,,630,18,629,decode,629,"[1, 1]",1
1,0,0,7,"[1, 1, 4096]","[1, 1, 4096]",,,64,19,63,decode,629,"[1, 1]",1
1,0,0,7,"[1, 1, 4096]","[1, 1, 4096]",,,64,20,63,decode,629,"[1, 1]",1
1,0,0,7,"[1, 1, 4096]","[1, 1, 4096]",,,64,21,63,decode,629,"[1, 1]",1
1,0,0,7,"[1, 1, 4096]","[1, 1, 4096]",,,64,22,63,decode,629,"[1, 1]",1
1,0,0,7,"[1, 1, 4096]","[1, 1, 4096]",,,64,23,63,decode,629,"[1, 1]",1
1,0,0,7,"[1, 1, 4096]","[1, 1, 4096]",,,64,24,63,decode,629,"[1, 1]",1
1,0,0,7,"[1, 1, 4096]","[1, 1, 4096]",,,64,25,63,decode,629,"[1, 1]",1
1,0,0,7,"[1, 1, 4096]","[1, 1, 4096]",,,64,26,63,decode,629,"[1, 1]",1
1,0,0,7,"[1, 1, 4096]","[1, 1, 4096]",,,64,27,63,decode,629,"[1, 1]",1
1,0,0,7,"[1, 1, 4096]","[1, 1, 4096]",,,54,28,53,decode,629,"[1, 1]",1
1,0,0,7,"[1, 1, 4096]","[1, 1, 4096]",,,54,29,53,decode,629,"[1, 1]",1
1,0,0,7,"[1, 1, 4096]","[1, 1, 4096]",,,54,30,53,decode,629,"[1, 1]",1
1,0,0,7,"[1, 1, 4096]","[1, 1, 4096]",,,54,31,53,decode,629,"[1, 1]",1
1,0,0,8,"[1, 1, 4096]","[1, 1, 4096]",,,631,0,630,decode,630,"[1, 1]",1
1,0,0,8,"[1, 1, 4096]","[1, 1, 4096]",,,631,1,630,decode,630,"[1, 1]",1
1,0,0,8,"[1, 1, 4096]","[1, 1, 4096]",,,631,2,630,decode,630,"[1, 1]",1
1,0,0,8,"[1, 1, 4096]","[1, 1, 4096]",,,631,3,630,decode,630,"[1, 1]",1
1,0,0,8,"[1, 1, 4096]","[1, 1, 4096]",,,631,4,630,decode,630,"[1, 1]",1
1,0,0,8,"[1, 1, 4096]","[1, 1, 4096]",,,631,5,630,decode,630,"[1, 1]",1
1,0,0,8,"[1, 1, 4096]","[1, 1, 4096]",,,631,6,630,decode,630,"[1, 1]",1
1,0,0,8,"[1, 1, 4096]","[1, 1, 4096]",,,631,7,630,decode,630,"[1, 1]",1
1,0,0,8,"[1, 1, 4096]","[1, 1, 4096]",,,631,8,630,decode,630,"[1, 1]",1
1,0,0,8,"[1, 1, 4096]","[1, 1, 4096]",,,631,9,630,decode,630,"[1, 1]",1
1,0,0,8,"[1, 1, 4096]","[1, 1, 4096]",,,631,10,630,decode,630,"[1, 1]",1
1,0,0,8,"[1, 1, 4096]","[1, 1, 4096]",,,631,11,630,decode,630,"[1, 1]",1
1,0,0,8,"[1, 1, 4096]","[1, 1, 4096]",,,631,12,630,decode,630,"[1, 1]",1
1,0,0,8,"[1, 1, 4096]","[1, 1, 4096]",,,631,13,630,decode,630,"[1, 1]",1
1,0,0,8,"[1, 1, 4096]","[1, 1, 4096]",,,631,14,630,decode,630,"[1, 1]",1
1,0,0,8,"[1, 1, 4096]","[1, 1, 4096]",,,631,15,630,decode,630,"[1, 1]",1
1,0,0,8,"[1, 1, 4096]","[1, 1, 4096]",,,631,16,630,decode,630,"[1, 1]",1
1,0,0,8,"[1, 1, 4096]","[1, 1, 4096]",,,631,17,630,decode,630,"[1, 1]",1
1,0,0,8,"[1, 1, 4096]","[1, 1, 4096]",,,631,18,630,decode,630,"[1, 1]",1
1,0,0,8,"[1, 1, 4096]","[1, 1, 4096]",,,65,19,64,decode,630,"[1, 1]",1
1,0,0,8,"[1, 1, 4096]","[1, 1, 4096]",,,65,20,64,decode,630,"[1, 1]",1
1,0,0,8,"[1, 1, 4096]","[1, 1, 4096]",,,65,21,64,decode,630,"[1, 1]",1
1,0,0,8,"[1, 1, 4096]","[1, 1, 4096]",,,65,22,64,decode,630,"[1, 1]",1
1,0,0,8,"[1, 1, 4096]","[1, 1, 4096]",,,65,23,64,decode,630,"[1, 1]",1
1,0,0,8,"[1, 1, 4096]","[1, 1, 4096]",,,65,24,64,decode,630,"[1, 1]",1
1,0,0,8,"[1, 1, 4096]","[1, 1, 4096]",,,65,25,64,decode,630,"[1, 1]",1
1,0,0,8,"[1, 1, 4096]","[1, 1, 4096]",,,65,26,64,decode,630,"[1, 1]",1
1,0,0,8,"[1, 1, 4096]","[1, 1, 4096]",,,65,27,64,decode,630,"[1, 1]",1
1,0,0,8,"[1, 1, 4096]","[1, 1, 4096]",,,55,28,54,decode,630,"[1, 1]",1
1,0,0,8,"[1, 1, 4096]","[1, 1, 4096]",,,55,29,54,decode,630,"[1, 1]",1
1,0,0,8,"[1, 1, 4096]","[1, 1, 4096]",,,55,30,54,decode,630,"[1, 1]",1
1,0,0,8,"[1, 1, 4096]","[1, 1, 4096]",,,55,31,54,decode,630,"[1, 1]",1
1,0,0,9,"[1, 1, 4096]","[1, 1, 4096]",,,632,0,631,decode,631,"[1, 1]",1
1,0,0,9,"[1, 1, 4096]","[1, 1, 4096]",,,632,1,631,decode,631,"[1, 1]",1
1,0,0,9,"[1, 1, 4096]","[1, 1, 4096]",,,632,2,631,decode,631,"[1, 1]",1
1,0,0,9,"[1, 1, 4096]","[1, 1, 4096]",,,632,3,631,decode,631,"[1, 1]",1
1,0,0,9,"[1, 1, 4096]","[1, 1, 4096]",,,632,4,631,decode,631,"[1, 1]",1
1,0,0,9,"[1, 1, 4096]","[1, 1, 4096]",,,632,5,631,decode,631,"[1, 1]",1
1,0,0,9,"[1, 1, 4096]","[1, 1, 4096]",,,632,6,631,decode,631,"[1, 1]",1
1,0,0,9,"[1, 1, 4096]","[1, 1, 4096]",,,632,7,631,decode,631,"[1, 1]",1
1,0,0,9,"[1, 1, 4096]","[1, 1, 4096]",,,632,8,631,decode,631,"[1, 1]",1
1,0,0,9,"[1, 1, 4096]","[1, 1, 4096]",,,632,9,631,decode,631,"[1, 1]",1
1,0,0,9,"[1, 1, 4096]","[1, 1, 4096]",,,632,10,631,decode,631,"[1, 1]",1
1,0,0,9,"[1, 1, 4096]","[1, 1, 4096]",,,632,11,631,decode,631,"[1, 1]",1
1,0,0,9,"[1, 1, 4096]","[1, 1, 4096]",,,632,12,631,decode,631,"[1, 1]",1
1,0,0,9,"[1, 1, 4096]","[1, 1, 4096]",,,632,13,631,decode,631,"[1, 1]",1
1,0,0,9,"[1, 1, 4096]","[1, 1, 4096]",,,632,14,631,decode,631,"[1, 1]",1
1,0,0,9,"[1, 1, 4096]","[1, 1, 4096]",,,632,15,631,decode,631,"[1, 1]",1
1,0,0,9,"[1, 1, 4096]","[1, 1, 4096]",,,632,16,631,decode,631,"[1, 1]",1
1,0,0,9,"[1, 1, 4096]","[1, 1, 4096]",,,632,17,631,decode,631,"[1, 1]",1
1,0,0,9,"[1, 1, 4096]","[1, 1, 4096]",,,632,18,631,decode,631,"[1, 1]",1
1,0,0,9,"[1, 1, 4096]","[1, 1, 4096]",,,66,19,65,decode,631,"[1, 1]",1
1,0,0,9,"[1, 1, 4096]","[1, 1, 4096]",,,66,20,65,decode,631,"[1, 1]",1
1,0,0,9,"[1, 1, 4096]","[1, 1, 4096]",,,66,21,65,decode,631,"[1, 1]",1
1,0,0,9,"[1, 1, 4096]","[1, 1, 4096]",,,66,22,65,decode,631,"[1, 1]",1
1,0,0,9,"[1, 1, 4096]","[1, 1, 4096]",,,66,23,65,decode,631,"[1, 1]",1
1,0,0,9,"[1, 1, 4096]","[1, 1, 4096]",,,66,24,65,decode,631,"[1, 1]",1
1,0,0,9,"[1, 1, 4096]","[1, 1, 4096]",,,66,25,65,decode,631,"[1, 1]",1
1,0,0,9,"[1, 1, 4096]","[1, 1, 4096]",,,66,26,65,decode,631,"[1, 1]",1
1,0,0,9,"[1, 1, 4096]","[1, 1, 4096]",,,66,27,65,decode,631,"[1, 1]",1
1,0,0,9,"[1, 1, 4096]","[1, 1, 4096]",,,56,28,55,decode,631,"[1, 1]",1
1,0,0,9,"[1, 1, 4096]","[1, 1, 4096]",,,56,29,55,decode,631,"[1, 1]",1
1,0,0,9,"[1, 1, 4096]","[1, 1, 4096]",,,56,30,55,decode,631,"[1, 1]",1
1,0,0,9,"[1, 1, 4096]","[1, 1, 4096]",,,56,31,55,decode,631,"[1, 1]",1
1,0,0,10,"[1, 1, 4096]","[1, 1, 4096]",,,633,0,632,decode,632,"[1, 1]",1
1,0,0,10,"[1, 1, 4096]","[1, 1, 4096]",,,633,1,632,decode,632,"[1, 1]",1
1,0,0,10,"[1, 1, 4096]","[1, 1, 4096]",,,633,2,632,decode,632,"[1, 1]",1
1,0,0,10,"[1, 1, 4096]","[1, 1, 4096]",,,633,3,632,decode,632,"[1, 1]",1
1,0,0,10,"[1, 1, 4096]","[1, 1, 4096]",,,633,4,632,decode,632,"[1, 1]",1
1,0,0,10,"[1, 1, 4096]","[1, 1, 4096]",,,633,5,632,decode,632,"[1, 1]",1
1,0,0,10,"[1, 1, 4096]","[1, 1, 4096]",,,633,6,632,decode,632,"[1, 1]",1
1,0,0,10,"[1, 1, 4096]","[1, 1, 4096]",,,633,7,632,decode,632,"[1, 1]",1
1,0,0,10,"[1, 1, 4096]","[1, 1, 4096]",,,633,8,632,decode,632,"[1, 1]",1
1,0,0,10,"[1, 1, 4096]","[1, 1, 4096]",,,633,9,632,decode,632,"[1, 1]",1
1,0,0,10,"[1, 1, 4096]","[1, 1, 4096]",,,633,10,632,decode,632,"[1, 1]",1
1,0,0,10,"[1, 1, 4096]","[1, 1, 4096]",,,633,11,632,decode,632,"[1, 1]",1
1,0,0,10,"[1, 1, 4096]","[1, 1, 4096]",,,633,12,632,decode,632,"[1, 1]",1
1,0,0,10,"[1, 1, 4096]","[1, 1, 4096]",,,633,13,632,decode,632,"[1, 1]",1
1,0,0,10,"[1, 1, 4096]","[1, 1, 4096]",,,633,14,632,decode,632,"[1, 1]",1
1,0,0,10,"[1, 1, 4096]","[1, 1, 4096]",,,633,15,632,decode,632,"[1, 1]",1
1,0,0,10,"[1, 1, 4096]","[1, 1, 4096]",,,633,16,632,decode,632,"[1, 1]",1
1,0,0,10,"[1, 1, 4096]","[1, 1, 4096]",,,633,17,632,decode,632,"[1, 1]",1
1,0,0,10,"[1, 1, 4096]","[1, 1, 4096]",,,633,18,632,decode,632,"[1, 1]",1
1,0,0,10,"[1, 1, 4096]","[1, 1, 4096]",,,67,19,66,decode,632,"[1, 1]",1
1,0,0,10,"[1, 1, 4096]","[1, 1, 4096]",,,67,20,66,decode,632,"[1, 1]",1
1,0,0,10,"[1, 1, 4096]","[1, 1, 4096]",,,67,21,66,decode,632,"[1, 1]",1
1,0,0,10,"[1, 1, 4096]","[1, 1, 4096]",,,67,22,66,decode,632,"[1, 1]",1
1,0,0,10,"[1, 1, 4096]","[1, 1, 4096]",,,67,23,66,decode,632,"[1, 1]",1
1,0,0,10,"[1, 1, 4096]","[1, 1, 4096]",,,67,24,66,decode,632,"[1, 1]",1
1,0,0,10,"[1, 1, 4096]","[1, 1, 4096]",,,67,25,66,decode,632,"[1, 1]",1
1,0,0,10,"[1, 1, 4096]","[1, 1, 4096]",,,67,26,66,decode,632,"[1, 1]",1
1,0,0,10,"[1, 1, 4096]","[1, 1, 4096]",,,67,27,66,decode,632,"[1, 1]",1
1,0,0,10,"[1, 1, 4096]","[1, 1, 4096]",,,57,28,56,decode,632,"[1, 1]",1
1,0,0,10,"[1, 1, 4096]","[1, 1, 4096]",,,57,29,56,decode,632,"[1, 1]",1
1,0,0,10,"[1, 1, 4096]","[1, 1, 4096]",,,57,30,56,decode,632,"[1, 1]",1
1,0,0,10,"[1, 1, 4096]","[1, 1, 4096]",,,57,31,56,decode,632,"[1, 1]",1
1,0,0,11,"[1, 1, 4096]","[1, 1, 4096]",,,634,0,633,decode,633,"[1, 1]",1
1,0,0,11,"[1, 1, 4096]","[1, 1, 4096]",,,634,1,633,decode,633,"[1, 1]",1
1,0,0,11,"[1, 1, 4096]","[1, 1, 4096]",,,634,2,633,decode,633,"[1, 1]",1
1,0,0,11,"[1, 1, 4096]","[1, 1, 4096]",,,634,3,633,decode,633,"[1, 1]",1
1,0,0,11,"[1, 1, 4096]","[1, 1, 4096]",,,634,4,633,decode,633,"[1, 1]",1
1,0,0,11,"[1, 1, 4096]","[1, 1, 4096]",,,634,5,633,decode,633,"[1, 1]",1
1,0,0,11,"[1, 1, 4096]","[1, 1, 4096]",,,634,6,633,decode,633,"[1, 1]",1
1,0,0,11,"[1, 1, 4096]","[1, 1, 4096]",,,634,7,633,decode,633,"[1, 1]",1
1,0,0,11,"[1, 1, 4096]","[1, 1, 4096]",,,634,8,633,decode,633,"[1, 1]",1
1,0,0,11,"[1, 1, 4096]","[1, 1, 4096]",,,634,9,633,decode,633,"[1, 1]",1
1,0,0,11,"[1, 1, 4096]","[1, 1, 4096]",,,634,10,633,decode,633,"[1, 1]",1
1,0,0,11,"[1, 1, 4096]","[1, 1, 4096]",,,634,11,633,decode,633,"[1, 1]",1
1,0,0,11,"[1, 1, 4096]","[1, 1, 4096]",,,634,12,633,decode,633,"[1, 1]",1
1,0,0,11,"[1, 1, 4096]","[1, 1, 4096]",,,634,13,633,decode,633,"[1, 1]",1
1,0,0,11,"[1, 1, 4096]","[1, 1, 4096]",,,634,14,633,decode,633,"[1, 1]",1
1,0,0,11,"[1, 1, 4096]","[1, 1, 4096]",,,634,15,633,decode,633,"[1, 1]",1
1,0,0,11,"[1, 1, 4096]","[1, 1, 4096]",,,634,16,633,decode,633,"[1, 1]",1
1,0,0,11,"[1, 1, 4096]","[1, 1, 4096]",,,634,17,633,decode,633,"[1, 1]",1
1,0,0,11,"[1, 1, 4096]","[1, 1, 4096]",,,634,18,633,decode,633,"[1, 1]",1
1,0,0,11,"[1, 1, 4096]","[1, 1, 4096]",,,68,19,67,decode,633,"[1, 1]",1
1,0,0,11,"[1, 1, 4096]","[1, 1, 4096]",,,68,20,67,decode,633,"[1, 1]",1
1,0,0,11,"[1, 1, 4096]","[1, 1, 4096]",,,68,21,67,decode,633,"[1, 1]",1
1,0,0,11,"[1, 1, 4096]","[1, 1, 4096]",,,68,22,67,decode,633,"[1, 1]",1
1,0,0,11,"[1, 1, 4096]","[1, 1, 4096]",,,68,23,67,decode,633,"[1, 1]",1
1,0,0,11,"[1, 1, 4096]","[1, 1, 4096]",,,68,24,67,decode,633,"[1, 1]",1
1,0,0,11,"[1, 1, 4096]","[1, 1, 4096]",,,68,25,67,decode,633,"[1, 1]",1
1,0,0,11,"[1, 1, 4096]","[1, 1, 4096]",,,68,26,67,decode,633,"[1, 1]",1
1,0,0,11,"[1, 1, 4096]","[1, 1, 4096]",,,68,27,67,decode,633,"[1, 1]",1
1,0,0,11,"[1, 1, 4096]","[1, 1, 4096]",,,58,28,57,decode,633,"[1, 1]",1
1,0,0,11,"[1, 1, 4096]","[1, 1, 4096]",,,58,29,57,decode,633,"[1, 1]",1
1,0,0,11,"[1, 1, 4096]","[1, 1, 4096]",,,58,30,57,decode,633,"[1, 1]",1
1,0,0,11,"[1, 1, 4096]","[1, 1, 4096]",,,58,31,57,decode,633,"[1, 1]",1
1,0,0,12,"[1, 1, 4096]","[1, 1, 4096]",,,635,0,634,decode,634,"[1, 1]",1
1,0,0,12,"[1, 1, 4096]","[1, 1, 4096]",,,635,1,634,decode,634,"[1, 1]",1
1,0,0,12,"[1, 1, 4096]","[1, 1, 4096]",,,635,2,634,decode,634,"[1, 1]",1
1,0,0,12,"[1, 1, 4096]","[1, 1, 4096]",,,635,3,634,decode,634,"[1, 1]",1
1,0,0,12,"[1, 1, 4096]","[1, 1, 4096]",,,635,4,634,decode,634,"[1, 1]",1
1,0,0,12,"[1, 1, 4096]","[1, 1, 4096]",,,635,5,634,decode,634,"[1, 1]",1
1,0,0,12,"[1, 1, 4096]","[1, 1, 4096]",,,635,6,634,decode,634,"[1, 1]",1
1,0,0,12,"[1, 1, 4096]","[1, 1, 4096]",,,635,7,634,decode,634,"[1, 1]",1
1,0,0,12,"[1, 1, 4096]","[1, 1, 4096]",,,635,8,634,decode,634,"[1, 1]",1
1,0,0,12,"[1, 1, 4096]","[1, 1, 4096]",,,635,9,634,decode,634,"[1, 1]",1
1,0,0,12,"[1, 1, 4096]","[1, 1, 4096]",,,635,10,634,decode,634,"[1, 1]",1
1,0,0,12,"[1, 1, 4096]","[1, 1, 4096]",,,635,11,634,decode,634,"[1, 1]",1
1,0,0,12,"[1, 1, 4096]","[1, 1, 4096]",,,635,12,634,decode,634,"[1, 1]",1
1,0,0,12,"[1, 1, 4096]","[1, 1, 4096]",,,635,13,634,decode,634,"[1, 1]",1
1,0,0,12,"[1, 1, 4096]","[1, 1, 4096]",,,635,14,634,decode,634,"[1, 1]",1
1,0,0,12,"[1, 1, 4096]","[1, 1, 4096]",,,635,15,634,decode,634,"[1, 1]",1
1,0,0,12,"[1, 1, 4096]","[1, 1, 4096]",,,635,16,634,decode,634,"[1, 1]",1
1,0,0,12,"[1, 1, 4096]","[1, 1, 4096]",,,635,17,634,decode,634,"[1, 1]",1
1,0,0,12,"[1, 1, 4096]","[1, 1, 4096]",,,635,18,634,decode,634,"[1, 1]",1
1,0,0,12,"[1, 1, 4096]","[1, 1, 4096]",,,69,19,68,decode,634,"[1, 1]",1
1,0,0,12,"[1, 1, 4096]","[1, 1, 4096]",,,69,20,68,decode,634,"[1, 1]",1
1,0,0,12,"[1, 1, 4096]","[1, 1, 4096]",,,69,21,68,decode,634,"[1, 1]",1
1,0,0,12,"[1, 1, 4096]","[1, 1, 4096]",,,69,22,68,decode,634,"[1, 1]",1
1,0,0,12,"[1, 1, 4096]","[1, 1, 4096]",,,69,23,68,decode,634,"[1, 1]",1
1,0,0,12,"[1, 1, 4096]","[1, 1, 4096]",,,69,24,68,decode,634,"[1, 1]",1
1,0,0,12,"[1, 1, 4096]","[1, 1, 4096]",,,69,25,68,decode,634,"[1, 1]",1
1,0,0,12,"[1, 1, 4096]","[1, 1, 4096]",,,69,26,68,decode,634,"[1, 1]",1
1,0,0,12,"[1, 1, 4096]","[1, 1, 4096]",,,69,27,68,decode,634,"[1, 1]",1
1,0,0,12,"[1, 1, 4096]","[1, 1, 4096]",,,59,28,58,decode,634,"[1, 1]",1
1,0,0,12,"[1, 1, 4096]","[1, 1, 4096]",,,59,29,58,decode,634,"[1, 1]",1
1,0,0,12,"[1, 1, 4096]","[1, 1, 4096]",,,59,30,58,decode,634,"[1, 1]",1
1,0,0,12,"[1, 1, 4096]","[1, 1, 4096]",,,59,31,58,decode,634,"[1, 1]",1
1,0,0,13,"[1, 1, 4096]","[1, 1, 4096]",,,636,0,635,decode,635,"[1, 1]",1
1,0,0,13,"[1, 1, 4096]","[1, 1, 4096]",,,636,1,635,decode,635,"[1, 1]",1
1,0,0,13,"[1, 1, 4096]","[1, 1, 4096]",,,636,2,635,decode,635,"[1, 1]",1
1,0,0,13,"[1, 1, 4096]","[1, 1, 4096]",,,636,3,635,decode,635,"[1, 1]",1
1,0,0,13,"[1, 1, 4096]","[1, 1, 4096]",,,636,4,635,decode,635,"[1, 1]",1
1,0,0,13,"[1, 1, 4096]","[1, 1, 4096]",,,636,5,635,decode,635,"[1, 1]",1
1,0,0,13,"[1, 1, 4096]","[1, 1, 4096]",,,636,6,635,decode,635,"[1, 1]",1
1,0,0,13,"[1, 1, 4096]","[1, 1, 4096]",,,636,7,635,decode,635,"[1, 1]",1
1,0,0,13,"[1, 1, 4096]","[1, 1, 4096]",,,636,8,635,decode,635,"[1, 1]",1
1,0,0,13,"[1, 1, 4096]","[1, 1, 4096]",,,636,9,635,decode,635,"[1, 1]",1
1,0,0,13,"[1, 1, 4096]","[1, 1, 4096]",,,636,10,635,decode,635,"[1, 1]",1
1,0,0,13,"[1, 1, 4096]","[1, 1, 4096]",,,636,11,635,decode,635,"[1, 1]",1
1,0,0,13,"[1, 1, 4096]","[1, 1, 4096]",,,636,12,635,decode,635,"[1, 1]",1
1,0,0,13,"[1, 1, 4096]","[1, 1, 4096]",,,636,13,635,decode,635,"[1, 1]",1
1,0,0,13,"[1, 1, 4096]","[1, 1, 4096]",,,636,14,635,decode,635,"[1, 1]",1
1,0,0,13,"[1, 1, 4096]","[1, 1, 4096]",,,636,15,635,decode,635,"[1, 1]",1
1,0,0,13,"[1, 1, 4096]","[1, 1, 4096]",,,636,16,635,decode,635,"[1, 1]",1
1,0,0,13,"[1, 1, 4096]","[1, 1, 4096]",,,636,17,635,decode,635,"[1, 1]",1
1,0,0,13,"[1, 1, 4096]","[1, 1, 4096]",,,636,18,635,decode,635,"[1, 1]",1
1,0,0,13,"[1, 1, 4096]","[1, 1, 4096]",,,70,19,69,decode,635,"[1, 1]",1
1,0,0,13,"[1, 1, 4096]","[1, 1, 4096]",,,70,20,69,decode,635,"[1, 1]",1
1,0,0,13,"[1, 1, 4096]","[1, 1, 4096]",,,70,21,69,decode,635,"[1, 1]",1
1,0,0,13,"[1, 1, 4096]","[1, 1, 4096]",,,70,22,69,decode,635,"[1, 1]",1
1,0,0,13,"[1, 1, 4096]","[1, 1, 4096]",,,70,23,69,decode,635,"[1, 1]",1
1,0,0,13,"[1, 1, 4096]","[1, 1, 4096]",,,70,24,69,decode,635,"[1, 1]",1
1,0,0,13,"[1, 1, 4096]","[1, 1, 4096]",,,70,25,69,decode,635,"[1, 1]",1
1,0,0,13,"[1, 1, 4096]","[1, 1, 4096]",,,70,26,69,decode,635,"[1, 1]",1
1,0,0,13,"[1, 1, 4096]","[1, 1, 4096]",,,70,27,69,decode,635,"[1, 1]",1
1,0,0,13,"[1, 1, 4096]","[1, 1, 4096]",,,60,28,59,decode,635,"[1, 1]",1
1,0,0,13,"[1, 1, 4096]","[1, 1, 4096]",,,60,29,59,decode,635,"[1, 1]",1
1,0,0,13,"[1, 1, 4096]","[1, 1, 4096]",,,60,30,59,decode,635,"[1, 1]",1
1,0,0,13,"[1, 1, 4096]","[1, 1, 4096]",,,60,31,59,decode,635,"[1, 1]",1
1,0,0,14,"[1, 1, 4096]","[1, 1, 4096]",,,637,0,636,decode,636,"[1, 1]",1
1,0,0,14,"[1, 1, 4096]","[1, 1, 4096]",,,637,1,636,decode,636,"[1, 1]",1
1,0,0,14,"[1, 1, 4096]","[1, 1, 4096]",,,637,2,636,decode,636,"[1, 1]",1
1,0,0,14,"[1, 1, 4096]","[1, 1, 4096]",,,637,3,636,decode,636,"[1, 1]",1
1,0,0,14,"[1, 1, 4096]","[1, 1, 4096]",,,637,4,636,decode,636,"[1, 1]",1
1,0,0,14,"[1, 1, 4096]","[1, 1, 4096]",,,637,5,636,decode,636,"[1, 1]",1
1,0,0,14,"[1, 1, 4096]","[1, 1, 4096]",,,637,6,636,decode,636,"[1, 1]",1
1,0,0,14,"[1, 1, 4096]","[1, 1, 4096]",,,637,7,636,decode,636,"[1, 1]",1
1,0,0,14,"[1, 1, 4096]","[1, 1, 4096]",,,637,8,636,decode,636,"[1, 1]",1
1,0,0,14,"[1, 1, 4096]","[1, 1, 4096]",,,637,9,636,decode,636,"[1, 1]",1
1,0,0,14,"[1, 1, 4096]","[1, 1, 4096]",,,637,10,636,decode,636,"[1, 1]",1
1,0,0,14,"[1, 1, 4096]","[1, 1, 4096]",,,637,11,636,decode,636,"[1, 1]",1
1,0,0,14,"[1, 1, 4096]","[1, 1, 4096]",,,637,12,636,decode,636,"[1, 1]",1
1,0,0,14,"[1, 1, 4096]","[1, 1, 4096]",,,637,13,636,decode,636,"[1, 1]",1
1,0,0,14,"[1, 1, 4096]","[1, 1, 4096]",,,637,14,636,decode,636,"[1, 1]",1
1,0,0,14,"[1, 1, 4096]","[1, 1, 4096]",,,637,15,636,decode,636,"[1, 1]",1
1,0,0,14,"[1, 1, 4096]","[1, 1, 4096]",,,637,16,636,decode,636,"[1, 1]",1
1,0,0,14,"[1, 1, 4096]","[1, 1, 4096]",,,637,17,636,decode,636,"[1, 1]",1
1,0,0,14,"[1, 1, 4096]","[1, 1, 4096]",,,637,18,636,decode,636,"[1, 1]",1
1,0,0,14,"[1, 1, 4096]","[1, 1, 4096]",,,71,19,70,decode,636,"[1, 1]",1
1,0,0,14,"[1, 1, 4096]","[1, 1, 4096]",,,71,20,70,decode,636,"[1, 1]",1
1,0,0,14,"[1, 1, 4096]","[1, 1, 4096]",,,71,21,70,decode,636,"[1, 1]",1
1,0,0,14,"[1, 1, 4096]","[1, 1, 4096]",,,71,22,70,decode,636,"[1, 1]",1
1,0,0,14,"[1, 1, 4096]","[1, 1, 4096]",,,71,23,70,decode,636,"[1, 1]",1
1,0,0,14,"[1, 1, 4096]","[1, 1, 4096]",,,71,24,70,decode,636,"[1, 1]",1
1,0,0,14,"[1, 1, 4096]","[1, 1, 4096]",,,71,25,70,decode,636,"[1, 1]",1
1,0,0,14,"[1, 1, 4096]","[1, 1, 4096]",,,71,26,70,decode,636,"[1, 1]",1
1,0,0,14,"[1, 1, 4096]","[1, 1, 4096]",,,71,27,70,decode,636,"[1, 1]",1
1,0,0,14,"[1, 1, 4096]","[1, 1, 4096]",,,61,28,60,decode,636,"[1, 1]",1
1,0,0,14,"[1, 1, 4096]","[1, 1, 4096]",,,61,29,60,decode,636,"[1, 1]",1
1,0,0,14,"[1, 1, 4096]","[1, 1, 4096]",,,61,30,60,decode,636,"[1, 1]",1
1,0,0,14,"[1, 1, 4096]","[1, 1, 4096]",,,61,31,60,decode,636,"[1, 1]",1
1,0,0,15,"[1, 1, 4096]","[1, 1, 4096]",,,638,0,637,decode,637,"[1, 1]",1
1,0,0,15,"[1, 1, 4096]","[1, 1, 4096]",,,638,1,637,decode,637,"[1, 1]",1
1,0,0,15,"[1, 1, 4096]","[1, 1, 4096]",,,638,2,637,decode,637,"[1, 1]",1
1,0,0,15,"[1, 1, 4096]","[1, 1, 4096]",,,638,3,637,decode,637,"[1, 1]",1
1,0,0,15,"[1, 1, 4096]","[1, 1, 4096]",,,638,4,637,decode,637,"[1, 1]",1
1,0,0,15,"[1, 1, 4096]","[1, 1, 4096]",,,638,5,637,decode,637,"[1, 1]",1
1,0,0,15,"[1, 1, 4096]","[1, 1, 4096]",,,638,6,637,decode,637,"[1, 1]",1
1,0,0,15,"[1, 1, 4096]","[1, 1, 4096]",,,638,7,637,decode,637,"[1, 1]",1
1,0,0,15,"[1, 1, 4096]","[1, 1, 4096]",,,638,8,637,decode,637,"[1, 1]",1
1,0,0,15,"[1, 1, 4096]","[1, 1, 4096]",,,638,9,637,decode,637,"[1, 1]",1
1,0,0,15,"[1, 1, 4096]","[1, 1, 4096]",,,638,10,637,decode,637,"[1, 1]",1
1,0,0,15,"[1, 1, 4096]","[1, 1, 4096]",,,638,11,637,decode,637,"[1, 1]",1
1,0,0,15,"[1, 1, 4096]","[1, 1, 4096]",,,638,12,637,decode,637,"[1, 1]",1
1,0,0,15,"[1, 1, 4096]","[1, 1, 4096]",,,638,13,637,decode,637,"[1, 1]",1
1,0,0,15,"[1, 1, 4096]","[1, 1, 4096]",,,638,14,637,decode,637,"[1, 1]",1
1,0,0,15,"[1, 1, 4096]","[1, 1, 4096]",,,638,15,637,decode,637,"[1, 1]",1
1,0,0,15,"[1, 1, 4096]","[1, 1, 4096]",,,638,16,637,decode,637,"[1, 1]",1
1,0,0,15,"[1, 1, 4096]","[1, 1, 4096]",,,638,17,637,decode,637,"[1, 1]",1
1,0,0,15,"[1, 1, 4096]","[1, 1, 4096]",,,638,18,637,decode,637,"[1, 1]",1
1,0,0,15,"[1, 1, 4096]","[1, 1, 4096]",,,72,19,71,decode,637,"[1, 1]",1
1,0,0,15,"[1, 1, 4096]","[1, 1, 4096]",,,72,20,71,decode,637,"[1, 1]",1
1,0,0,15,"[1, 1, 4096]","[1, 1, 4096]",,,72,21,71,decode,637,"[1, 1]",1
1,0,0,15,"[1, 1, 4096]","[1, 1, 4096]",,,72,22,71,decode,637,"[1, 1]",1
1,0,0,15,"[1, 1, 4096]","[1, 1, 4096]",,,72,23,71,decode,637,"[1, 1]",1
1,0,0,15,"[1, 1, 4096]","[1, 1, 4096]",,,72,24,71,decode,637,"[1, 1]",1
1,0,0,15,"[1, 1, 4096]","[1, 1, 4096]",,,72,25,71,decode,637,"[1, 1]",1
1,0,0,15,"[1, 1, 4096]","[1, 1, 4096]",,,72,26,71,decode,637,"[1, 1]",1
1,0,0,15,"[1, 1, 4096]","[1, 1, 4096]",,,72,27,71,decode,637,"[1, 1]",1
1,0,0,15,"[1, 1, 4096]","[1, 1, 4096]",,,62,28,61,decode,637,"[1, 1]",1
1,0,0,15,"[1, 1, 4096]","[1, 1, 4096]",,,62,29,61,decode,637,"[1, 1]",1
1,0,0,15,"[1, 1, 4096]","[1, 1, 4096]",,,62,30,61,decode,637,"[1, 1]",1
1,0,0,15,"[1, 1, 4096]","[1, 1, 4096]",,,62,31,61,decode,637,"[1, 1]",1
1,0,0,16,"[1, 1, 4096]","[1, 1, 4096]",,,639,0,638,decode,638,"[1, 1]",1
1,0,0,16,"[1, 1, 4096]","[1, 1, 4096]",,,639,1,638,decode,638,"[1, 1]",1
1,0,0,16,"[1, 1, 4096]","[1, 1, 4096]",,,639,2,638,decode,638,"[1, 1]",1
1,0,0,16,"[1, 1, 4096]","[1, 1, 4096]",,,639,3,638,decode,638,"[1, 1]",1
1,0,0,16,"[1, 1, 4096]","[1, 1, 4096]",,,639,4,638,decode,638,"[1, 1]",1
1,0,0,16,"[1, 1, 4096]","[1, 1, 4096]",,,639,5,638,decode,638,"[1, 1]",1
1,0,0,16,"[1, 1, 4096]","[1, 1, 4096]",,,639,6,638,decode,638,"[1, 1]",1
1,0,0,16,"[1, 1, 4096]","[1, 1, 4096]",,,639,7,638,decode,638,"[1, 1]",1
1,0,0,16,"[1, 1, 4096]","[1, 1, 4096]",,,639,8,638,decode,638,"[1, 1]",1
1,0,0,16,"[1, 1, 4096]","[1, 1, 4096]",,,639,9,638,decode,638,"[1, 1]",1
1,0,0,16,"[1, 1, 4096]","[1, 1, 4096]",,,639,10,638,decode,638,"[1, 1]",1
1,0,0,16,"[1, 1, 4096]","[1, 1, 4096]",,,639,11,638,decode,638,"[1, 1]",1
1,0,0,16,"[1, 1, 4096]","[1, 1, 4096]",,,639,12,638,decode,638,"[1, 1]",1
1,0,0,16,"[1, 1, 4096]","[1, 1, 4096]",,,639,13,638,decode,638,"[1, 1]",1
1,0,0,16,"[1, 1, 4096]","[1, 1, 4096]",,,639,14,638,decode,638,"[1, 1]",1
1,0,0,16,"[1, 1, 4096]","[1, 1, 4096]",,,639,15,638,decode,638,"[1, 1]",1
1,0,0,16,"[1, 1, 4096]","[1, 1, 4096]",,,639,16,638,decode,638,"[1, 1]",1
1,0,0,16,"[1, 1, 4096]","[1, 1, 4096]",,,639,17,638,decode,638,"[1, 1]",1
1,0,0,16,"[1, 1, 4096]","[1, 1, 4096]",,,639,18,638,decode,638,"[1, 1]",1
1,0,0,16,"[1, 1, 4096]","[1, 1, 4096]",,,73,19,72,decode,638,"[1, 1]",1
1,0,0,16,"[1, 1, 4096]","[1, 1, 4096]",,,73,20,72,decode,638,"[1, 1]",1
1,0,0,16,"[1, 1, 4096]","[1, 1, 4096]",,,73,21,72,decode,638,"[1, 1]",1
1,0,0,16,"[1, 1, 4096]","[1, 1, 4096]",,,73,22,72,decode,638,"[1, 1]",1
1,0,0,16,"[1, 1, 4096]","[1, 1, 4096]",,,73,23,72,decode,638,"[1, 1]",1
1,0,0,16,"[1, 1, 4096]","[1, 1, 4096]",,,73,24,72,decode,638,"[1, 1]",1
1,0,0,16,"[1, 1, 4096]","[1, 1, 4096]",,,73,25,72,decode,638,"[1, 1]",1
1,0,0,16,"[1, 1, 4096]","[1, 1, 4096]",,,73,26,72,decode,638,"[1, 1]",1
1,0,0,16,"[1, 1, 4096]","[1, 1, 4096]",,,73,27,72,decode,638,"[1, 1]",1
1,0,0,16,"[1, 1, 4096]","[1, 1, 4096]",,,63,28,62,decode,638,"[1, 1]",1
1,0,0,16,"[1, 1, 4096]","[1, 1, 4096]",,,63,29,62,decode,638,"[1, 1]",1
1,0,0,16,"[1, 1, 4096]","[1, 1, 4096]",,,63,30,62,decode,638,"[1, 1]",1
1,0,0,16,"[1, 1, 4096]","[1, 1, 4096]",,,63,31,62,decode,638,"[1, 1]",1
1,0,0,17,"[1, 1, 4096]","[1, 1, 4096]",,,640,0,639,decode,639,"[1, 1]",1
1,0,0,17,"[1, 1, 4096]","[1, 1, 4096]",,,640,1,639,decode,639,"[1, 1]",1
1,0,0,17,"[1, 1, 4096]","[1, 1, 4096]",,,640,2,639,decode,639,"[1, 1]",1
1,0,0,17,"[1, 1, 4096]","[1, 1, 4096]",,,640,3,639,decode,639,"[1, 1]",1
1,0,0,17,"[1, 1, 4096]","[1, 1, 4096]",,,640,4,639,decode,639,"[1, 1]",1
1,0,0,17,"[1, 1, 4096]","[1, 1, 4096]",,,640,5,639,decode,639,"[1, 1]",1
1,0,0,17,"[1, 1, 4096]","[1, 1, 4096]",,,640,6,639,decode,639,"[1, 1]",1
1,0,0,17,"[1, 1, 4096]","[1, 1, 4096]",,,640,7,639,decode,639,"[1, 1]",1
1,0,0,17,"[1, 1, 4096]","[1, 1, 4096]",,,640,8,639,decode,639,"[1, 1]",1
1,0,0,17,"[1, 1, 4096]","[1, 1, 4096]",,,640,9,639,decode,639,"[1, 1]",1
1,0,0,17,"[1, 1, 4096]","[1, 1, 4096]",,,640,10,639,decode,639,"[1, 1]",1
1,0,0,17,"[1, 1, 4096]","[1, 1, 4096]",,,640,11,639,decode,639,"[1, 1]",1
1,0,0,17,"[1, 1, 4096]","[1, 1, 4096]",,,640,12,639,decode,639,"[1, 1]",1
1,0,0,17,"[1, 1, 4096]","[1, 1, 4096]",,,640,13,639,decode,639,"[1, 1]",1
1,0,0,17,"[1, 1, 4096]","[1, 1, 4096]",,,640,14,639,decode,639,"[1, 1]",1
1,0,0,17,"[1, 1, 4096]","[1, 1, 4096]",,,640,15,639,decode,639,"[1, 1]",1
1,0,0,17,"[1, 1, 4096]","[1, 1, 4096]",,,640,16,639,decode,639,"[1, 1]",1
1,0,0,17,"[1, 1, 4096]","[1, 1, 4096]",,,640,17,639,decode,639,"[1, 1]",1
1,0,0,17,"[1, 1, 4096]","[1, 1, 4096]",,,640,18,639,decode,639,"[1, 1]",1
1,0,0,17,"[1, 1, 4096]","[1, 1, 4096]",,,74,19,73,decode,639,"[1, 1]",1
1,0,0,17,"[1, 1, 4096]","[1, 1, 4096]",,,74,20,73,decode,639,"[1, 1]",1
1,0,0,17,"[1, 1, 4096]","[1, 1, 4096]",,,74,21,73,decode,639,"[1, 1]",1
1,0,0,17,"[1, 1, 4096]","[1, 1, 4096]",,,74,22,73,decode,639,"[1, 1]",1
1,0,0,17,"[1, 1, 4096]","[1, 1, 4096]",,,74,23,73,decode,639,"[1, 1]",1
1,0,0,17,"[1, 1, 4096]","[1, 1, 4096]",,,74,24,73,decode,639,"[1, 1]",1
1,0,0,17,"[1, 1, 4096]","[1, 1, 4096]",,,74,25,73,decode,639,"[1, 1]",1
1,0,0,17,"[1, 1, 4096]","[1, 1, 4096]",,,74,26,73,decode,639,"[1, 1]",1
1,0,0,17,"[1, 1, 4096]","[1, 1, 4096]",,,74,27,73,decode,639,"[1, 1]",1
1,0,0,17,"[1, 1, 4096]","[1, 1, 4096]",,,64,28,63,decode,639,"[1, 1]",1
1,0,0,17,"[1, 1, 4096]","[1, 1, 4096]",,,64,29,63,decode,639,"[1, 1]",1
1,0,0,17,"[1, 1, 4096]","[1, 1, 4096]",,,64,30,63,decode,639,"[1, 1]",1
1,0,0,17,"[1, 1, 4096]","[1, 1, 4096]",,,64,31,63,decode,639,"[1, 1]",1
1,0,0,18,"[1, 1, 4096]","[1, 1, 4096]",,,641,0,640,decode,640,"[1, 1]",1
1,0,0,18,"[1, 1, 4096]","[1, 1, 4096]",,,641,1,640,decode,640,"[1, 1]",1
1,0,0,18,"[1, 1, 4096]","[1, 1, 4096]",,,641,2,640,decode,640,"[1, 1]",1
1,0,0,18,"[1, 1, 4096]","[1, 1, 4096]",,,641,3,640,decode,640,"[1, 1]",1
1,0,0,18,"[1, 1, 4096]","[1, 1, 4096]",,,641,4,640,decode,640,"[1, 1]",1
1,0,0,18,"[1, 1, 4096]","[1, 1, 4096]",,,641,5,640,decode,640,"[1, 1]",1
1,0,0,18,"[1, 1, 4096]","[1, 1, 4096]",,,641,6,640,decode,640,"[1, 1]",1
1,0,0,18,"[1, 1, 4096]","[1, 1, 4096]",,,641,7,640,decode,640,"[1, 1]",1
1,0,0,18,"[1, 1, 4096]","[1, 1, 4096]",,,641,8,640,decode,640,"[1, 1]",1
1,0,0,18,"[1, 1, 4096]","[1, 1, 4096]",,,641,9,640,decode,640,"[1, 1]",1
1,0,0,18,"[1, 1, 4096]","[1, 1, 4096]",,,641,10,640,decode,640,"[1, 1]",1
1,0,0,18,"[1, 1, 4096]","[1, 1, 4096]",,,641,11,640,decode,640,"[1, 1]",1
1,0,0,18,"[1, 1, 4096]","[1, 1, 4096]",,,641,12,640,decode,640,"[1, 1]",1
1,0,0,18,"[1, 1, 4096]","[1, 1, 4096]",,,641,13,640,decode,640,"[1, 1]",1
1,0,0,18,"[1, 1, 4096]","[1, 1, 4096]",,,641,14,640,decode,640,"[1, 1]",1
1,0,0,18,"[1, 1, 4096]","[1, 1, 4096]",,,641,15,640,decode,640,"[1, 1]",1
1,0,0,18,"[1, 1, 4096]","[1, 1, 4096]",,,641,16,640,decode,640,"[1, 1]",1
1,0,0,18,"[1, 1, 4096]","[1, 1, 4096]",,,641,17,640,decode,640,"[1, 1]",1
1,0,0,18,"[1, 1, 4096]","[1, 1, 4096]",,,641,18,640,decode,640,"[1, 1]",1
1,0,0,18,"[1, 1, 4096]","[1, 1, 4096]",,,75,19,74,decode,640,"[1, 1]",1
1,0,0,18,"[1, 1, 4096]","[1, 1, 4096]",,,75,20,74,decode,640,"[1, 1]",1
1,0,0,18,"[1, 1, 4096]","[1, 1, 4096]",,,75,21,74,decode,640,"[1, 1]",1
1,0,0,18,"[1, 1, 4096]","[1, 1, 4096]",,,75,22,74,decode,640,"[1, 1]",1
1,0,0,18,"[1, 1, 4096]","[1, 1, 4096]",,,75,23,74,decode,640,"[1, 1]",1
1,0,0,18,"[1, 1, 4096]","[1, 1, 4096]",,,75,24,74,decode,640,"[1, 1]",1
1,0,0,18,"[1, 1, 4096]","[1, 1, 4096]",,,75,25,74,decode,640,"[1, 1]",1
1,0,0,18,"[1, 1, 4096]","[1, 1, 4096]",,,75,26,74,decode,640,"[1, 1]",1
1,0,0,18,"[1, 1, 4096]","[1, 1, 4096]",,,75,27,74,decode,640,"[1, 1]",1
1,0,0,18,"[1, 1, 4096]","[1, 1, 4096]",,,65,28,64,decode,640,"[1, 1]",1
1,0,0,18,"[1, 1, 4096]","[1, 1, 4096]",,,65,29,64,decode,640,"[1, 1]",1
1,0,0,18,"[1, 1, 4096]","[1, 1, 4096]",,,65,30,64,decode,640,"[1, 1]",1
1,0,0,18,"[1, 1, 4096]","[1, 1, 4096]",,,65,31,64,decode,640,"[1, 1]",1
1,0,0,19,"[1, 1, 4096]","[1, 1, 4096]",,,642,0,641,decode,641,"[1, 1]",1
1,0,0,19,"[1, 1, 4096]","[1, 1, 4096]",,,642,1,641,decode,641,"[1, 1]",1
1,0,0,19,"[1, 1, 4096]","[1, 1, 4096]",,,642,2,641,decode,641,"[1, 1]",1
1,0,0,19,"[1, 1, 4096]","[1, 1, 4096]",,,642,3,641,decode,641,"[1, 1]",1
1,0,0,19,"[1, 1, 4096]","[1, 1, 4096]",,,642,4,641,decode,641,"[1, 1]",1
1,0,0,19,"[1, 1, 4096]","[1, 1, 4096]",,,642,5,641,decode,641,"[1, 1]",1
1,0,0,19,"[1, 1, 4096]","[1, 1, 4096]",,,642,6,641,decode,641,"[1, 1]",1
1,0,0,19,"[1, 1, 4096]","[1, 1, 4096]",,,642,7,641,decode,641,"[1, 1]",1
1,0,0,19,"[1, 1, 4096]","[1, 1, 4096]",,,642,8,641,decode,641,"[1, 1]",1
1,0,0,19,"[1, 1, 4096]","[1, 1, 4096]",,,642,9,641,decode,641,"[1, 1]",1
1,0,0,19,"[1, 1, 4096]","[1, 1, 4096]",,,642,10,641,decode,641,"[1, 1]",1
1,0,0,19,"[1, 1, 4096]","[1, 1, 4096]",,,642,11,641,decode,641,"[1, 1]",1
1,0,0,19,"[1, 1, 4096]","[1, 1, 4096]",,,642,12,641,decode,641,"[1, 1]",1
1,0,0,19,"[1, 1, 4096]","[1, 1, 4096]",,,642,13,641,decode,641,"[1, 1]",1
1,0,0,19,"[1, 1, 4096]","[1, 1, 4096]",,,642,14,641,decode,641,"[1, 1]",1
1,0,0,19,"[1, 1, 4096]","[1, 1, 4096]",,,642,15,641,decode,641,"[1, 1]",1
1,0,0,19,"[1, 1, 4096]","[1, 1, 4096]",,,642,16,641,decode,641,"[1, 1]",1
1,0,0,19,"[1, 1, 4096]","[1, 1, 4096]",,,642,17,641,decode,641,"[1, 1]",1
1,0,0,19,"[1, 1, 4096]","[1, 1, 4096]",,,642,18,641,decode,641,"[1, 1]",1
1,0,0,19,"[1, 1, 4096]","[1, 1, 4096]",,,76,19,75,decode,641,"[1, 1]",1
1,0,0,19,"[1, 1, 4096]","[1, 1, 4096]",,,76,20,75,decode,641,"[1, 1]",1
1,0,0,19,"[1, 1, 4096]","[1, 1, 4096]",,,76,21,75,decode,641,"[1, 1]",1
1,0,0,19,"[1, 1, 4096]","[1, 1, 4096]",,,76,22,75,decode,641,"[1, 1]",1
1,0,0,19,"[1, 1, 4096]","[1, 1, 4096]",,,76,23,75,decode,641,"[1, 1]",1
1,0,0,19,"[1, 1, 4096]","[1, 1, 4096]",,,76,24,75,decode,641,"[1, 1]",1
1,0,0,19,"[1, 1, 4096]","[1, 1, 4096]",,,76,25,75,decode,641,"[1, 1]",1
1,0,0,19,"[1, 1, 4096]","[1, 1, 4096]",,,76,26,75,decode,641,"[1, 1]",1
1,0,0,19,"[1, 1, 4096]","[1, 1, 4096]",,,76,27,75,decode,641,"[1, 1]",1
1,0,0,19,"[1, 1, 4096]","[1, 1, 4096]",,,66,28,65,decode,641,"[1, 1]",1
1,0,0,19,"[1, 1, 4096]","[1, 1, 4096]",,,66,29,65,decode,641,"[1, 1]",1
1,0,0,19,"[1, 1, 4096]","[1, 1, 4096]",,,66,30,65,decode,641,"[1, 1]",1
1,0,0,19,"[1, 1, 4096]","[1, 1, 4096]",,,66,31,65,decode,641,"[1, 1]",1
1,0,0,20,"[1, 1, 4096]","[1, 1, 4096]",,,643,0,642,decode,642,"[1, 1]",1
1,0,0,20,"[1, 1, 4096]","[1, 1, 4096]",,,643,1,642,decode,642,"[1, 1]",1
1,0,0,20,"[1, 1, 4096]","[1, 1, 4096]",,,643,2,642,decode,642,"[1, 1]",1
1,0,0,20,"[1, 1, 4096]","[1, 1, 4096]",,,643,3,642,decode,642,"[1, 1]",1
1,0,0,20,"[1, 1, 4096]","[1, 1, 4096]",,,643,4,642,decode,642,"[1, 1]",1
1,0,0,20,"[1, 1, 4096]","[1, 1, 4096]",,,643,5,642,decode,642,"[1, 1]",1
1,0,0,20,"[1, 1, 4096]","[1, 1, 4096]",,,643,6,642,decode,642,"[1, 1]",1
1,0,0,20,"[1, 1, 4096]","[1, 1, 4096]",,,643,7,642,decode,642,"[1, 1]",1
1,0,0,20,"[1, 1, 4096]","[1, 1, 4096]",,,643,8,642,decode,642,"[1, 1]",1
1,0,0,20,"[1, 1, 4096]","[1, 1, 4096]",,,643,9,642,decode,642,"[1, 1]",1
1,0,0,20,"[1, 1, 4096]","[1, 1, 4096]",,,643,10,642,decode,642,"[1, 1]",1
1,0,0,20,"[1, 1, 4096]","[1, 1, 4096]",,,643,11,642,decode,642,"[1, 1]",1
1,0,0,20,"[1, 1, 4096]","[1, 1, 4096]",,,643,12,642,decode,642,"[1, 1]",1
1,0,0,20,"[1, 1, 4096]","[1, 1, 4096]",,,643,13,642,decode,642,"[1, 1]",1
1,0,0,20,"[1, 1, 4096]","[1, 1, 4096]",,,643,14,642,decode,642,"[1, 1]",1
1,0,0,20,"[1, 1, 4096]","[1, 1, 4096]",,,643,15,642,decode,642,"[1, 1]",1
1,0,0,20,"[1, 1, 4096]","[1, 1, 4096]",,,643,16,642,decode,642,"[1, 1]",1
1,0,0,20,"[1, 1, 4096]","[1, 1, 4096]",,,643,17,642,decode,642,"[1, 1]",1
1,0,0,20,"[1, 1, 4096]","[1, 1, 4096]",,,643,18,642,decode,642,"[1, 1]",1
1,0,0,20,"[1, 1, 4096]","[1, 1, 4096]",,,77,19,76,decode,642,"[1, 1]",1
1,0,0,20,"[1, 1, 4096]","[1, 1, 4096]",,,77,20,76,decode,642,"[1, 1]",1
1,0,0,20,"[1, 1, 4096]","[1, 1, 4096]",,,77,21,76,decode,642,"[1, 1]",1
1,0,0,20,"[1, 1, 4096]","[1, 1, 4096]",,,77,22,76,decode,642,"[1, 1]",1
1,0,0,20,"[1, 1, 4096]","[1, 1, 4096]",,,77,23,76,decode,642,"[1, 1]",1
1,0,0,20,"[1, 1, 4096]","[1, 1, 4096]",,,77,24,76,decode,642,"[1, 1]",1
1,0,0,20,"[1, 1, 4096]","[1, 1, 4096]",,,77,25,76,decode,642,"[1, 1]",1
1,0,0,20,"[1, 1, 4096]","[1, 1, 4096]",,,77,26,76,decode,642,"[1, 1]",1
1,0,0,20,"[1, 1, 4096]","[1, 1, 4096]",,,77,27,76,decode,642,"[1, 1]",1
1,0,0,20,"[1, 1, 4096]","[1, 1, 4096]",,,67,28,66,decode,642,"[1, 1]",1
1,0,0,20,"[1, 1, 4096]","[1, 1, 4096]",,,67,29,66,decode,642,"[1, 1]",1
1,0,0,20,"[1, 1, 4096]","[1, 1, 4096]",,,67,30,66,decode,642,"[1, 1]",1
1,0,0,20,"[1, 1, 4096]","[1, 1, 4096]",,,67,31,66,decode,642,"[1, 1]",1
1,0,0,21,"[1, 1, 4096]","[1, 1, 4096]",,,644,0,643,decode,643,"[1, 1]",1
1,0,0,21,"[1, 1, 4096]","[1, 1, 4096]",,,644,1,643,decode,643,"[1, 1]",1
1,0,0,21,"[1, 1, 4096]","[1, 1, 4096]",,,644,2,643,decode,643,"[1, 1]",1
1,0,0,21,"[1, 1, 4096]","[1, 1, 4096]",,,644,3,643,decode,643,"[1, 1]",1
1,0,0,21,"[1, 1, 4096]","[1, 1, 4096]",,,644,4,643,decode,643,"[1, 1]",1
1,0,0,21,"[1, 1, 4096]","[1, 1, 4096]",,,644,5,643,decode,643,"[1, 1]",1
1,0,0,21,"[1, 1, 4096]","[1, 1, 4096]",,,644,6,643,decode,643,"[1, 1]",1
1,0,0,21,"[1, 1, 4096]","[1, 1, 4096]",,,644,7,643,decode,643,"[1, 1]",1
1,0,0,21,"[1, 1, 4096]","[1, 1, 4096]",,,644,8,643,decode,643,"[1, 1]",1
1,0,0,21,"[1, 1, 4096]","[1, 1, 4096]",,,644,9,643,decode,643,"[1, 1]",1
1,0,0,21,"[1, 1, 4096]","[1, 1, 4096]",,,644,10,643,decode,643,"[1, 1]",1
1,0,0,21,"[1, 1, 4096]","[1, 1, 4096]",,,644,11,643,decode,643,"[1, 1]",1
1,0,0,21,"[1, 1, 4096]","[1, 1, 4096]",,,644,12,643,decode,643,"[1, 1]",1
1,0,0,21,"[1, 1, 4096]","[1, 1, 4096]",,,644,13,643,decode,643,"[1, 1]",1
1,0,0,21,"[1, 1, 4096]","[1, 1, 4096]",,,644,14,643,decode,643,"[1, 1]",1
1,0,0,21,"[1, 1, 4096]","[1, 1, 4096]",,,644,15,643,decode,643,"[1, 1]",1
1,0,0,21,"[1, 1, 4096]","[1, 1, 4096]",,,644,16,643,decode,643,"[1, 1]",1
1,0,0,21,"[1, 1, 4096]","[1, 1, 4096]",,,644,17,643,decode,643,"[1, 1]",1
1,0,0,21,"[1, 1, 4096]","[1, 1, 4096]",,,644,18,643,decode,643,"[1, 1]",1
1,0,0,21,"[1, 1, 4096]","[1, 1, 4096]",,,78,19,77,decode,643,"[1, 1]",1
1,0,0,21,"[1, 1, 4096]","[1, 1, 4096]",,,78,20,77,decode,643,"[1, 1]",1
1,0,0,21,"[1, 1, 4096]","[1, 1, 4096]",,,78,21,77,decode,643,"[1, 1]",1
1,0,0,21,"[1, 1, 4096]","[1, 1, 4096]",,,78,22,77,decode,643,"[1, 1]",1
1,0,0,21,"[1, 1, 4096]","[1, 1, 4096]",,,78,23,77,decode,643,"[1, 1]",1
1,0,0,21,"[1, 1, 4096]","[1, 1, 4096]",,,78,24,77,decode,643,"[1, 1]",1
1,0,0,21,"[1, 1, 4096]","[1, 1, 4096]",,,78,25,77,decode,643,"[1, 1]",1
1,0,0,21,"[1, 1, 4096]","[1, 1, 4096]",,,78,26,77,decode,643,"[1, 1]",1
1,0,0,21,"[1, 1, 4096]","[1, 1, 4096]",,,78,27,77,decode,643,"[1, 1]",1
1,0,0,21,"[1, 1, 4096]","[1, 1, 4096]",,,68,28,67,decode,643,"[1, 1]",1
1,0,0,21,"[1, 1, 4096]","[1, 1, 4096]",,,68,29,67,decode,643,"[1, 1]",1
1,0,0,21,"[1, 1, 4096]","[1, 1, 4096]",,,68,30,67,decode,643,"[1, 1]",1
1,0,0,21,"[1, 1, 4096]","[1, 1, 4096]",,,68,31,67,decode,643,"[1, 1]",1
1,0,0,22,"[1, 1, 4096]","[1, 1, 4096]",,,645,0,644,decode,644,"[1, 1]",1
1,0,0,22,"[1, 1, 4096]","[1, 1, 4096]",,,645,1,644,decode,644,"[1, 1]",1
1,0,0,22,"[1, 1, 4096]","[1, 1, 4096]",,,645,2,644,decode,644,"[1, 1]",1
1,0,0,22,"[1, 1, 4096]","[1, 1, 4096]",,,645,3,644,decode,644,"[1, 1]",1
1,0,0,22,"[1, 1, 4096]","[1, 1, 4096]",,,645,4,644,decode,644,"[1, 1]",1
1,0,0,22,"[1, 1, 4096]","[1, 1, 4096]",,,645,5,644,decode,644,"[1, 1]",1
1,0,0,22,"[1, 1, 4096]","[1, 1, 4096]",,,645,6,644,decode,644,"[1, 1]",1
1,0,0,22,"[1, 1, 4096]","[1, 1, 4096]",,,645,7,644,decode,644,"[1, 1]",1
1,0,0,22,"[1, 1, 4096]","[1, 1, 4096]",,,645,8,644,decode,644,"[1, 1]",1
1,0,0,22,"[1, 1, 4096]","[1, 1, 4096]",,,645,9,644,decode,644,"[1, 1]",1
1,0,0,22,"[1, 1, 4096]","[1, 1, 4096]",,,645,10,644,decode,644,"[1, 1]",1
1,0,0,22,"[1, 1, 4096]","[1, 1, 4096]",,,645,11,644,decode,644,"[1, 1]",1
1,0,0,22,"[1, 1, 4096]","[1, 1, 4096]",,,645,12,644,decode,644,"[1, 1]",1
1,0,0,22,"[1, 1, 4096]","[1, 1, 4096]",,,645,13,644,decode,644,"[1, 1]",1
1,0,0,22,"[1, 1, 4096]","[1, 1, 4096]",,,645,14,644,decode,644,"[1, 1]",1
1,0,0,22,"[1, 1, 4096]","[1, 1, 4096]",,,645,15,644,decode,644,"[1, 1]",1
1,0,0,22,"[1, 1, 4096]","[1, 1, 4096]",,,645,16,644,decode,644,"[1, 1]",1
1,0,0,22,"[1, 1, 4096]","[1, 1, 4096]",,,645,17,644,decode,644,"[1, 1]",1
1,0,0,22,"[1, 1, 4096]","[1, 1, 4096]",,,645,18,644,decode,644,"[1, 1]",1
1,0,0,22,"[1, 1, 4096]","[1, 1, 4096]",,,79,19,78,decode,644,"[1, 1]",1
1,0,0,22,"[1, 1, 4096]","[1, 1, 4096]",,,79,20,78,decode,644,"[1, 1]",1
1,0,0,22,"[1, 1, 4096]","[1, 1, 4096]",,,79,21,78,decode,644,"[1, 1]",1
1,0,0,22,"[1, 1, 4096]","[1, 1, 4096]",,,79,22,78,decode,644,"[1, 1]",1
1,0,0,22,"[1, 1, 4096]","[1, 1, 4096]",,,79,23,78,decode,644,"[1, 1]",1
1,0,0,22,"[1, 1, 4096]","[1, 1, 4096]",,,79,24,78,decode,644,"[1, 1]",1
1,0,0,22,"[1, 1, 4096]","[1, 1, 4096]",,,79,25,78,decode,644,"[1, 1]",1
1,0,0,22,"[1, 1, 4096]","[1, 1, 4096]",,,79,26,78,decode,644,"[1, 1]",1
1,0,0,22,"[1, 1, 4096]","[1, 1, 4096]",,,79,27,78,decode,644,"[1, 1]",1
1,0,0,22,"[1, 1, 4096]","[1, 1, 4096]",,,69,28,68,decode,644,"[1, 1]",1
1,0,0,22,"[1, 1, 4096]","[1, 1, 4096]",,,69,29,68,decode,644,"[1, 1]",1
1,0,0,22,"[1, 1, 4096]","[1, 1, 4096]",,,69,30,68,decode,644,"[1, 1]",1
1,0,0,22,"[1, 1, 4096]","[1, 1, 4096]",,,69,31,68,decode,644,"[1, 1]",1
1,0,0,23,"[1, 1, 4096]","[1, 1, 4096]",,,646,0,645,decode,645,"[1, 1]",1
1,0,0,23,"[1, 1, 4096]","[1, 1, 4096]",,,646,1,645,decode,645,"[1, 1]",1
1,0,0,23,"[1, 1, 4096]","[1, 1, 4096]",,,646,2,645,decode,645,"[1, 1]",1
1,0,0,23,"[1, 1, 4096]","[1, 1, 4096]",,,646,3,645,decode,645,"[1, 1]",1
1,0,0,23,"[1, 1, 4096]","[1, 1, 4096]",,,646,4,645,decode,645,"[1, 1]",1
1,0,0,23,"[1, 1, 4096]","[1, 1, 4096]",,,646,5,645,decode,645,"[1, 1]",1
1,0,0,23,"[1, 1, 4096]","[1, 1, 4096]",,,646,6,645,decode,645,"[1, 1]",1
1,0,0,23,"[1, 1, 4096]","[1, 1, 4096]",,,646,7,645,decode,645,"[1, 1]",1
1,0,0,23,"[1, 1, 4096]","[1, 1, 4096]",,,646,8,645,decode,645,"[1, 1]",1
1,0,0,23,"[1, 1, 4096]","[1, 1, 4096]",,,646,9,645,decode,645,"[1, 1]",1
1,0,0,23,"[1, 1, 4096]","[1, 1, 4096]",,,646,10,645,decode,645,"[1, 1]",1
1,0,0,23,"[1, 1, 4096]","[1, 1, 4096]",,,646,11,645,decode,645,"[1, 1]",1
1,0,0,23,"[1, 1, 4096]","[1, 1, 4096]",,,646,12,645,decode,645,"[1, 1]",1
1,0,0,23,"[1, 1, 4096]","[1, 1, 4096]",,,646,13,645,decode,645,"[1, 1]",1
1,0,0,23,"[1, 1, 4096]","[1, 1, 4096]",,,646,14,645,decode,645,"[1, 1]",1
1,0,0,23,"[1, 1, 4096]","[1, 1, 4096]",,,646,15,645,decode,645,"[1, 1]",1
1,0,0,23,"[1, 1, 4096]","[1, 1, 4096]",,,646,16,645,decode,645,"[1, 1]",1
1,0,0,23,"[1, 1, 4096]","[1, 1, 4096]",,,646,17,645,decode,645,"[1, 1]",1
1,0,0,23,"[1, 1, 4096]","[1, 1, 4096]",,,646,18,645,decode,645,"[1, 1]",1
1,0,0,23,"[1, 1, 4096]","[1, 1, 4096]",,,80,19,79,decode,645,"[1, 1]",1
1,0,0,23,"[1, 1, 4096]","[1, 1, 4096]",,,80,20,79,decode,645,"[1, 1]",1
1,0,0,23,"[1, 1, 4096]","[1, 1, 4096]",,,80,21,79,decode,645,"[1, 1]",1
1,0,0,23,"[1, 1, 4096]","[1, 1, 4096]",,,80,22,79,decode,645,"[1, 1]",1
1,0,0,23,"[1, 1, 4096]","[1, 1, 4096]",,,80,23,79,decode,645,"[1, 1]",1
1,0,0,23,"[1, 1, 4096]","[1, 1, 4096]",,,80,24,79,decode,645,"[1, 1]",1
1,0,0,23,"[1, 1, 4096]","[1, 1, 4096]",,,80,25,79,decode,645,"[1, 1]",1
1,0,0,23,"[1, 1, 4096]","[1, 1, 4096]",,,80,26,79,decode,645,"[1, 1]",1
1,0,0,23,"[1, 1, 4096]","[1, 1, 4096]",,,80,27,79,decode,645,"[1, 1]",1
1,0,0,23,"[1, 1, 4096]","[1, 1, 4096]",,,70,28,69,decode,645,"[1, 1]",1
1,0,0,23,"[1, 1, 4096]","[1, 1, 4096]",,,70,29,69,decode,645,"[1, 1]",1
1,0,0,23,"[1, 1, 4096]","[1, 1, 4096]",,,70,30,69,decode,645,"[1, 1]",1
1,0,0,23,"[1, 1, 4096]","[1, 1, 4096]",,,70,31,69,decode,645,"[1, 1]",1
1,0,0,24,"[1, 1, 4096]","[1, 1, 4096]",,,647,0,646,decode,646,"[1, 1]",1
1,0,0,24,"[1, 1, 4096]","[1, 1, 4096]",,,647,1,646,decode,646,"[1, 1]",1
1,0,0,24,"[1, 1, 4096]","[1, 1, 4096]",,,647,2,646,decode,646,"[1, 1]",1
1,0,0,24,"[1, 1, 4096]","[1, 1, 4096]",,,647,3,646,decode,646,"[1, 1]",1
1,0,0,24,"[1, 1, 4096]","[1, 1, 4096]",,,647,4,646,decode,646,"[1, 1]",1
1,0,0,24,"[1, 1, 4096]","[1, 1, 4096]",,,647,5,646,decode,646,"[1, 1]",1
1,0,0,24,"[1, 1, 4096]","[1, 1, 4096]",,,647,6,646,decode,646,"[1, 1]",1
1,0,0,24,"[1, 1, 4096]","[1, 1, 4096]",,,647,7,646,decode,646,"[1, 1]",1
1,0,0,24,"[1, 1, 4096]","[1, 1, 4096]",,,647,8,646,decode,646,"[1, 1]",1
1,0,0,24,"[1, 1, 4096]","[1, 1, 4096]",,,647,9,646,decode,646,"[1, 1]",1
1,0,0,24,"[1, 1, 4096]","[1, 1, 4096]",,,647,10,646,decode,646,"[1, 1]",1
1,0,0,24,"[1, 1, 4096]","[1, 1, 4096]",,,647,11,646,decode,646,"[1, 1]",1
1,0,0,24,"[1, 1, 4096]","[1, 1, 4096]",,,647,12,646,decode,646,"[1, 1]",1
1,0,0,24,"[1, 1, 4096]","[1, 1, 4096]",,,647,13,646,decode,646,"[1, 1]",1
1,0,0,24,"[1, 1, 4096]","[1, 1, 4096]",,,647,14,646,decode,646,"[1, 1]",1
1,0,0,24,"[1, 1, 4096]","[1, 1, 4096]",,,647,15,646,decode,646,"[1, 1]",1
1,0,0,24,"[1, 1, 4096]","[1, 1, 4096]",,,647,16,646,decode,646,"[1, 1]",1
1,0,0,24,"[1, 1, 4096]","[1, 1, 4096]",,,647,17,646,decode,646,"[1, 1]",1
1,0,0,24,"[1, 1, 4096]","[1, 1, 4096]",,,647,18,646,decode,646,"[1, 1]",1
1,0,0,24,"[1, 1, 4096]","[1, 1, 4096]",,,81,19,80,decode,646,"[1, 1]",1
1,0,0,24,"[1, 1, 4096]","[1, 1, 4096]",,,81,20,80,decode,646,"[1, 1]",1
1,0,0,24,"[1, 1, 4096]","[1, 1, 4096]",,,81,21,80,decode,646,"[1, 1]",1
1,0,0,24,"[1, 1, 4096]","[1, 1, 4096]",,,81,22,80,decode,646,"[1, 1]",1
1,0,0,24,"[1, 1, 4096]","[1, 1, 4096]",,,81,23,80,decode,646,"[1, 1]",1
1,0,0,24,"[1, 1, 4096]","[1, 1, 4096]",,,81,24,80,decode,646,"[1, 1]",1
1,0,0,24,"[1, 1, 4096]","[1, 1, 4096]",,,81,25,80,decode,646,"[1, 1]",1
1,0,0,24,"[1, 1, 4096]","[1, 1, 4096]",,,81,26,80,decode,646,"[1, 1]",1
1,0,0,24,"[1, 1, 4096]","[1, 1, 4096]",,,81,27,80,decode,646,"[1, 1]",1
1,0,0,24,"[1, 1, 4096]","[1, 1, 4096]",,,71,28,70,decode,646,"[1, 1]",1
1,0,0,24,"[1, 1, 4096]","[1, 1, 4096]",,,71,29,70,decode,646,"[1, 1]",1
1,0,0,24,"[1, 1, 4096]","[1, 1, 4096]",,,71,30,70,decode,646,"[1, 1]",1
1,0,0,24,"[1, 1, 4096]","[1, 1, 4096]",,,71,31,70,decode,646,"[1, 1]",1
1,0,0,25,"[1, 1, 4096]","[1, 1, 4096]",,,648,0,647,decode,647,"[1, 1]",1
1,0,0,25,"[1, 1, 4096]","[1, 1, 4096]",,,648,1,647,decode,647,"[1, 1]",1
1,0,0,25,"[1, 1, 4096]","[1, 1, 4096]",,,648,2,647,decode,647,"[1, 1]",1
1,0,0,25,"[1, 1, 4096]","[1, 1, 4096]",,,648,3,647,decode,647,"[1, 1]",1
1,0,0,25,"[1, 1, 4096]","[1, 1, 4096]",,,648,4,647,decode,647,"[1, 1]",1
1,0,0,25,"[1, 1, 4096]","[1, 1, 4096]",,,648,5,647,decode,647,"[1, 1]",1
1,0,0,25,"[1, 1, 4096]","[1, 1, 4096]",,,648,6,647,decode,647,"[1, 1]",1
1,0,0,25,"[1, 1, 4096]","[1, 1, 4096]",,,648,7,647,decode,647,"[1, 1]",1
1,0,0,25,"[1, 1, 4096]","[1, 1, 4096]",,,648,8,647,decode,647,"[1, 1]",1
1,0,0,25,"[1, 1, 4096]","[1, 1, 4096]",,,648,9,647,decode,647,"[1, 1]",1
1,0,0,25,"[1, 1, 4096]","[1, 1, 4096]",,,648,10,647,decode,647,"[1, 1]",1
1,0,0,25,"[1, 1, 4096]","[1, 1, 4096]",,,648,11,647,decode,647,"[1, 1]",1
1,0,0,25,"[1, 1, 4096]","[1, 1, 4096]",,,648,12,647,decode,647,"[1, 1]",1
1,0,0,25,"[1, 1, 4096]","[1, 1, 4096]",,,648,13,647,decode,647,"[1, 1]",1
1,0,0,25,"[1, 1, 4096]","[1, 1, 4096]",,,648,14,647,decode,647,"[1, 1]",1
1,0,0,25,"[1, 1, 4096]","[1, 1, 4096]",,,648,15,647,decode,647,"[1, 1]",1
1,0,0,25,"[1, 1, 4096]","[1, 1, 4096]",,,648,16,647,decode,647,"[1, 1]",1
1,0,0,25,"[1, 1, 4096]","[1, 1, 4096]",,,648,17,647,decode,647,"[1, 1]",1
1,0,0,25,"[1, 1, 4096]","[1, 1, 4096]",,,648,18,647,decode,647,"[1, 1]",1
1,0,0,25,"[1, 1, 4096]","[1, 1, 4096]",,,82,19,81,decode,647,"[1, 1]",1
1,0,0,25,"[1, 1, 4096]","[1, 1, 4096]",,,82,20,81,decode,647,"[1, 1]",1
1,0,0,25,"[1, 1, 4096]","[1, 1, 4096]",,,82,21,81,decode,647,"[1, 1]",1
1,0,0,25,"[1, 1, 4096]","[1, 1, 4096]",,,82,22,81,decode,647,"[1, 1]",1
1,0,0,25,"[1, 1, 4096]","[1, 1, 4096]",,,82,23,81,decode,647,"[1, 1]",1
1,0,0,25,"[1, 1, 4096]","[1, 1, 4096]",,,82,24,81,decode,647,"[1, 1]",1
1,0,0,25,"[1, 1, 4096]","[1, 1, 4096]",,,82,25,81,decode,647,"[1, 1]",1
1,0,0,25,"[1, 1, 4096]","[1, 1, 4096]",,,82,26,81,decode,647,"[1, 1]",1
1,0,0,25,"[1, 1, 4096]","[1, 1, 4096]",,,82,27,81,decode,647,"[1, 1]",1
1,0,0,25,"[1, 1, 4096]","[1, 1, 4096]",,,72,28,71,decode,647,"[1, 1]",1
1,0,0,25,"[1, 1, 4096]","[1, 1, 4096]",,,72,29,71,decode,647,"[1, 1]",1
1,0,0,25,"[1, 1, 4096]","[1, 1, 4096]",,,72,30,71,decode,647,"[1, 1]",1
1,0,0,25,"[1, 1, 4096]","[1, 1, 4096]",,,72,31,71,decode,647,"[1, 1]",1
1,0,0,26,"[1, 1, 4096]","[1, 1, 4096]",,,649,0,648,decode,648,"[1, 1]",1
1,0,0,26,"[1, 1, 4096]","[1, 1, 4096]",,,649,1,648,decode,648,"[1, 1]",1
1,0,0,26,"[1, 1, 4096]","[1, 1, 4096]",,,649,2,648,decode,648,"[1, 1]",1
1,0,0,26,"[1, 1, 4096]","[1, 1, 4096]",,,649,3,648,decode,648,"[1, 1]",1
1,0,0,26,"[1, 1, 4096]","[1, 1, 4096]",,,649,4,648,decode,648,"[1, 1]",1
1,0,0,26,"[1, 1, 4096]","[1, 1, 4096]",,,649,5,648,decode,648,"[1, 1]",1
1,0,0,26,"[1, 1, 4096]","[1, 1, 4096]",,,649,6,648,decode,648,"[1, 1]",1
1,0,0,26,"[1, 1, 4096]","[1, 1, 4096]",,,649,7,648,decode,648,"[1, 1]",1
1,0,0,26,"[1, 1, 4096]","[1, 1, 4096]",,,649,8,648,decode,648,"[1, 1]",1
1,0,0,26,"[1, 1, 4096]","[1, 1, 4096]",,,649,9,648,decode,648,"[1, 1]",1
1,0,0,26,"[1, 1, 4096]","[1, 1, 4096]",,,649,10,648,decode,648,"[1, 1]",1
1,0,0,26,"[1, 1, 4096]","[1, 1, 4096]",,,649,11,648,decode,648,"[1, 1]",1
1,0,0,26,"[1, 1, 4096]","[1, 1, 4096]",,,649,12,648,decode,648,"[1, 1]",1
1,0,0,26,"[1, 1, 4096]","[1, 1, 4096]",,,649,13,648,decode,648,"[1, 1]",1
1,0,0,26,"[1, 1, 4096]","[1, 1, 4096]",,,649,14,648,decode,648,"[1, 1]",1
1,0,0,26,"[1, 1, 4096]","[1, 1, 4096]",,,649,15,648,decode,648,"[1, 1]",1
1,0,0,26,"[1, 1, 4096]","[1, 1, 4096]",,,649,16,648,decode,648,"[1, 1]",1
1,0,0,26,"[1, 1, 4096]","[1, 1, 4096]",,,649,17,648,decode,648,"[1, 1]",1
1,0,0,26,"[1, 1, 4096]","[1, 1, 4096]",,,649,18,648,decode,648,"[1, 1]",1
1,0,0,26,"[1, 1, 4096]","[1, 1, 4096]",,,83,19,82,decode,648,"[1, 1]",1
1,0,0,26,"[1, 1, 4096]","[1, 1, 4096]",,,83,20,82,decode,648,"[1, 1]",1
1,0,0,26,"[1, 1, 4096]","[1, 1, 4096]",,,83,21,82,decode,648,"[1, 1]",1
1,0,0,26,"[1, 1, 4096]","[1, 1, 4096]",,,83,22,82,decode,648,"[1, 1]",1
1,0,0,26,"[1, 1, 4096]","[1, 1, 4096]",,,83,23,82,decode,648,"[1, 1]",1
1,0,0,26,"[1, 1, 4096]","[1, 1, 4096]",,,83,24,82,decode,648,"[1, 1]",1
1,0,0,26,"[1, 1, 4096]","[1, 1, 4096]",,,83,25,82,decode,648,"[1, 1]",1
1,0,0,26,"[1, 1, 4096]","[1, 1, 4096]",,,83,26,82,decode,648,"[1, 1]",1
1,0,0,26,"[1, 1, 4096]","[1, 1, 4096]",,,83,27,82,decode,648,"[1, 1]",1
1,0,0,26,"[1, 1, 4096]","[1, 1, 4096]",,,73,28,72,decode,648,"[1, 1]",1
1,0,0,26,"[1, 1, 4096]","[1, 1, 4096]",,,73,29,72,decode,648,"[1, 1]",1
1,0,0,26,"[1, 1, 4096]","[1, 1, 4096]",,,73,30,72,decode,648,"[1, 1]",1
1,0,0,26,"[1, 1, 4096]","[1, 1, 4096]",,,73,31,72,decode,648,"[1, 1]",1
1,0,0,27,"[1, 1, 4096]","[1, 1, 4096]",,,650,0,649,decode,649,"[1, 1]",1
1,0,0,27,"[1, 1, 4096]","[1, 1, 4096]",,,650,1,649,decode,649,"[1, 1]",1
1,0,0,27,"[1, 1, 4096]","[1, 1, 4096]",,,650,2,649,decode,649,"[1, 1]",1
1,0,0,27,"[1, 1, 4096]","[1, 1, 4096]",,,650,3,649,decode,649,"[1, 1]",1
1,0,0,27,"[1, 1, 4096]","[1, 1, 4096]",,,650,4,649,decode,649,"[1, 1]",1
1,0,0,27,"[1, 1, 4096]","[1, 1, 4096]",,,650,5,649,decode,649,"[1, 1]",1
1,0,0,27,"[1, 1, 4096]","[1, 1, 4096]",,,650,6,649,decode,649,"[1, 1]",1
1,0,0,27,"[1, 1, 4096]","[1, 1, 4096]",,,650,7,649,decode,649,"[1, 1]",1
1,0,0,27,"[1, 1, 4096]","[1, 1, 4096]",,,650,8,649,decode,649,"[1, 1]",1
1,0,0,27,"[1, 1, 4096]","[1, 1, 4096]",,,650,9,649,decode,649,"[1, 1]",1
1,0,0,27,"[1, 1, 4096]","[1, 1, 4096]",,,650,10,649,decode,649,"[1, 1]",1
1,0,0,27,"[1, 1, 4096]","[1, 1, 4096]",,,650,11,649,decode,649,"[1, 1]",1
1,0,0,27,"[1, 1, 4096]","[1, 1, 4096]",,,650,12,649,decode,649,"[1, 1]",1
1,0,0,27,"[1, 1, 4096]","[1, 1, 4096]",,,650,13,649,decode,649,"[1, 1]",1
1,0,0,27,"[1, 1, 4096]","[1, 1, 4096]",,,650,14,649,decode,649,"[1, 1]",1
1,0,0,27,"[1, 1, 4096]","[1, 1, 4096]",,,650,15,649,decode,649,"[1, 1]",1
1,0,0,27,"[1, 1, 4096]","[1, 1, 4096]",,,650,16,649,decode,649,"[1, 1]",1
1,0,0,27,"[1, 1, 4096]","[1, 1, 4096]",,,650,17,649,decode,649,"[1, 1]",1
1,0,0,27,"[1, 1, 4096]","[1, 1, 4096]",,,650,18,649,decode,649,"[1, 1]",1
1,0,0,27,"[1, 1, 4096]","[1, 1, 4096]",,,84,19,83,decode,649,"[1, 1]",1
1,0,0,27,"[1, 1, 4096]","[1, 1, 4096]",,,84,20,83,decode,649,"[1, 1]",1
1,0,0,27,"[1, 1, 4096]","[1, 1, 4096]",,,84,21,83,decode,649,"[1, 1]",1
1,0,0,27,"[1, 1, 4096]","[1, 1, 4096]",,,84,22,83,decode,649,"[1, 1]",1
1,0,0,27,"[1, 1, 4096]","[1, 1, 4096]",,,84,23,83,decode,649,"[1, 1]",1
1,0,0,27,"[1, 1, 4096]","[1, 1, 4096]",,,84,24,83,decode,649,"[1, 1]",1
1,0,0,27,"[1, 1, 4096]","[1, 1, 4096]",,,84,25,83,decode,649,"[1, 1]",1
1,0,0,27,"[1, 1, 4096]","[1, 1, 4096]",,,84,26,83,decode,649,"[1, 1]",1
1,0,0,27,"[1, 1, 4096]","[1, 1, 4096]",,,84,27,83,decode,649,"[1, 1]",1
1,0,0,27,"[1, 1, 4096]","[1, 1, 4096]",,,74,28,73,decode,649,"[1, 1]",1
1,0,0,27,"[1, 1, 4096]","[1, 1, 4096]",,,74,29,73,decode,649,"[1, 1]",1
1,0,0,27,"[1, 1, 4096]","[1, 1, 4096]",,,74,30,73,decode,649,"[1, 1]",1
1,0,0,27,"[1, 1, 4096]","[1, 1, 4096]",,,74,31,73,decode,649,"[1, 1]",1
1,0,0,28,"[1, 1, 4096]","[1, 1, 4096]",,,651,0,650,decode,650,"[1, 1]",1
1,0,0,28,"[1, 1, 4096]","[1, 1, 4096]",,,651,1,650,decode,650,"[1, 1]",1
1,0,0,28,"[1, 1, 4096]","[1, 1, 4096]",,,651,2,650,decode,650,"[1, 1]",1
1,0,0,28,"[1, 1, 4096]","[1, 1, 4096]",,,651,3,650,decode,650,"[1, 1]",1
1,0,0,28,"[1, 1, 4096]","[1, 1, 4096]",,,651,4,650,decode,650,"[1, 1]",1
1,0,0,28,"[1, 1, 4096]","[1, 1, 4096]",,,651,5,650,decode,650,"[1, 1]",1
1,0,0,28,"[1, 1, 4096]","[1, 1, 4096]",,,651,6,650,decode,650,"[1, 1]",1
1,0,0,28,"[1, 1, 4096]","[1, 1, 4096]",,,651,7,650,decode,650,"[1, 1]",1
1,0,0,28,"[1, 1, 4096]","[1, 1, 4096]",,,651,8,650,decode,650,"[1, 1]",1
1,0,0,28,"[1, 1, 4096]","[1, 1, 4096]",,,651,9,650,decode,650,"[1, 1]",1
1,0,0,28,"[1, 1, 4096]","[1, 1, 4096]",,,651,10,650,decode,650,"[1, 1]",1
1,0,0,28,"[1, 1, 4096]","[1, 1, 4096]",,,651,11,650,decode,650,"[1, 1]",1
1,0,0,28,"[1, 1, 4096]","[1, 1, 4096]",,,651,12,650,decode,650,"[1, 1]",1
1,0,0,28,"[1, 1, 4096]","[1, 1, 4096]",,,651,13,650,decode,650,"[1, 1]",1
1,0,0,28,"[1, 1, 4096]","[1, 1, 4096]",,,651,14,650,decode,650,"[1, 1]",1
1,0,0,28,"[1, 1, 4096]","[1, 1, 4096]",,,651,15,650,decode,650,"[1, 1]",1
1,0,0,28,"[1, 1, 4096]","[1, 1, 4096]",,,651,16,650,decode,650,"[1, 1]",1
1,0,0,28,"[1, 1, 4096]","[1, 1, 4096]",,,651,17,650,decode,650,"[1, 1]",1
1,0,0,28,"[1, 1, 4096]","[1, 1, 4096]",,,651,18,650,decode,650,"[1, 1]",1
1,0,0,28,"[1, 1, 4096]","[1, 1, 4096]",,,85,19,84,decode,650,"[1, 1]",1
1,0,0,28,"[1, 1, 4096]","[1, 1, 4096]",,,85,20,84,decode,650,"[1, 1]",1
1,0,0,28,"[1, 1, 4096]","[1, 1, 4096]",,,85,21,84,decode,650,"[1, 1]",1
1,0,0,28,"[1, 1, 4096]","[1, 1, 4096]",,,85,22,84,decode,650,"[1, 1]",1
1,0,0,28,"[1, 1, 4096]","[1, 1, 4096]",,,85,23,84,decode,650,"[1, 1]",1
1,0,0,28,"[1, 1, 4096]","[1, 1, 4096]",,,85,24,84,decode,650,"[1, 1]",1
1,0,0,28,"[1, 1, 4096]","[1, 1, 4096]",,,85,25,84,decode,650,"[1, 1]",1
1,0,0,28,"[1, 1, 4096]","[1, 1, 4096]",,,85,26,84,decode,650,"[1, 1]",1
1,0,0,28,"[1, 1, 4096]","[1, 1, 4096]",,,85,27,84,decode,650,"[1, 1]",1
1,0,0,28,"[1, 1, 4096]","[1, 1, 4096]",,,75,28,74,decode,650,"[1, 1]",1
1,0,0,28,"[1, 1, 4096]","[1, 1, 4096]",,,75,29,74,decode,650,"[1, 1]",1
1,0,0,28,"[1, 1, 4096]","[1, 1, 4096]",,,75,30,74,decode,650,"[1, 1]",1
1,0,0,28,"[1, 1, 4096]","[1, 1, 4096]",,,75,31,74,decode,650,"[1, 1]",1
1,0,0,29,"[1, 1, 4096]","[1, 1, 4096]",,,652,0,651,decode,651,"[1, 1]",1
1,0,0,29,"[1, 1, 4096]","[1, 1, 4096]",,,652,1,651,decode,651,"[1, 1]",1
1,0,0,29,"[1, 1, 4096]","[1, 1, 4096]",,,652,2,651,decode,651,"[1, 1]",1
1,0,0,29,"[1, 1, 4096]","[1, 1, 4096]",,,652,3,651,decode,651,"[1, 1]",1
1,0,0,29,"[1, 1, 4096]","[1, 1, 4096]",,,652,4,651,decode,651,"[1, 1]",1
1,0,0,29,"[1, 1, 4096]","[1, 1, 4096]",,,652,5,651,decode,651,"[1, 1]",1
1,0,0,29,"[1, 1, 4096]","[1, 1, 4096]",,,652,6,651,decode,651,"[1, 1]",1
1,0,0,29,"[1, 1, 4096]","[1, 1, 4096]",,,652,7,651,decode,651,"[1, 1]",1
1,0,0,29,"[1, 1, 4096]","[1, 1, 4096]",,,652,8,651,decode,651,"[1, 1]",1
1,0,0,29,"[1, 1, 4096]","[1, 1, 4096]",,,652,9,651,decode,651,"[1, 1]",1
1,0,0,29,"[1, 1, 4096]","[1, 1, 4096]",,,652,10,651,decode,651,"[1, 1]",1
1,0,0,29,"[1, 1, 4096]","[1, 1, 4096]",,,652,11,651,decode,651,"[1, 1]",1
1,0,0,29,"[1, 1, 4096]","[1, 1, 4096]",,,652,12,651,decode,651,"[1, 1]",1
1,0,0,29,"[1, 1, 4096]","[1, 1, 4096]",,,652,13,651,decode,651,"[1, 1]",1
1,0,0,29,"[1, 1, 4096]","[1, 1, 4096]",,,652,14,651,decode,651,"[1, 1]",1
1,0,0,29,"[1, 1, 4096]","[1, 1, 4096]",,,652,15,651,decode,651,"[1, 1]",1
1,0,0,29,"[1, 1, 4096]","[1, 1, 4096]",,,652,16,651,decode,651,"[1, 1]",1
1,0,0,29,"[1, 1, 4096]","[1, 1, 4096]",,,652,17,651,decode,651,"[1, 1]",1
1,0,0,29,"[1, 1, 4096]","[1, 1, 4096]",,,652,18,651,decode,651,"[1, 1]",1
1,0,0,29,"[1, 1, 4096]","[1, 1, 4096]",,,86,19,85,decode,651,"[1, 1]",1
1,0,0,29,"[1, 1, 4096]","[1, 1, 4096]",,,86,20,85,decode,651,"[1, 1]",1
1,0,0,29,"[1, 1, 4096]","[1, 1, 4096]",,,86,21,85,decode,651,"[1, 1]",1
1,0,0,29,"[1, 1, 4096]","[1, 1, 4096]",,,86,22,85,decode,651,"[1, 1]",1
1,0,0,29,"[1, 1, 4096]","[1, 1, 4096]",,,86,23,85,decode,651,"[1, 1]",1
1,0,0,29,"[1, 1, 4096]","[1, 1, 4096]",,,86,24,85,decode,651,"[1, 1]",1
1,0,0,29,"[1, 1, 4096]","[1, 1, 4096]",,,86,25,85,decode,651,"[1, 1]",1
1,0,0,29,"[1, 1, 4096]","[1, 1, 4096]",,,86,26,85,decode,651,"[1, 1]",1
1,0,0,29,"[1, 1, 4096]","[1, 1, 4096]",,,86,27,85,decode,651,"[1, 1]",1
1,0,0,29,"[1, 1, 4096]","[1, 1, 4096]",,,76,28,75,decode,651,"[1, 1]",1
1,0,0,29,"[1, 1, 4096]","[1, 1, 4096]",,,76,29,75,decode,651,"[1, 1]",1
1,0,0,29,"[1, 1, 4096]","[1, 1, 4096]",,,76,30,75,decode,651,"[1, 1]",1
1,0,0,29,"[1, 1, 4096]","[1, 1, 4096]",,,76,31,75,decode,651,"[1, 1]",1
1,0,0,30,"[1, 1, 4096]","[1, 1, 4096]",,,653,0,652,decode,652,"[1, 1]",1
1,0,0,30,"[1, 1, 4096]","[1, 1, 4096]",,,653,1,652,decode,652,"[1, 1]",1
1,0,0,30,"[1, 1, 4096]","[1, 1, 4096]",,,653,2,652,decode,652,"[1, 1]",1
1,0,0,30,"[1, 1, 4096]","[1, 1, 4096]",,,653,3,652,decode,652,"[1, 1]",1
1,0,0,30,"[1, 1, 4096]","[1, 1, 4096]",,,653,4,652,decode,652,"[1, 1]",1
1,0,0,30,"[1, 1, 4096]","[1, 1, 4096]",,,653,5,652,decode,652,"[1, 1]",1
1,0,0,30,"[1, 1, 4096]","[1, 1, 4096]",,,653,6,652,decode,652,"[1, 1]",1
1,0,0,30,"[1, 1, 4096]","[1, 1, 4096]",,,653,7,652,decode,652,"[1, 1]",1
1,0,0,30,"[1, 1, 4096]","[1, 1, 4096]",,,653,8,652,decode,652,"[1, 1]",1
1,0,0,30,"[1, 1, 4096]","[1, 1, 4096]",,,653,9,652,decode,652,"[1, 1]",1
1,0,0,30,"[1, 1, 4096]","[1, 1, 4096]",,,653,10,652,decode,652,"[1, 1]",1
1,0,0,30,"[1, 1, 4096]","[1, 1, 4096]",,,653,11,652,decode,652,"[1, 1]",1
1,0,0,30,"[1, 1, 4096]","[1, 1, 4096]",,,653,12,652,decode,652,"[1, 1]",1
1,0,0,30,"[1, 1, 4096]","[1, 1, 4096]",,,653,13,652,decode,652,"[1, 1]",1
1,0,0,30,"[1, 1, 4096]","[1, 1, 4096]",,,653,14,652,decode,652,"[1, 1]",1
1,0,0,30,"[1, 1, 4096]","[1, 1, 4096]",,,653,15,652,decode,652,"[1, 1]",1
1,0,0,30,"[1, 1, 4096]","[1, 1, 4096]",,,653,16,652,decode,652,"[1, 1]",1
1,0,0,30,"[1, 1, 4096]","[1, 1, 4096]",,,653,17,652,decode,652,"[1, 1]",1
1,0,0,30,"[1, 1, 4096]","[1, 1, 4096]",,,653,18,652,decode,652,"[1, 1]",1
1,0,0,30,"[1, 1, 4096]","[1, 1, 4096]",,,87,19,86,decode,652,"[1, 1]",1
1,0,0,30,"[1, 1, 4096]","[1, 1, 4096]",,,87,20,86,decode,652,"[1, 1]",1
1,0,0,30,"[1, 1, 4096]","[1, 1, 4096]",,,87,21,86,decode,652,"[1, 1]",1
1,0,0,30,"[1, 1, 4096]","[1, 1, 4096]",,,87,22,86,decode,652,"[1, 1]",1
1,0,0,30,"[1, 1, 4096]","[1, 1, 4096]",,,87,23,86,decode,652,"[1, 1]",1
1,0,0,30,"[1, 1, 4096]","[1, 1, 4096]",,,87,24,86,decode,652,"[1, 1]",1
1,0,0,30,"[1, 1, 4096]","[1, 1, 4096]",,,87,25,86,decode,652,"[1, 1]",1
1,0,0,30,"[1, 1, 4096]","[1, 1, 4096]",,,87,26,86,decode,652,"[1, 1]",1
1,0,0,30,"[1, 1, 4096]","[1, 1, 4096]",,,87,27,86,decode,652,"[1, 1]",1
1,0,0,30,"[1, 1, 4096]","[1, 1, 4096]",,,77,28,76,decode,652,"[1, 1]",1
1,0,0,30,"[1, 1, 4096]","[1, 1, 4096]",,,77,29,76,decode,652,"[1, 1]",1
1,0,0,30,"[1, 1, 4096]","[1, 1, 4096]",,,77,30,76,decode,652,"[1, 1]",1
1,0,0,30,"[1, 1, 4096]","[1, 1, 4096]",,,77,31,76,decode,652,"[1, 1]",1
1,0,0,31,"[1, 1, 4096]","[1, 1, 4096]",,,654,0,653,decode,653,"[1, 1]",1
1,0,0,31,"[1, 1, 4096]","[1, 1, 4096]",,,654,1,653,decode,653,"[1, 1]",1
1,0,0,31,"[1, 1, 4096]","[1, 1, 4096]",,,654,2,653,decode,653,"[1, 1]",1
1,0,0,31,"[1, 1, 4096]","[1, 1, 4096]",,,654,3,653,decode,653,"[1, 1]",1
1,0,0,31,"[1, 1, 4096]","[1, 1, 4096]",,,654,4,653,decode,653,"[1, 1]",1
1,0,0,31,"[1, 1, 4096]","[1, 1, 4096]",,,654,5,653,decode,653,"[1, 1]",1
1,0,0,31,"[1, 1, 4096]","[1, 1, 4096]",,,654,6,653,decode,653,"[1, 1]",1
1,0,0,31,"[1, 1, 4096]","[1, 1, 4096]",,,654,7,653,decode,653,"[1, 1]",1
1,0,0,31,"[1, 1, 4096]","[1, 1, 4096]",,,654,8,653,decode,653,"[1, 1]",1
1,0,0,31,"[1, 1, 4096]","[1, 1, 4096]",,,654,9,653,decode,653,"[1, 1]",1
1,0,0,31,"[1, 1, 4096]","[1, 1, 4096]",,,654,10,653,decode,653,"[1, 1]",1
1,0,0,31,"[1, 1, 4096]","[1, 1, 4096]",,,654,11,653,decode,653,"[1, 1]",1
1,0,0,31,"[1, 1, 4096]","[1, 1, 4096]",,,654,12,653,decode,653,"[1, 1]",1
1,0,0,31,"[1, 1, 4096]","[1, 1, 4096]",,,654,13,653,decode,653,"[1, 1]",1
1,0,0,31,"[1, 1, 4096]","[1, 1, 4096]",,,654,14,653,decode,653,"[1, 1]",1
1,0,0,31,"[1, 1, 4096]","[1, 1, 4096]",,,654,15,653,decode,653,"[1, 1]",1
1,0,0,31,"[1, 1, 4096]","[1, 1, 4096]",,,654,16,653,decode,653,"[1, 1]",1
1,0,0,31,"[1, 1, 4096]","[1, 1, 4096]",,,654,17,653,decode,653,"[1, 1]",1
1,0,0,31,"[1, 1, 4096]","[1, 1, 4096]",,,654,18,653,decode,653,"[1, 1]",1
1,0,0,31,"[1, 1, 4096]","[1, 1, 4096]",,,88,19,87,decode,653,"[1, 1]",1
1,0,0,31,"[1, 1, 4096]","[1, 1, 4096]",,,88,20,87,decode,653,"[1, 1]",1
1,0,0,31,"[1, 1, 4096]","[1, 1, 4096]",,,88,21,87,decode,653,"[1, 1]",1
1,0,0,31,"[1, 1, 4096]","[1, 1, 4096]",,,88,22,87,decode,653,"[1, 1]",1
1,0,0,31,"[1, 1, 4096]","[1, 1, 4096]",,,88,23,87,decode,653,"[1, 1]",1
1,0,0,31,"[1, 1, 4096]","[1, 1, 4096]",,,88,24,87,decode,653,"[1, 1]",1
1,0,0,31,"[1, 1, 4096]","[1, 1, 4096]",,,88,25,87,decode,653,"[1, 1]",1
1,0,0,31,"[1, 1, 4096]","[1, 1, 4096]",,,88,26,87,decode,653,"[1, 1]",1
1,0,0,31,"[1, 1, 4096]","[1, 1, 4096]",,,88,27,87,decode,653,"[1, 1]",1
1,0,0,31,"[1, 1, 4096]","[1, 1, 4096]",,,78,28,77,decode,653,"[1, 1]",1
1,0,0,31,"[1, 1, 4096]","[1, 1, 4096]",,,78,29,77,decode,653,"[1, 1]",1
1,0,0,31,"[1, 1, 4096]","[1, 1, 4096]",,,78,30,77,decode,653,"[1, 1]",1
1,0,0,31,"[1, 1, 4096]","[1, 1, 4096]",,,78,31,77,decode,653,"[1, 1]",1
1,0,0,32,"[1, 1, 4096]","[1, 1, 4096]",,,655,0,654,decode,654,"[1, 1]",1
1,0,0,32,"[1, 1, 4096]","[1, 1, 4096]",,,655,1,654,decode,654,"[1, 1]",1
1,0,0,32,"[1, 1, 4096]","[1, 1, 4096]",,,655,2,654,decode,654,"[1, 1]",1
1,0,0,32,"[1, 1, 4096]","[1, 1, 4096]",,,655,3,654,decode,654,"[1, 1]",1
1,0,0,32,"[1, 1, 4096]","[1, 1, 4096]",,,655,4,654,decode,654,"[1, 1]",1
1,0,0,32,"[1, 1, 4096]","[1, 1, 4096]",,,655,5,654,decode,654,"[1, 1]",1
1,0,0,32,"[1, 1, 4096]","[1, 1, 4096]",,,655,6,654,decode,654,"[1, 1]",1
1,0,0,32,"[1, 1, 4096]","[1, 1, 4096]",,,655,7,654,decode,654,"[1, 1]",1
1,0,0,32,"[1, 1, 4096]","[1, 1, 4096]",,,655,8,654,decode,654,"[1, 1]",1
1,0,0,32,"[1, 1, 4096]","[1, 1, 4096]",,,655,9,654,decode,654,"[1, 1]",1
1,0,0,32,"[1, 1, 4096]","[1, 1, 4096]",,,655,10,654,decode,654,"[1, 1]",1
1,0,0,32,"[1, 1, 4096]","[1, 1, 4096]",,,655,11,654,decode,654,"[1, 1]",1
1,0,0,32,"[1, 1, 4096]","[1, 1, 4096]",,,655,12,654,decode,654,"[1, 1]",1
1,0,0,32,"[1, 1, 4096]","[1, 1, 4096]",,,655,13,654,decode,654,"[1, 1]",1
1,0,0,32,"[1, 1, 4096]","[1, 1, 4096]",,,655,14,654,decode,654,"[1, 1]",1
1,0,0,32,"[1, 1, 4096]","[1, 1, 4096]",,,655,15,654,decode,654,"[1, 1]",1
1,0,0,32,"[1, 1, 4096]","[1, 1, 4096]",,,655,16,654,decode,654,"[1, 1]",1
1,0,0,32,"[1, 1, 4096]","[1, 1, 4096]",,,655,17,654,decode,654,"[1, 1]",1
1,0,0,32,"[1, 1, 4096]","[1, 1, 4096]",,,655,18,654,decode,654,"[1, 1]",1
1,0,0,32,"[1, 1, 4096]","[1, 1, 4096]",,,89,19,88,decode,654,"[1, 1]",1
1,0,0,32,"[1, 1, 4096]","[1, 1, 4096]",,,89,20,88,decode,654,"[1, 1]",1
1,0,0,32,"[1, 1, 4096]","[1, 1, 4096]",,,89,21,88,decode,654,"[1, 1]",1
1,0,0,32,"[1, 1, 4096]","[1, 1, 4096]",,,89,22,88,decode,654,"[1, 1]",1
1,0,0,32,"[1, 1, 4096]","[1, 1, 4096]",,,89,23,88,decode,654,"[1, 1]",1
1,0,0,32,"[1, 1, 4096]","[1, 1, 4096]",,,89,24,88,decode,654,"[1, 1]",1
1,0,0,32,"[1, 1, 4096]","[1, 1, 4096]",,,89,25,88,decode,654,"[1, 1]",1
1,0,0,32,"[1, 1, 4096]","[1, 1, 4096]",,,89,26,88,decode,654,"[1, 1]",1
1,0,0,32,"[1, 1, 4096]","[1, 1, 4096]",,,89,27,88,decode,654,"[1, 1]",1
1,0,0,32,"[1, 1, 4096]","[1, 1, 4096]",,,79,28,78,decode,654,"[1, 1]",1
1,0,0,32,"[1, 1, 4096]","[1, 1, 4096]",,,79,29,78,decode,654,"[1, 1]",1
1,0,0,32,"[1, 1, 4096]","[1, 1, 4096]",,,79,30,78,decode,654,"[1, 1]",1
1,0,0,32,"[1, 1, 4096]","[1, 1, 4096]",,,79,31,78,decode,654,"[1, 1]",1
