args,event_id,kv_len,kwargs,op_name,op_schema,outputs,past_len,q_len,token_state
"[{""type"":""Tensor"",""shape"":[1,48,4096],""dtype"":""float16"",""device"":""cuda:0"",""requires_grad"":false},""dtype""]",input1_layer28,48,{},to.dtype,"aten::to.dtype(Tensor(a) self, ScalarType dtype, bool non_blocking=False, bool copy=False, MemoryFormat? memory_format=None) -> Tensor(a)","{""type"":""Tensor"",""shape"":[1,48,4096],""dtype"":""float32"",""device"":""cuda:0"",""requires_grad"":false}",0,48,deep_removed
"[{""type"":""Tensor"",""shape"":[1,48,4096],""dtype"":""float32"",""device"":""cuda:0"",""requires_grad"":false},2]",input1_layer28,48,{},pow.Tensor_Scalar,"aten::pow.Tensor_Scalar(Tensor self, Scalar exponent) -> Tensor","{""type"":""Tensor"",""shape"":[1,48,4096],""dtype"":""float32"",""device"":""cuda:0"",""requires_grad"":false}",0,48,deep_removed
"[{""type"":""Tensor"",""shape"":[1,48,4096],""dtype"":""float32"",""device"":""cuda:0"",""requires_grad"":false},[-1],true]",input1_layer28,48,{},mean.dim,"aten::mean.dim(Tensor self, int[1]? dim, bool keepdim=False, *, ScalarType? dtype=None) -> Tensor","{""type"":""Tensor"",""shape"":[1,48,1],""dtype"":""float32"",""device"":""cuda:0"",""requires_grad"":false}",0,48,deep_removed
"[{""type"":""Tensor"",""shape"":[1,48,1],""dtype"":""float32"",""device"":""cuda:0"",""requires_grad"":false},1e-05]",input1_layer28,48,{},add.Tensor,"aten::add.Tensor(Tensor self, Tensor other, *, Scalar alpha=1) -> Tensor","{""type"":""Tensor"",""shape"":[1,48,1],""dtype"":""float32"",""device"":""cuda:0"",""requires_grad"":false}",0,48,deep_removed
"[{""type"":""Tensor"",""shape"":[1,48,1],""dtype"":""float32"",""device"":""cuda:0"",""requires_grad"":false}]",input1_layer28,48,{},rsqrt.default,aten::rsqrt(Tensor self) -> Tensor,"{""type"":""Tensor"",""shape"":[1,48,1],""dtype"":""float32"",""device"":""cuda:0"",""requires_grad"":false}",0,48,deep_removed
"[{""type"":""Tensor"",""shape"":[1,48,4096],""dtype"":""float32"",""device"":""cuda:0"",""requires_grad"":false},{""type"":""Tensor"",""shape"":[1,48,1],""dtype"":""float32"",""device"":""cuda:0"",""requires_grad"":false}]",input1_layer28,48,{},mul.Tensor,"aten::mul.Tensor(Tensor self, Tensor other) -> Tensor","{""type"":""Tensor"",""shape"":[1,48,4096],""dtype"":""float32"",""device"":""cuda:0"",""requires_grad"":false}",0,48,deep_removed
"[{""type"":""Tensor"",""shape"":[1,48,4096],""dtype"":""float32"",""device"":""cuda:0"",""requires_grad"":false},""dtype""]",input1_layer28,48,{},to.dtype,"aten::to.dtype(Tensor(a) self, ScalarType dtype, bool non_blocking=False, bool copy=False, MemoryFormat? memory_format=None) -> Tensor(a)","{""type"":""Tensor"",""shape"":[1,48,4096],""dtype"":""float16"",""device"":""cuda:0"",""requires_grad"":false}",0,48,deep_removed
"[{""type"":""Tensor"",""shape"":[4096],""dtype"":""float16"",""device"":""cuda:0"",""requires_grad"":true},{""type"":""Tensor"",""shape"":[1,48,4096],""dtype"":""float16"",""device"":""cuda:0"",""requires_grad"":false}]",input1_layer28,48,{},mul.Tensor,"aten::mul.Tensor(Tensor self, Tensor other) -> Tensor","{""type"":""Tensor"",""shape"":[1,48,4096],""dtype"":""float16"",""device"":""cuda:0"",""requires_grad"":false}",0,48,deep_removed
"[{""type"":""Tensor"",""shape"":[1,48,4096],""dtype"":""float16"",""device"":""cuda:0"",""requires_grad"":false},{""type"":""Tensor"",""shape"":[4096,4096],""dtype"":""float16"",""device"":""cuda:0"",""requires_grad"":true}]",input1_layer28,48,{},linear.default,"aten::linear(Tensor input, Tensor weight, Tensor? bias=None) -> Tensor","{""type"":""Tensor"",""shape"":[1,48,4096],""dtype"":""float16"",""device"":""cuda:0"",""requires_grad"":false}",0,48,deep_removed
"[{""type"":""Tensor"",""shape"":[1,48,4096],""dtype"":""float16"",""device"":""cuda:0"",""requires_grad"":false},{""type"":""Tensor"",""shape"":[4096,4096],""dtype"":""float16"",""device"":""cuda:0"",""requires_grad"":true}]",input1_layer28,48,{},linear.default,"aten::linear(Tensor input, Tensor weight, Tensor? bias=None) -> Tensor","{""type"":""Tensor"",""shape"":[1,48,4096],""dtype"":""float16"",""device"":""cuda:0"",""requires_grad"":false}",0,48,deep_removed
"[{""type"":""Tensor"",""shape"":[1,48,4096],""dtype"":""float16"",""device"":""cuda:0"",""requires_grad"":false},{""type"":""Tensor"",""shape"":[4096,4096],""dtype"":""float16"",""device"":""cuda:0"",""requires_grad"":true}]",input1_layer28,48,{},linear.default,"aten::linear(Tensor input, Tensor weight, Tensor? bias=None) -> Tensor","{""type"":""Tensor"",""shape"":[1,48,4096],""dtype"":""float16"",""device"":""cuda:0"",""requires_grad"":false}",0,48,deep_removed
"[{""type"":""Tensor"",""shape"":[1,48,4096],""dtype"":""float16"",""device"":""cuda:0"",""requires_grad"":false},[1,48,32,128]]",input1_layer28,48,{},view.default,"aten::view(Tensor(a) self, SymInt[] size) -> Tensor(a)","{""type"":""Tensor"",""shape"":[1,48,32,128],""dtype"":""float16"",""device"":""cuda:0"",""requires_grad"":false}",0,48,deep_removed
"[{""type"":""Tensor"",""shape"":[1,48,32,128],""dtype"":""float16"",""device"":""cuda:0"",""requires_grad"":false},1,2]",input1_layer28,48,{},transpose.int,"aten::transpose.int(Tensor(a) self, int dim0, int dim1) -> Tensor(a)","{""type"":""Tensor"",""shape"":[1,32,48,128],""dtype"":""float16"",""device"":""cuda:0"",""requires_grad"":false}",0,48,deep_removed
"[{""type"":""Tensor"",""shape"":[1,48,4096],""dtype"":""float16"",""device"":""cuda:0"",""requires_grad"":false},[1,48,32,128]]",input1_layer28,48,{},view.default,"aten::view(Tensor(a) self, SymInt[] size) -> Tensor(a)","{""type"":""Tensor"",""shape"":[1,48,32,128],""dtype"":""float16"",""device"":""cuda:0"",""requires_grad"":false}",0,48,deep_removed
"[{""type"":""Tensor"",""shape"":[1,48,32,128],""dtype"":""float16"",""device"":""cuda:0"",""requires_grad"":false},1,2]",input1_layer28,48,{},transpose.int,"aten::transpose.int(Tensor(a) self, int dim0, int dim1) -> Tensor(a)","{""type"":""Tensor"",""shape"":[1,32,48,128],""dtype"":""float16"",""device"":""cuda:0"",""requires_grad"":false}",0,48,deep_removed
"[{""type"":""Tensor"",""shape"":[1,48,4096],""dtype"":""float16"",""device"":""cuda:0"",""requires_grad"":false},[1,48,32,128]]",input1_layer28,48,{},view.default,"aten::view(Tensor(a) self, SymInt[] size) -> Tensor(a)","{""type"":""Tensor"",""shape"":[1,48,32,128],""dtype"":""float16"",""device"":""cuda:0"",""requires_grad"":false}",0,48,deep_removed
"[{""type"":""Tensor"",""shape"":[1,48,32,128],""dtype"":""float16"",""device"":""cuda:0"",""requires_grad"":false},1,2]",input1_layer28,48,{},transpose.int,"aten::transpose.int(Tensor(a) self, int dim0, int dim1) -> Tensor(a)","{""type"":""Tensor"",""shape"":[1,32,48,128],""dtype"":""float16"",""device"":""cuda:0"",""requires_grad"":false}",0,48,deep_removed
"[{""type"":""Tensor"",""shape"":[1,48],""dtype"":""int64"",""device"":""cuda:0"",""requires_grad"":false},0,0]",input1_layer28,48,{},select.int,"aten::select.int(Tensor(a) self, int dim, SymInt index) -> Tensor(a)","{""type"":""Tensor"",""shape"":[48],""dtype"":""int64"",""device"":""cuda:0"",""requires_grad"":false}",0,48,deep_removed
"[{""type"":""Tensor"",""shape"":[48],""dtype"":""int64"",""device"":""cuda:0"",""requires_grad"":false},0,-1]",input1_layer28,48,{},select.int,"aten::select.int(Tensor(a) self, int dim, SymInt index) -> Tensor(a)","{""type"":""Tensor"",""shape"":[],""dtype"":""int64"",""device"":""cuda:0"",""requires_grad"":false}",0,48,deep_removed
"[{""type"":""Tensor"",""shape"":[],""dtype"":""int64"",""device"":""cuda:0"",""requires_grad"":false},1]",input1_layer28,48,{},add.Tensor,"aten::add.Tensor(Tensor self, Tensor other, *, Scalar alpha=1) -> Tensor","{""type"":""Tensor"",""shape"":[],""dtype"":""int64"",""device"":""cuda:0"",""requires_grad"":false}",0,48,deep_removed
"[{""type"":""Tensor"",""shape"":[],""dtype"":""int64"",""device"":""cuda:0"",""requires_grad"":false},4096]",input1_layer28,48,{},gt.Scalar,"aten::gt.Scalar(Tensor self, Scalar other) -> Tensor","{""type"":""Tensor"",""shape"":[],""dtype"":""bool"",""device"":""cuda:0"",""requires_grad"":false}",0,48,deep_removed
"[{""type"":""Tensor"",""shape"":[],""dtype"":""bool"",""device"":""cuda:0"",""requires_grad"":false}]",input1_layer28,48,{},is_nonzero.default,aten::is_nonzero(Tensor self) -> bool,false,0,48,deep_removed
"[{""type"":""Tensor"",""shape"":[],""dtype"":""int64"",""device"":""cuda:0"",""requires_grad"":false}]",input1_layer28,48,{},item.default,aten::item(Tensor self) -> Scalar,624,0,48,deep_removed
"[{""type"":""Tensor"",""shape"":[4096,128],""dtype"":""float16"",""device"":""cuda:0"",""requires_grad"":false},0,0,624]",input1_layer28,48,{},slice.Tensor,"aten::slice.Tensor(Tensor(a) self, int dim=0, SymInt? start=None, SymInt? end=None, SymInt step=1) -> Tensor(a)","{""type"":""Tensor"",""shape"":[624,128],""dtype"":""float16"",""device"":""cuda:0"",""requires_grad"":false}",0,48,deep_removed
"[{""type"":""Tensor"",""shape"":[624,128],""dtype"":""float16"",""device"":""cuda:0"",""requires_grad"":false},""dtype""]",input1_layer28,48,{},to.dtype,"aten::to.dtype(Tensor(a) self, ScalarType dtype, bool non_blocking=False, bool copy=False, MemoryFormat? memory_format=None) -> Tensor(a)","{""type"":""Tensor"",""shape"":[624,128],""dtype"":""float16"",""device"":""cuda:0"",""requires_grad"":false}",0,48,deep_removed
"[{""type"":""Tensor"",""shape"":[],""dtype"":""int64"",""device"":""cuda:0"",""requires_grad"":false}]",input1_layer28,48,{},item.default,aten::item(Tensor self) -> Scalar,624,0,48,deep_removed
"[{""type"":""Tensor"",""shape"":[4096,128],""dtype"":""float16"",""device"":""cuda:0"",""requires_grad"":false},0,0,624]",input1_layer28,48,{},slice.Tensor,"aten::slice.Tensor(Tensor(a) self, int dim=0, SymInt? start=None, SymInt? end=None, SymInt step=1) -> Tensor(a)","{""type"":""Tensor"",""shape"":[624,128],""dtype"":""float16"",""device"":""cuda:0"",""requires_grad"":false}",0,48,deep_removed
"[{""type"":""Tensor"",""shape"":[624,128],""dtype"":""float16"",""device"":""cuda:0"",""requires_grad"":false},""dtype""]",input1_layer28,48,{},to.dtype,"aten::to.dtype(Tensor(a) self, ScalarType dtype, bool non_blocking=False, bool copy=False, MemoryFormat? memory_format=None) -> Tensor(a)","{""type"":""Tensor"",""shape"":[624,128],""dtype"":""float16"",""device"":""cuda:0"",""requires_grad"":false}",0,48,deep_removed
"[{""type"":""Tensor"",""shape"":[624,128],""dtype"":""float16"",""device"":""cuda:0"",""requires_grad"":false},[{""type"":""Tensor"",""shape"":[1,48],""dtype"":""int64"",""device"":""cuda:0"",""requires_grad"":false}]]",input1_layer28,48,{},index.Tensor,"aten::index.Tensor(Tensor self, Tensor?[] indices) -> Tensor","{""type"":""Tensor"",""shape"":[1,48,128],""dtype"":""float16"",""device"":""cuda:0"",""requires_grad"":false}",0,48,deep_removed
"[{""type"":""Tensor"",""shape"":[1,48,128],""dtype"":""float16"",""device"":""cuda:0"",""requires_grad"":false},1]",input1_layer28,48,{},unsqueeze.default,"aten::unsqueeze(Tensor(a) self, int dim) -> Tensor(a)","{""type"":""Tensor"",""shape"":[1,1,48,128],""dtype"":""float16"",""device"":""cuda:0"",""requires_grad"":false}",0,48,deep_removed
"[{""type"":""Tensor"",""shape"":[624,128],""dtype"":""float16"",""device"":""cuda:0"",""requires_grad"":false},[{""type"":""Tensor"",""shape"":[1,48],""dtype"":""int64"",""device"":""cuda:0"",""requires_grad"":false}]]",input1_layer28,48,{},index.Tensor,"aten::index.Tensor(Tensor self, Tensor?[] indices) -> Tensor","{""type"":""Tensor"",""shape"":[1,48,128],""dtype"":""float16"",""device"":""cuda:0"",""requires_grad"":false}",0,48,deep_removed
"[{""type"":""Tensor"",""shape"":[1,48,128],""dtype"":""float16"",""device"":""cuda:0"",""requires_grad"":false},1]",input1_layer28,48,{},unsqueeze.default,"aten::unsqueeze(Tensor(a) self, int dim) -> Tensor(a)","{""type"":""Tensor"",""shape"":[1,1,48,128],""dtype"":""float16"",""device"":""cuda:0"",""requires_grad"":false}",0,48,deep_removed
"[{""type"":""Tensor"",""shape"":[1,32,48,128],""dtype"":""float16"",""device"":""cuda:0"",""requires_grad"":false},{""type"":""Tensor"",""shape"":[1,1,48,128],""dtype"":""float16"",""device"":""cuda:0"",""requires_grad"":false}]",input1_layer28,48,{},mul.Tensor,"aten::mul.Tensor(Tensor self, Tensor other) -> Tensor","{""type"":""Tensor"",""shape"":[1,32,48,128],""dtype"":""float16"",""device"":""cuda:0"",""requires_grad"":false}",0,48,deep_removed
"[{""type"":""Tensor"",""shape"":[1,32,48,128],""dtype"":""float16"",""device"":""cuda:0"",""requires_grad"":false},3,0,64]",input1_layer28,48,{},slice.Tensor,"aten::slice.Tensor(Tensor(a) self, int dim=0, SymInt? start=None, SymInt? end=None, SymInt step=1) -> Tensor(a)","{""type"":""Tensor"",""shape"":[1,32,48,64],""dtype"":""float16"",""device"":""cuda:0"",""requires_grad"":false}",0,48,deep_removed
"[{""type"":""Tensor"",""shape"":[1,32,48,128],""dtype"":""float16"",""device"":""cuda:0"",""requires_grad"":false},3,64,9223372036854775807]",input1_layer28,48,{},slice.Tensor,"aten::slice.Tensor(Tensor(a) self, int dim=0, SymInt? start=None, SymInt? end=None, SymInt step=1) -> Tensor(a)","{""type"":""Tensor"",""shape"":[1,32,48,64],""dtype"":""float16"",""device"":""cuda:0"",""requires_grad"":false}",0,48,deep_removed
"[{""type"":""Tensor"",""shape"":[1,32,48,64],""dtype"":""float16"",""device"":""cuda:0"",""requires_grad"":false}]",input1_layer28,48,{},neg.default,aten::neg(Tensor self) -> Tensor,"{""type"":""Tensor"",""shape"":[1,32,48,64],""dtype"":""float16"",""device"":""cuda:0"",""requires_grad"":false}",0,48,deep_removed
"[[{""type"":""Tensor"",""shape"":[1,32,48,64],""dtype"":""float16"",""device"":""cuda:0"",""requires_grad"":false},{""type"":""Tensor"",""shape"":[1,32,48,64],""dtype"":""float16"",""device"":""cuda:0"",""requires_grad"":false}],-1]",input1_layer28,48,{},cat.default,"aten::cat(Tensor[] tensors, int dim=0) -> Tensor","{""type"":""Tensor"",""shape"":[1,32,48,128],""dtype"":""float16"",""device"":""cuda:0"",""requires_grad"":false}",0,48,deep_removed
"[{""type"":""Tensor"",""shape"":[1,32,48,128],""dtype"":""float16"",""device"":""cuda:0"",""requires_grad"":false},{""type"":""Tensor"",""shape"":[1,1,48,128],""dtype"":""float16"",""device"":""cuda:0"",""requires_grad"":false}]",input1_layer28,48,{},mul.Tensor,"aten::mul.Tensor(Tensor self, Tensor other) -> Tensor","{""type"":""Tensor"",""shape"":[1,32,48,128],""dtype"":""float16"",""device"":""cuda:0"",""requires_grad"":false}",0,48,deep_removed
"[{""type"":""Tensor"",""shape"":[1,32,48,128],""dtype"":""float16"",""device"":""cuda:0"",""requires_grad"":false},{""type"":""Tensor"",""shape"":[1,32,48,128],""dtype"":""float16"",""device"":""cuda:0"",""requires_grad"":false}]",input1_layer28,48,{},add.Tensor,"aten::add.Tensor(Tensor self, Tensor other, *, Scalar alpha=1) -> Tensor","{""type"":""Tensor"",""shape"":[1,32,48,128],""dtype"":""float16"",""device"":""cuda:0"",""requires_grad"":false}",0,48,deep_removed
"[{""type"":""Tensor"",""shape"":[1,32,48,128],""dtype"":""float16"",""device"":""cuda:0"",""requires_grad"":false},{""type"":""Tensor"",""shape"":[1,1,48,128],""dtype"":""float16"",""device"":""cuda:0"",""requires_grad"":false}]",input1_layer28,48,{},mul.Tensor,"aten::mul.Tensor(Tensor self, Tensor other) -> Tensor","{""type"":""Tensor"",""shape"":[1,32,48,128],""dtype"":""float16"",""device"":""cuda:0"",""requires_grad"":false}",0,48,deep_removed
"[{""type"":""Tensor"",""shape"":[1,32,48,128],""dtype"":""float16"",""device"":""cuda:0"",""requires_grad"":false},3,0,64]",input1_layer28,48,{},slice.Tensor,"aten::slice.Tensor(Tensor(a) self, int dim=0, SymInt? start=None, SymInt? end=None, SymInt step=1) -> Tensor(a)","{""type"":""Tensor"",""shape"":[1,32,48,64],""dtype"":""float16"",""device"":""cuda:0"",""requires_grad"":false}",0,48,deep_removed
"[{""type"":""Tensor"",""shape"":[1,32,48,128],""dtype"":""float16"",""device"":""cuda:0"",""requires_grad"":false},3,64,9223372036854775807]",input1_layer28,48,{},slice.Tensor,"aten::slice.Tensor(Tensor(a) self, int dim=0, SymInt? start=None, SymInt? end=None, SymInt step=1) -> Tensor(a)","{""type"":""Tensor"",""shape"":[1,32,48,64],""dtype"":""float16"",""device"":""cuda:0"",""requires_grad"":false}",0,48,deep_removed
"[{""type"":""Tensor"",""shape"":[1,32,48,64],""dtype"":""float16"",""device"":""cuda:0"",""requires_grad"":false}]",input1_layer28,48,{},neg.default,aten::neg(Tensor self) -> Tensor,"{""type"":""Tensor"",""shape"":[1,32,48,64],""dtype"":""float16"",""device"":""cuda:0"",""requires_grad"":false}",0,48,deep_removed
"[[{""type"":""Tensor"",""shape"":[1,32,48,64],""dtype"":""float16"",""device"":""cuda:0"",""requires_grad"":false},{""type"":""Tensor"",""shape"":[1,32,48,64],""dtype"":""float16"",""device"":""cuda:0"",""requires_grad"":false}],-1]",input1_layer28,48,{},cat.default,"aten::cat(Tensor[] tensors, int dim=0) -> Tensor","{""type"":""Tensor"",""shape"":[1,32,48,128],""dtype"":""float16"",""device"":""cuda:0"",""requires_grad"":false}",0,48,deep_removed
"[{""type"":""Tensor"",""shape"":[1,32,48,128],""dtype"":""float16"",""device"":""cuda:0"",""requires_grad"":false},{""type"":""Tensor"",""shape"":[1,1,48,128],""dtype"":""float16"",""device"":""cuda:0"",""requires_grad"":false}]",input1_layer28,48,{},mul.Tensor,"aten::mul.Tensor(Tensor self, Tensor other) -> Tensor","{""type"":""Tensor"",""shape"":[1,32,48,128],""dtype"":""float16"",""device"":""cuda:0"",""requires_grad"":false}",0,48,deep_removed
"[{""type"":""Tensor"",""shape"":[1,32,48,128],""dtype"":""float16"",""device"":""cuda:0"",""requires_grad"":false},{""type"":""Tensor"",""shape"":[1,32,48,128],""dtype"":""float16"",""device"":""cuda:0"",""requires_grad"":false}]",input1_layer28,48,{},add.Tensor,"aten::add.Tensor(Tensor self, Tensor other, *, Scalar alpha=1) -> Tensor","{""type"":""Tensor"",""shape"":[1,32,48,128],""dtype"":""float16"",""device"":""cuda:0"",""requires_grad"":false}",0,48,deep_removed
"[{""type"":""Tensor"",""shape"":[1,32,48,128],""dtype"":""float16"",""device"":""cuda:0"",""requires_grad"":false},2,3]",input1_layer28,48,{},transpose.int,"aten::transpose.int(Tensor(a) self, int dim0, int dim1) -> Tensor(a)","{""type"":""Tensor"",""shape"":[1,32,128,48],""dtype"":""float16"",""device"":""cuda:0"",""requires_grad"":false}",0,48,deep_removed
"[{""type"":""Tensor"",""shape"":[1,32,48,128],""dtype"":""float16"",""device"":""cuda:0"",""requires_grad"":false},{""type"":""Tensor"",""shape"":[1,32,128,48],""dtype"":""float16"",""device"":""cuda:0"",""requires_grad"":false}]",input1_layer28,48,{},matmul.default,"aten::matmul(Tensor self, Tensor other) -> Tensor","{""type"":""Tensor"",""shape"":[1,32,48,48],""dtype"":""float16"",""device"":""cuda:0"",""requires_grad"":false}",0,48,deep_removed
"[{""type"":""Tensor"",""shape"":[1,32,48,48],""dtype"":""float16"",""device"":""cuda:0"",""requires_grad"":false},11.313708498984761]",input1_layer28,48,{},div.Tensor,"aten::div.Tensor(Tensor self, Tensor other) -> Tensor","{""type"":""Tensor"",""shape"":[1,32,48,48],""dtype"":""float16"",""device"":""cuda:0"",""requires_grad"":false}",0,48,deep_removed
"[{""type"":""Tensor"",""shape"":[1,32,48,48],""dtype"":""float16"",""device"":""cuda:0"",""requires_grad"":false},{""type"":""Tensor"",""shape"":[1,1,48,48],""dtype"":""float16"",""device"":""cuda:0"",""requires_grad"":false}]",input1_layer28,48,{},add.Tensor,"aten::add.Tensor(Tensor self, Tensor other, *, Scalar alpha=1) -> Tensor","{""type"":""Tensor"",""shape"":[1,32,48,48],""dtype"":""float16"",""device"":""cuda:0"",""requires_grad"":false}",0,48,deep_removed
"[{""type"":""Tensor"",""shape"":[1,32,48,48],""dtype"":""float16"",""device"":""cuda:0"",""requires_grad"":false},-1,""dtype""]",input1_layer28,48,{},softmax.int,"aten::softmax.int(Tensor self, int dim, ScalarType? dtype=None) -> Tensor","{""type"":""Tensor"",""shape"":[1,32,48,48],""dtype"":""float32"",""device"":""cuda:0"",""requires_grad"":false}",0,48,deep_removed
"[{""type"":""Tensor"",""shape"":[1,32,48,48],""dtype"":""float32"",""device"":""cuda:0"",""requires_grad"":false},""dtype""]",input1_layer28,48,{},to.dtype,"aten::to.dtype(Tensor(a) self, ScalarType dtype, bool non_blocking=False, bool copy=False, MemoryFormat? memory_format=None) -> Tensor(a)","{""type"":""Tensor"",""shape"":[1,32,48,48],""dtype"":""float16"",""device"":""cuda:0"",""requires_grad"":false}",0,48,deep_removed
"[{""type"":""Tensor"",""shape"":[1,32,48,48],""dtype"":""float16"",""device"":""cuda:0"",""requires_grad"":false},0.0,false]",input1_layer28,48,{},dropout.default,"aten::dropout(Tensor input, float p, bool train) -> Tensor","{""type"":""Tensor"",""shape"":[1,32,48,48],""dtype"":""float16"",""device"":""cuda:0"",""requires_grad"":false}",0,48,deep_removed
"[{""type"":""Tensor"",""shape"":[1,32,48,48],""dtype"":""float16"",""device"":""cuda:0"",""requires_grad"":false},{""type"":""Tensor"",""shape"":[1,32,48,128],""dtype"":""float16"",""device"":""cuda:0"",""requires_grad"":false}]",input1_layer28,48,{},matmul.default,"aten::matmul(Tensor self, Tensor other) -> Tensor","{""type"":""Tensor"",""shape"":[1,32,48,128],""dtype"":""float16"",""device"":""cuda:0"",""requires_grad"":false}",0,48,deep_removed
"[{""type"":""Tensor"",""shape"":[1,32,48,128],""dtype"":""float16"",""device"":""cuda:0"",""requires_grad"":false},1,2]",input1_layer28,48,{},transpose.int,"aten::transpose.int(Tensor(a) self, int dim0, int dim1) -> Tensor(a)","{""type"":""Tensor"",""shape"":[1,48,32,128],""dtype"":""float16"",""device"":""cuda:0"",""requires_grad"":false}",0,48,deep_removed
"[{""type"":""Tensor"",""shape"":[1,48,32,128],""dtype"":""float16"",""device"":""cuda:0"",""requires_grad"":false}]",input1_layer28,48,{},contiguous.default,"aten::contiguous(Tensor(a) self, *, MemoryFormat memory_format=0) -> Tensor(a)","{""type"":""Tensor"",""shape"":[1,48,32,128],""dtype"":""float16"",""device"":""cuda:0"",""requires_grad"":false}",0,48,deep_removed
"[{""type"":""Tensor"",""shape"":[1,48,32,128],""dtype"":""float16"",""device"":""cuda:0"",""requires_grad"":false},[1,48,4096]]",input1_layer28,48,{},reshape.default,"aten::reshape(Tensor(a) self, SymInt[] shape) -> Tensor(a)","{""type"":""Tensor"",""shape"":[1,48,4096],""dtype"":""float16"",""device"":""cuda:0"",""requires_grad"":false}",0,48,deep_removed
"[{""type"":""Tensor"",""shape"":[],""dtype"":""int64"",""device"":""cuda:0"",""requires_grad"":false},0]",input1_layer28,48,{},gt.Scalar,"aten::gt.Scalar(Tensor self, Scalar other) -> Tensor","{""type"":""Tensor"",""shape"":[],""dtype"":""bool"",""device"":""cuda:0"",""requires_grad"":false}",0,48,deep_removed
"[{""type"":""Tensor"",""shape"":[],""dtype"":""bool"",""device"":""cuda:0"",""requires_grad"":false}]",input1_layer28,48,{},is_nonzero.default,aten::is_nonzero(Tensor self) -> bool,true,0,48,deep_removed
"[{""type"":""Tensor"",""shape"":[1,48],""dtype"":""int64"",""device"":""cuda:0"",""requires_grad"":false},0,0]",input1_layer28,48,{},select.int,"aten::select.int(Tensor(a) self, int dim, SymInt index) -> Tensor(a)","{""type"":""Tensor"",""shape"":[48],""dtype"":""int64"",""device"":""cuda:0"",""requires_grad"":false}",0,48,deep_removed
"[{""type"":""Tensor"",""shape"":[48],""dtype"":""int64"",""device"":""cuda:0"",""requires_grad"":false},0,-1]",input1_layer28,48,{},select.int,"aten::select.int(Tensor(a) self, int dim, SymInt index) -> Tensor(a)","{""type"":""Tensor"",""shape"":[],""dtype"":""int64"",""device"":""cuda:0"",""requires_grad"":false}",0,48,deep_removed
"[{""type"":""Tensor"",""shape"":[],""dtype"":""int64"",""device"":""cuda:0"",""requires_grad"":false},1]",input1_layer28,48,{},add.Tensor,"aten::add.Tensor(Tensor self, Tensor other, *, Scalar alpha=1) -> Tensor","{""type"":""Tensor"",""shape"":[],""dtype"":""int64"",""device"":""cuda:0"",""requires_grad"":false}",0,48,deep_removed
"[{""type"":""Tensor"",""shape"":[],""dtype"":""int64"",""device"":""cuda:0"",""requires_grad"":false},576]",input1_layer28,48,{},mul.Tensor,"aten::mul.Tensor(Tensor self, Tensor other) -> Tensor","{""type"":""Tensor"",""shape"":[],""dtype"":""int64"",""device"":""cuda:0"",""requires_grad"":false}",0,48,deep_removed
"[{""type"":""Tensor"",""shape"":[],""dtype"":""int64"",""device"":""cuda:0"",""requires_grad"":false},{""type"":""Tensor"",""shape"":[],""dtype"":""int64"",""device"":""cuda:0"",""requires_grad"":false}]",input1_layer28,48,{},sub.Tensor,"aten::sub.Tensor(Tensor self, Tensor other, *, Scalar alpha=1) -> Tensor","{""type"":""Tensor"",""shape"":[],""dtype"":""int64"",""device"":""cuda:0"",""requires_grad"":false}",0,48,deep_removed
"[{""type"":""Tensor"",""shape"":[],""dtype"":""int64"",""device"":""cuda:0"",""requires_grad"":false},10]",input1_layer28,48,{},add.Tensor,"aten::add.Tensor(Tensor self, Tensor other, *, Scalar alpha=1) -> Tensor","{""type"":""Tensor"",""shape"":[],""dtype"":""int64"",""device"":""cuda:0"",""requires_grad"":false}",0,48,deep_removed
"[{""type"":""Tensor"",""shape"":[],""dtype"":""int64"",""device"":""cuda:0"",""requires_grad"":false},48]",input1_layer28,48,{},eq.Scalar,"aten::eq.Scalar(Tensor self, Scalar other) -> Tensor","{""type"":""Tensor"",""shape"":[],""dtype"":""bool"",""device"":""cuda:0"",""requires_grad"":false}",0,48,deep_removed
"[{""type"":""Tensor"",""shape"":[],""dtype"":""bool"",""device"":""cuda:0"",""requires_grad"":false}]",input1_layer28,48,{},is_nonzero.default,aten::is_nonzero(Tensor self) -> bool,false,0,48,deep_removed
"[{""type"":""Tensor"",""shape"":[1,48,4096],""dtype"":""float16"",""device"":""cuda:0"",""requires_grad"":false},{""type"":""Tensor"",""shape"":[4096,4096],""dtype"":""float16"",""device"":""cuda:0"",""requires_grad"":true}]",input1_layer28,48,{},linear.default,"aten::linear(Tensor input, Tensor weight, Tensor? bias=None) -> Tensor","{""type"":""Tensor"",""shape"":[1,48,4096],""dtype"":""float16"",""device"":""cuda:0"",""requires_grad"":false}",0,48,deep_removed
"[{""type"":""Tensor"",""shape"":[1,48,4096],""dtype"":""float16"",""device"":""cuda:0"",""requires_grad"":false},{""type"":""Tensor"",""shape"":[1,48,4096],""dtype"":""float16"",""device"":""cuda:0"",""requires_grad"":false}]",input1_layer28,48,{},add.Tensor,"aten::add.Tensor(Tensor self, Tensor other, *, Scalar alpha=1) -> Tensor","{""type"":""Tensor"",""shape"":[1,48,4096],""dtype"":""float16"",""device"":""cuda:0"",""requires_grad"":false}",0,48,deep_removed
"[{""type"":""Tensor"",""shape"":[1,48,4096],""dtype"":""float16"",""device"":""cuda:0"",""requires_grad"":false},""dtype""]",input1_layer28,48,{},to.dtype,"aten::to.dtype(Tensor(a) self, ScalarType dtype, bool non_blocking=False, bool copy=False, MemoryFormat? memory_format=None) -> Tensor(a)","{""type"":""Tensor"",""shape"":[1,48,4096],""dtype"":""float32"",""device"":""cuda:0"",""requires_grad"":false}",0,48,deep_removed
"[{""type"":""Tensor"",""shape"":[1,48,4096],""dtype"":""float32"",""device"":""cuda:0"",""requires_grad"":false},2]",input1_layer28,48,{},pow.Tensor_Scalar,"aten::pow.Tensor_Scalar(Tensor self, Scalar exponent) -> Tensor","{""type"":""Tensor"",""shape"":[1,48,4096],""dtype"":""float32"",""device"":""cuda:0"",""requires_grad"":false}",0,48,deep_removed
"[{""type"":""Tensor"",""shape"":[1,48,4096],""dtype"":""float32"",""device"":""cuda:0"",""requires_grad"":false},[-1],true]",input1_layer28,48,{},mean.dim,"aten::mean.dim(Tensor self, int[1]? dim, bool keepdim=False, *, ScalarType? dtype=None) -> Tensor","{""type"":""Tensor"",""shape"":[1,48,1],""dtype"":""float32"",""device"":""cuda:0"",""requires_grad"":false}",0,48,deep_removed
"[{""type"":""Tensor"",""shape"":[1,48,1],""dtype"":""float32"",""device"":""cuda:0"",""requires_grad"":false},1e-05]",input1_layer28,48,{},add.Tensor,"aten::add.Tensor(Tensor self, Tensor other, *, Scalar alpha=1) -> Tensor","{""type"":""Tensor"",""shape"":[1,48,1],""dtype"":""float32"",""device"":""cuda:0"",""requires_grad"":false}",0,48,deep_removed
"[{""type"":""Tensor"",""shape"":[1,48,1],""dtype"":""float32"",""device"":""cuda:0"",""requires_grad"":false}]",input1_layer28,48,{},rsqrt.default,aten::rsqrt(Tensor self) -> Tensor,"{""type"":""Tensor"",""shape"":[1,48,1],""dtype"":""float32"",""device"":""cuda:0"",""requires_grad"":false}",0,48,deep_removed
"[{""type"":""Tensor"",""shape"":[1,48,4096],""dtype"":""float32"",""device"":""cuda:0"",""requires_grad"":false},{""type"":""Tensor"",""shape"":[1,48,1],""dtype"":""float32"",""device"":""cuda:0"",""requires_grad"":false}]",input1_layer28,48,{},mul.Tensor,"aten::mul.Tensor(Tensor self, Tensor other) -> Tensor","{""type"":""Tensor"",""shape"":[1,48,4096],""dtype"":""float32"",""device"":""cuda:0"",""requires_grad"":false}",0,48,deep_removed
"[{""type"":""Tensor"",""shape"":[1,48,4096],""dtype"":""float32"",""device"":""cuda:0"",""requires_grad"":false},""dtype""]",input1_layer28,48,{},to.dtype,"aten::to.dtype(Tensor(a) self, ScalarType dtype, bool non_blocking=False, bool copy=False, MemoryFormat? memory_format=None) -> Tensor(a)","{""type"":""Tensor"",""shape"":[1,48,4096],""dtype"":""float16"",""device"":""cuda:0"",""requires_grad"":false}",0,48,deep_removed
"[{""type"":""Tensor"",""shape"":[4096],""dtype"":""float16"",""device"":""cuda:0"",""requires_grad"":true},{""type"":""Tensor"",""shape"":[1,48,4096],""dtype"":""float16"",""device"":""cuda:0"",""requires_grad"":false}]",input1_layer28,48,{},mul.Tensor,"aten::mul.Tensor(Tensor self, Tensor other) -> Tensor","{""type"":""Tensor"",""shape"":[1,48,4096],""dtype"":""float16"",""device"":""cuda:0"",""requires_grad"":false}",0,48,deep_removed
"[{""type"":""Tensor"",""shape"":[1,48,4096],""dtype"":""float16"",""device"":""cuda:0"",""requires_grad"":false},{""type"":""Tensor"",""shape"":[11008,4096],""dtype"":""float16"",""device"":""cuda:0"",""requires_grad"":true}]",input1_layer28,48,{},linear.default,"aten::linear(Tensor input, Tensor weight, Tensor? bias=None) -> Tensor","{""type"":""Tensor"",""shape"":[1,48,11008],""dtype"":""float16"",""device"":""cuda:0"",""requires_grad"":false}",0,48,deep_removed
"[{""type"":""Tensor"",""shape"":[1,48,11008],""dtype"":""float16"",""device"":""cuda:0"",""requires_grad"":false}]",input1_layer28,48,{},silu.default,aten::silu(Tensor self) -> Tensor,"{""type"":""Tensor"",""shape"":[1,48,11008],""dtype"":""float16"",""device"":""cuda:0"",""requires_grad"":false}",0,48,deep_removed
"[{""type"":""Tensor"",""shape"":[1,48,4096],""dtype"":""float16"",""device"":""cuda:0"",""requires_grad"":false},{""type"":""Tensor"",""shape"":[11008,4096],""dtype"":""float16"",""device"":""cuda:0"",""requires_grad"":true}]",input1_layer28,48,{},linear.default,"aten::linear(Tensor input, Tensor weight, Tensor? bias=None) -> Tensor","{""type"":""Tensor"",""shape"":[1,48,11008],""dtype"":""float16"",""device"":""cuda:0"",""requires_grad"":false}",0,48,deep_removed
"[{""type"":""Tensor"",""shape"":[1,48,11008],""dtype"":""float16"",""device"":""cuda:0"",""requires_grad"":false},{""type"":""Tensor"",""shape"":[1,48,11008],""dtype"":""float16"",""device"":""cuda:0"",""requires_grad"":false}]",input1_layer28,48,{},mul.Tensor,"aten::mul.Tensor(Tensor self, Tensor other) -> Tensor","{""type"":""Tensor"",""shape"":[1,48,11008],""dtype"":""float16"",""device"":""cuda:0"",""requires_grad"":false}",0,48,deep_removed
"[{""type"":""Tensor"",""shape"":[1,48,11008],""dtype"":""float16"",""device"":""cuda:0"",""requires_grad"":false},{""type"":""Tensor"",""shape"":[4096,11008],""dtype"":""float16"",""device"":""cuda:0"",""requires_grad"":true}]",input1_layer28,48,{},linear.default,"aten::linear(Tensor input, Tensor weight, Tensor? bias=None) -> Tensor","{""type"":""Tensor"",""shape"":[1,48,4096],""dtype"":""float16"",""device"":""cuda:0"",""requires_grad"":false}",0,48,deep_removed
"[{""type"":""Tensor"",""shape"":[1,48,4096],""dtype"":""float16"",""device"":""cuda:0"",""requires_grad"":false},{""type"":""Tensor"",""shape"":[1,48,4096],""dtype"":""float16"",""device"":""cuda:0"",""requires_grad"":false}]",input1_layer28,48,{},add.Tensor,"aten::add.Tensor(Tensor self, Tensor other, *, Scalar alpha=1) -> Tensor","{""type"":""Tensor"",""shape"":[1,48,4096],""dtype"":""float16"",""device"":""cuda:0"",""requires_grad"":false}",0,48,deep_removed
